TeamName,eFG%,eFG% Def,FTR,FTR Def,OR%,DR%,TO%,TO% Def.,3P%,3pD%,2p%,2p%D,ft%,ft%D,3P rate,3P rate D,arate,arateD
Weber St.,53.5,52.3,37.8,26.9,20,24.9,16.3,20.2,34.6,38.1,54.5,49.2,75.4,72.8,38.5,38.8,40.4,50.7
Cal St. Bakersfield,44.4,51.4,29.5,48,32,26.1,18,20.1,28.3,35.2,44.9,50.5,71.3,75.1,22.9,41,39.7,52.4
Florida A&M,46.1,48.2,29.8,38.9,25.7,34.4,18.7,18.5,29.7,34.3,46.6,46.4,70.6,67.2,26.5,35.3,49.2,52
UC Davis,48.6,47.3,29.4,36.9,26.2,28.9,17.9,19.2,32.3,33.9,48.7,45.4,71.6,70.5,31.5,34.3,43.9,47.5
Pacific,46.2,54.9,32.3,28.1,22.6,22.6,17.4,18.7,31.4,39.2,45.8,52.1,68.3,76.9,33.2,42.5,49.2,49.1
South Dakota,52,52.7,34.1,34.2,26.5,22.4,15.1,15.5,37.3,36.2,50,51.7,75.4,72.2,33.3,37.2,43.6,38.5
Texas Southern,48.6,44.8,33.6,34.1,33.5,27.8,21.3,17.2,31.7,29.8,49.1,44.9,67.5,65,31.1,35.7,42.2,47.6
New Mexico St.,52.2,45.5,35.4,27.8,33.3,26.2,20.7,16.9,33,30,54.1,45.8,69.5,74.2,41.1,42.6,53.6,48.2
Bradley,51.1,46.9,27.3,30.2,31.9,23.5,19.9,18.2,34.1,32.2,51.1,46.1,68.5,74.4,39.5,37.9,52.2,43.9
North Dakota St.,51.8,47.6,33.4,25.5,24.8,23.1,17,12.7,35.3,32.5,51.1,47,76,74.8,36.9,32.2,41.2,38.4
Houston,53.6,43.5,28.7,35.1,37.8,27.3,17.1,21.7,34.1,29,55.1,43.5,66.9,70.5,39.1,42.9,59.5,55.4
Kentucky,53.3,46.5,27.2,25.1,37.8,24.9,16.6,17.4,34.9,30.3,53.7,47.2,73,71.5,28.1,36,53,46.2
Nicholls St.,52.5,48.5,21.9,36.3,30,30.7,17.3,19.6,32.4,33.9,54.8,47,62.4,71.3,37.5,37.4,42.5,54.2
North Carolina A&T,46.6,51,28.2,37.8,29.2,30.8,18.1,19.9,31.5,34.8,46.3,50.1,66,69.9,33.9,40.8,47.8,58.6
Samford,51.8,52.1,28.9,32,30.1,29,19.3,17.8,33.1,34.4,53.4,52.6,72.8,70.6,43.2,47.1,46.8,60.2
UTEP,49,49.9,28.4,38.2,22.5,30.1,17,20.9,35,33.5,46.9,49.8,76.3,64.7,37.6,32.4,48.5,50.1
Illinois Chicago,51.1,51.6,22.9,34.2,25,27.2,17.2,16.8,32.4,37.4,53.3,50,70.8,72.3,46.1,27.4,54.2,43.5
Gonzaga,59.4,43.2,29.7,22.2,29,23,15.9,17,37.9,30.7,60.9,41.6,73.1,69.5,35.4,33.9,55,40.6
Old Dominion,46.9,49.7,34.3,29.4,32.3,27.3,18.4,17.1,29,34.2,48.1,48.4,67.2,67.8,26.2,45,49.7,54.9
Bowling Green,48.6,53.5,31.9,30.8,29.9,30.7,16.5,17.3,33.1,36,48,53.1,74.2,74.7,36.9,42.9,43.5,50.5
Alabama A&M,41.3,46.3,33.5,28.6,28.7,31,19.6,19.6,27.1,32,41.5,45.2,71.3,68.4,24.9,38.9,43.4,56.4
Drexel,52,50.4,25.4,26.1,25.6,26.1,16.4,16.2,34.7,33.4,52,50.6,71.1,70,35,32.1,44.7,41.3
Cal Baptist,50.3,48.1,37.4,33.3,27.9,27.8,20.5,17.3,33.4,32.5,50.4,47.8,67.7,68.7,42.9,33,63.9,51.5
South Alabama,51.7,47.3,31,30.7,26.7,31.5,19.4,20.8,34.2,32.1,51.9,46.7,71.2,71.1,34.7,38.4,44.4,54.8
Illinois St.,51.8,51,31.3,31.9,28.5,29.8,19.5,17.2,36.9,34.5,49.7,50.5,75,75.3,36.8,37.4,46.1,49.9
Marshall,49.4,52,24.3,28.3,27.3,28.1,18.1,17.8,30.1,35.3,52.1,51.6,70.9,78.1,39.1,34.2,50.2,46.1
Purdue,57,49.6,36.3,21.4,35.2,23.6,17.3,14.1,39.1,33.5,55.9,49.2,70.3,72,39.1,41,58.9,53.1
Wright St.,52,51.2,31.1,26,31.3,30,17.9,18.4,33,33.7,53.2,51.6,76.6,71.3,32.5,34.2,50.3,41
Fresno St.,50,47.9,30.7,27.2,27.4,22.4,18.1,19.4,32.6,32.6,50.6,47.1,72.8,68.1,38.5,41.8,50.5,50.8
Cal St. Northridge,44.4,51.9,29.6,36.5,26.8,33,18.5,19.9,30.2,33.2,44,53.1,68.5,75.9,29.6,37.9,39.5,57.3
UC Santa Barbara,53.5,48.1,37.2,30.4,28.4,27.2,19.3,19.5,33.4,32,55,48.2,70.5,74,30,32.6,57,51
Northern Colorado,56,52.9,31.6,31.3,21.3,24.5,16.9,14.4,38,37.9,55.2,50.9,71.9,73.4,45.5,33.8,43.8,40.7
Detroit,52.6,54.4,22.8,30.5,27.9,29.7,17.9,19,36.9,35.3,50.1,55.4,77.9,71.6,48.9,41.4,47.5,57.8
Indiana,51,45.7,33.5,30.8,27.3,24.9,17.2,17.7,33.5,32.6,51.4,43.6,69.6,75.8,31.5,40.2,56.8,47.5
Pepperdine,47.5,52.7,23.9,31.5,26.3,31,20.4,18,34.1,32.9,45.6,54.6,71.3,71.7,34.8,36.5,57.8,54.2
VCU,51.5,44.3,30.3,37.3,26.6,32.2,21.8,24.9,34.7,27.8,51.2,45.6,69.6,70.3,29.7,35.5,56.2,53.6
Arizona,55.9,44.4,35.1,22.8,34.5,28.3,18,17.7,35.4,32.7,57.5,41.9,73.8,67,35.7,34.5,65.4,46.8
UC Irvine,47.6,44.1,29.7,31.2,29.9,27.6,20.6,17.2,32.1,26.6,47.4,46,78,74.9,28.6,32.1,43.8,48
Manhattan,48.3,52.2,41.4,34.7,30,30.9,20.5,19.9,29.9,33.9,50,52.9,73.6,71.1,32.9,33.3,46.4,55.6
Dartmouth,48.2,50.8,24.5,28.4,23.6,26.6,17.4,19,33.4,34.2,46.6,50.5,77.6,71.3,45,37.1,42.9,42.2
Davidson,55.6,49.4,32.9,28,23.6,22.2,14.8,16.9,38.4,33.8,54.2,48.4,75.7,74.1,41.1,43.8,55,51.9
Northeastern,50.1,51.7,30.6,25.6,26.3,23.7,21.2,15.7,32,34.3,51.6,51.9,73.4,75.6,40.5,36.9,49.6,46.1
South Dakota St.,59.7,51.5,35.2,21.3,24,24.2,15.3,15.8,44.2,35.2,56.3,50.6,76,74.1,34.3,41.4,47.3,43.7
St. Bonaventure,50.4,50,26.5,22.9,27.3,27.2,15.8,19.2,32.5,34.1,51.2,49.1,75,71.7,31.4,44.6,52.3,58.9
Florida Gulf Coast,53.3,50.5,29.2,24,30.4,27.2,18.8,15.7,35.2,33.9,53.6,50.3,69,68,46.7,38.7,56,49.8
Texas Tech,52.4,45.5,36.1,32.1,33.3,26.1,20.3,23.6,31.4,31.3,55.1,44.3,69.9,68.3,34.4,45.6,52.3,53.8
Mount St. Mary's,48.6,48.6,26.3,26.2,31,29.1,20.1,18.9,33.9,33.9,47.6,47.4,68.5,74.6,30.4,33,53.3,45.8
Nevada,50.6,52.4,32,29.7,24.5,26.1,18.4,18.3,33,35.9,51.3,51.2,74.9,72.6,36.3,43.9,56.3,55.9
Oregon,51.4,49.6,29.8,29,29.6,30.7,17.1,19.3,33.8,32.5,51.8,50.1,67.8,70.6,35.6,37.5,44.6,50
Akron,52.8,49.3,40.1,26.2,29.1,26.3,17.7,17.6,35.6,34.7,52.4,47.8,69.2,70.3,41.7,35.3,48.8,40.3
Long Beach St.,49.2,51.6,37,27.9,27.4,27,18.2,20,35.7,35.5,47.2,50.7,72.3,74.3,31.4,39.1,49,52.2
San Diego,46.7,49.2,25.5,23.7,26.3,26.4,18.6,16,32.1,33.2,46.2,49,71.2,73.5,27.6,27.8,39.1,48.9
Southern Miss,46.9,54.1,26.7,28.1,23.7,28.4,19.7,15.9,31,37.4,47,52.6,68.7,71.5,29.9,42.7,50.2,56.9
Iowa,53.6,49.8,30.4,26.2,32.2,30.2,12.9,19.3,36.8,32.9,52.6,50,74.9,70.6,39.2,36.5,53.8,54.5
Baylor,52.9,47.8,28.5,26.9,36.3,28.4,18.2,22.9,34.6,29.9,53.5,49.5,69.8,70.1,37.7,35.9,56.1,55.5
Sam Houston St.,48.3,48.6,25,34.7,30.6,26.3,18.5,20.8,33.6,31.9,46.8,49.1,60.5,73.3,42.3,42.8,53.1,55.6
Bellarmine,53.3,54.4,22.1,30.2,22.4,30.5,15,17.7,34.2,35,54.8,56.1,74.8,70.5,41.9,47.1,52.4,52.4
Rhode Island,50.6,46.3,36.1,32.7,28.6,27.6,20.8,19.3,33.8,32.6,50.5,44.5,61.9,73.4,28.9,41.8,53.9,57.4
LIU Brooklyn,48.4,48.5,30.4,29.7,30.6,29.7,18.5,18.2,31,32,49.6,48.8,68.1,72.3,40,41.3,61.7,50.9
Brown,49.4,51.1,31.6,33.2,28.2,28.1,19.1,19.5,31.7,33.9,50.6,51.3,69.5,69.7,38.9,38.2,46.6,46.6
Texas St.,51,50.7,32.9,34.4,30.8,29.3,18.8,21.8,37.2,35.1,48.9,49.5,75.1,72.9,30.5,39.7,46.8,55.2
East Tennessee St.,51.8,53.1,21.7,26.1,30.6,31.1,17,16.6,35.1,34.2,51.1,54.7,70.4,71.2,42.2,46.7,48.3,55.8
Wagner,49.9,48.1,32.1,39.3,33.5,27.5,18,22.3,28.5,29.7,53,50.4,72.1,66.7,30.1,39.5,51.9,51.8
UMBC,52.6,52.8,31.1,19.7,21.9,28.8,16.2,16.6,38.3,35.2,48.9,52.7,78.2,65.6,42.6,36.6,49,46.2
West Virginia,46.8,50.6,36.1,34.1,30,33.6,18.2,22.5,32.8,32.4,45.7,51.7,72.4,71.2,33.7,36.9,44.4,53.2
Oregon St.,49.2,55,27.6,29.1,26.2,34,18.2,17.5,31.9,35.9,49.8,55.8,70.9,71.6,30.8,39.9,47.3,52.5
Northern Iowa,52.6,53.8,34.3,23.1,21.2,21.4,16.3,18.3,34.4,35.4,53.3,54.4,79.1,73.3,42.7,48.7,44,50.4
Kent St.,49.7,48.5,32.5,36,31,26.6,18.7,19.6,32.1,31.3,50.7,49.6,74.7,71.2,39.7,42.5,49.1,51.5
Wake Forest,56.2,47.3,32.7,28.5,27.1,26.2,18.9,17.4,35.1,32.5,58.8,46.5,72.9,70.1,42,36.3,53,49.2
Lafayette,50.6,53.7,20.9,25.8,22.4,30,16.4,17.2,32.8,38,51.9,51.8,68.3,69.1,45.6,36.2,64.5,52.1
Kennesaw St.,51.8,53.1,29.7,35.3,28.7,27.9,17.4,18.2,36.2,36.2,50.3,52.1,65.9,70.3,38,41.5,49.9,54.6
Nebraska Omaha,49.3,56.3,28.3,37.4,24.6,30,19.3,14.7,35.8,39.9,46.9,54,73.1,73.4,34.3,39,43.4,48.7
Portland,49.9,50.2,33.5,25.8,24,27.2,18.2,17.2,34.9,35.1,48.3,48.5,80.4,72.8,38.2,40.3,54.8,47.3
James Madison,51.1,53.3,30.6,27.5,25.9,31.5,17.7,20.6,34.2,33.7,50.9,55.7,70.5,74.5,35.5,46.8,45.6,59
Maine,46.9,54.9,20.4,32.8,24,30.4,19.3,18.3,31,38.6,47,53.3,70.5,72.4,38.6,35.2,55.6,49.3
Florida St.,49,52.2,30.3,30.4,31.7,31.1,18.1,21,33.1,36.9,48.7,50,70.8,71,34.1,42.3,55.3,55.1
Tennessee,50.3,46.2,29.6,31.6,32.8,27.4,18,22.9,35.8,31.2,48,45.8,71.2,70.6,40.7,39.4,62.3,51.3
Ohio St.,54.8,47.9,33.5,29.2,28.8,28.6,16.7,15.3,37.3,34,54,46.2,76,73.4,39.7,35.3,49,47.4
UNC Wilmington,47.4,50.6,33.4,34.1,28.6,31.9,15.4,20.2,32.3,36.4,46.8,48.7,72.4,67.4,36.9,31.4,42.2,40.7
Kansas,54.1,46.9,32.8,27.8,33.4,28.9,17.8,18.4,35.5,30.1,54.5,47.9,72.4,70.7,33.8,34.2,53.9,47.5
Drake,50.6,49.3,28.4,33.3,30.5,25.9,15.8,19.7,32.3,33,51.6,49.2,75.9,73.5,33.9,38.3,42.4,43.7
Santa Clara,54.5,48.5,27.6,21.2,23.4,26.2,16.2,16.5,37.8,34.8,53.5,46.7,76.2,76.2,32.1,32.6,52.5,49.6
Cal Poly,46.1,48.1,36.3,36.8,27.3,26.9,22.6,17,29.5,36.2,47.2,44.5,73.1,75.6,35.5,36.4,50.8,50.2
Coastal Carolina,49.8,45.6,32.2,25.8,33.3,29.4,20.7,17.2,35.7,28.9,47.7,47.5,69.1,71.1,35.9,46.6,49.8,55.7
UCLA,50.6,47.7,29.8,29.2,31.9,24.8,13.4,19.7,35.2,32.2,49.6,47.3,73.6,72.3,31.5,37.8,49.9,51.1
McNeese St.,48.6,52,37.5,40.2,33.2,28.9,22,17.7,30.6,34.7,49.9,52,65.4,72.8,33.4,34,42.3,51.1
Massachusetts,51.3,55.2,32.8,29.3,29.3,29.7,16.6,18,37.1,37.4,48,54.7,75.8,72.8,43.1,35.8,53.1,57.5
Incarnate Word,48.4,56.8,27.4,30,22.3,32.4,19.9,18,33.8,37.1,46.5,57.4,80.9,71.1,45,35.8,48.6,48.9
UC Riverside,50.7,47.1,26.9,28.2,22.4,22.4,18.4,16.1,32.3,30.2,52.2,47.8,72.9,72.3,40,29.7,53.6,48.4
Rutgers,49.5,48.3,26.9,28.8,29.3,27.1,17.3,18.2,33.6,34,49.1,46.5,70.1,73,31.4,40.2,58.7,52.9
Delaware,53.5,49.3,34.6,29.3,26.8,31.2,18.4,18.5,35,34.9,54.2,47.5,74.2,75.7,38.2,35.6,48.1,45
Tennessee Tech,49.2,51.5,24,24,30.9,30.5,18.9,18.1,32.9,32.4,49.2,53.4,66.1,73.4,32.4,40,55.4,62.4
Lamar,44.5,52.9,26.2,38.5,30,31.7,21.5,17.8,30.2,35.5,44.1,52.7,68.5,70.8,30.6,42.7,48.6,67.7
Sacramento St.,48.8,52.6,28.3,33.7,21.4,27.6,16.7,17.7,35.1,34.2,46.9,53.4,68.9,72.4,33.3,36.8,44.1,52.8
Little Rock,47.9,56.3,32.3,31,23.5,30.6,20.3,20,33.3,38.4,46.6,55.5,73.2,71.4,38.7,39.5,54.7,57.5
Duke,55.6,47,28.6,18.9,31.9,28.5,14.9,16.1,36.8,31.4,55.8,46.9,72.9,67.2,36.6,33.8,56.6,51.8
La Salle,47.8,50,25.1,31,29,27.4,19,16.7,32,35.9,47.6,47.8,68.7,70.7,39.9,36.7,53.8,56
Montana St.,54.1,48.6,40.5,36.2,26.7,23.3,18.5,18.3,37.2,32.8,53.2,48.2,74.8,75.8,36,35.9,47.3,38.8
Mississippi St.,49.6,49.6,38.1,28.3,34.1,25.7,19.5,19.4,29.5,31.9,51.7,50.9,72.1,72.6,28.1,41.7,52.9,57.9
Missouri St.,54.6,48.8,27.7,28,25.8,24,15.5,15.7,36.4,33.6,54.6,47.8,79.9,75.9,37.4,38.2,42.3,43.8
BYU,51.2,47.8,28.1,30.5,30.9,22.5,18.6,15.2,34.6,30.5,50.8,48.9,73.1,68.1,36.6,36.8,50.9,48.8
Stony Brook,50.3,52.6,27.7,23.8,27.4,29.7,15.5,17.4,34,33.6,49.9,54.1,75.2,68.4,40.1,40.5,41.6,50.8
Eastern Washington,52.7,50.3,33.1,30.9,25.4,25.9,18.3,15.7,35.9,33.8,51.9,50,75.7,75.9,42.6,41.4,58.5,47.2
Western Illinois,50.2,52.7,29.4,31.8,29.3,22.6,16.1,17.3,33.5,37.7,50.1,50.8,71.6,77.5,41.3,33,40.9,44.4
Western Kentucky,52.8,50.7,31.3,16.5,25.1,30.4,17.6,19.9,35.9,35.6,52.1,48.6,71.6,72.2,36.5,43.3,48.9,59.4
Iona,50.7,46.4,37.6,34.1,31.6,29.4,17.8,19,33.3,30.3,51.1,46.9,69.7,70.5,36.2,33,61.1,47.5
Arizona St.,47.1,46.3,21.2,32.3,24.9,30.3,17.3,19.6,30.7,31.1,47.7,46.1,66.1,72.1,37.2,41,53.4,57.4
Utah Valley,50.6,45.4,38.1,28.3,32,24.5,22.1,15.6,36.8,29,48.7,46.6,70.9,67.9,30,37.2,57.8,51.2
Portland St.,47.1,52.7,31.6,39.4,26.1,31.8,17,23.4,29.7,36.7,48.4,51.2,74.2,69.4,34,37.4,41.1,49
American,49.6,53.3,25.6,28.9,25,29,20.2,17.4,33.1,34.7,49.6,53.9,69.4,69.2,28,34.2,49.9,50.6
New Hampshire,50.9,50.4,25.4,26.6,27.9,21.9,14.8,14,36.6,34.2,48.1,49.8,67.3,74.5,41.2,39.4,48.4,41
Bucknell,52.8,53.8,28.3,22.9,21.8,30,19.3,13.7,37.6,37.4,50.6,52.3,76.5,74.9,37.6,38.2,57.2,52.2
Loyola MD,50.4,51.4,25,30.7,25.2,26.1,19.5,20.6,32.1,34.3,51.7,51.3,69.1,71.9,38.2,37.9,58.9,54.4
Niagara,49.3,48.2,28.1,28.8,23.1,27.1,16.7,17.1,34,33.6,48.2,46.9,73.4,74.9,36.1,36.5,48.3,52.3
New Orleans,50,49.7,42.1,32.8,25.4,31.1,19.3,19.6,31.2,31.6,51,51.1,73.8,70.5,22.3,38.9,45.4,54.6
Northern Kentucky,49.5,49.5,26.6,25,36,31,19.9,21.1,34.1,32.4,48.3,50,71.2,75.4,41.6,39.8,53,56.7
UNC Greensboro,49.8,50.4,27.2,28.5,32.3,24.9,20.3,18.7,34.2,34.7,48.7,48.8,72.2,75.9,39.2,49.5,51.2,56.8
Liberty,55.5,48.3,28.4,31.4,22.2,22.8,18,17.1,38.1,34.2,54,46.3,76.7,72.4,49.7,40.7,56.3,48
Connecticut,49.6,45.7,30.6,31.9,38,27.5,17.4,18,35.3,34.5,47.8,42.8,75,68,34.2,32.6,52.2,44.2
San Diego St.,48.8,44,31.3,30.6,29.6,27,19.3,21.7,35.8,30.4,46.6,43.1,69.5,67.3,30.8,38.2,49.7,51
South Carolina,47.3,47.3,29.2,41.6,33.6,32.1,21.4,21.5,31.3,32,47.4,46.9,67.1,70.1,34.7,35.6,52.6,55.4
UT Arlington,45.7,49.4,29.7,32.3,30.5,31.7,20.3,20.3,31,35.5,45.3,46.8,69.4,70.7,34.5,39.1,55.7,65.1
USC,51.1,44.7,30.9,26.3,33.8,27.2,17.7,14.7,35.4,33.7,50.1,41.6,66.6,71.3,32,34.5,52.8,50
Jacksonville St.,54.2,48,32.2,21.1,28.3,26.2,20,17.1,38.2,32.5,51.8,47.4,68.3,77.4,42.7,44.9,53.9,53.1
Northwestern St.,49.5,53.2,25,34.1,27.8,32.2,20.1,17.1,34.4,34,48.4,54.4,70.2,74.2,34.2,34.7,53.3,48.5
Winthrop,56.4,51,37.5,33.5,25.3,27.5,21.2,19.3,37,35.9,57,49.1,69.5,70.9,42.6,40.2,49.9,44.5
Montana,50.2,51.8,38.5,42.8,18.1,26.8,15.7,19.1,33.9,37.5,49.9,49.9,78.8,73,35.8,30.2,49.1,44.4
Columbia,48.5,54.8,26.1,25.1,27.5,28.8,21.5,16.4,34.9,37.8,46.4,53.4,62.7,73.6,36.1,42.6,47.4,52.4
Cal St. Fullerton,49.2,50.8,35.7,26.1,29,28,18.1,20.2,33.5,37.1,48.7,48,76.4,69.1,30,36.4,44.7,54.2
New Mexico,49.4,52,32.8,35.6,24,29.1,16.1,18,34.4,32.9,48.1,53.5,74.8,73.3,37.8,34.5,44.5,52.3
Siena,48.7,49.1,28.9,29.2,24.5,28.5,18.4,17.3,35.6,33.3,46.3,48.7,73.3,70.6,34,29.9,42.1,44.3
Colorado St.,55.2,49.9,30.4,25,21.9,24.9,15.1,18.4,35.7,32.7,56.3,50.5,77.4,70.9,39,44.3,53.5,50.4
Michigan,52.3,50.3,28.9,26.6,31.2,23.8,17.1,15,34,33,53,50.8,74.6,72.9,32.3,33.9,52.4,41.6
Georgia Tech,49.6,50.1,25,31.5,25,28.1,18.9,18.8,34.4,32.1,48.6,51.4,69.3,72.7,34.5,38.5,53.1,58.8
Milwaukee,47.7,47.5,28,29.1,25.9,30.1,19.6,14.9,31.9,33.8,47.5,45.3,71.5,76.9,34.7,41.5,48.1,53.3
Buffalo,51.6,48.2,25.6,29.4,37,27.9,18.6,15.8,34.4,31.9,51.6,48.3,71.6,71,37.2,32.1,50.1,42.4
North Carolina,52.1,49.8,29.6,21.5,30.4,20.8,16.5,14.1,36.2,34.9,50.7,48.3,77.2,73.7,37.4,36.9,53.6,48
Colgate,55.9,49,26.8,24.3,26.5,24.8,16.9,16.2,40.2,33.7,52.7,48.2,69.3,67.1,42,35.9,61.7,52.9
Georgia Southern,47.8,48.2,31.6,35.5,27.7,31,21.1,18.9,29.2,33,50.1,47.3,67.1,69.2,36.3,39.4,48.2,50.3
Youngstown St.,51.3,51.1,29.7,29.7,30.1,28.3,17.1,17.2,34.5,35,50.9,50.4,76.1,72.2,38.7,36.1,45.7,50.1
Wyoming,52.3,47.1,37.1,24.8,25.5,24.6,17.1,15.7,33,30.1,54.4,48.4,72.3,72.2,41.8,38.2,43.4,42.3
Oklahoma St.,48,45.7,33,31.2,32.3,31.4,21.4,22.8,29.5,32.4,49.8,43.7,66.7,72.5,31.4,40.1,50.4,51
TCU,48.9,47.7,31.2,26.7,37.8,26.1,21.6,18.4,30.3,31.5,50.5,47.9,66.8,71.2,32,34.6,53.9,54.2
Monmouth,47.5,47.3,36.9,33.6,29.4,27.9,17.3,17.8,33.1,32.3,46.3,46.6,72.8,71.3,34,40.8,49.6,50.3
Hampton,44.1,47.4,36.5,37.9,22.1,31,18,16.2,29.3,29.8,44.1,48.8,69.7,66.4,35.2,33.6,45.1,45.2
Miami FL,54.2,53.4,28.9,24.6,23.4,30.3,14.2,20.3,35.3,35.2,54.9,53.9,74.3,69.1,35.9,39.4,50.8,56.6
San Jose St.,49.7,53.5,22.5,27,22,30.5,20,15.7,34.3,35.8,48.2,53.4,65.6,72.3,44.9,34,53.8,52.5
Illinois,53.1,46.3,31.7,28.4,33.4,25.8,17.7,15.6,36.7,32.2,51.7,45.5,70.8,72.1,42.7,29.6,57.7,41.7
Idaho St.,47.4,53.2,33,35.2,27.6,27.5,21.1,16.7,29.6,34.1,49.6,54.5,68.4,73.5,42.2,36.7,45.8,45.7
Michigan St.,52,47.5,30.4,28.3,30.7,27,19.2,15.3,37.8,31.2,49.7,47.9,74.7,70.9,33.4,37.8,60.7,51.7
DePaul,48.8,48.8,33.4,26,31.7,28.5,17.4,16.8,31.7,33.7,49.4,47.8,69.3,74.9,34.2,35.3,43.4,48.2
Stephen F. Austin,51.4,48.8,36.9,37.5,34.7,31.9,22.3,24.3,32.3,31.1,52.7,50.1,67.7,72.1,30.9,39.1,53.8,54.4
Arkansas,49.2,47.5,37.9,32.3,30.9,25.8,17.4,20.6,30.7,32.8,50.9,46.4,75.3,73.2,34.3,39.2,52.9,54.4
UAB,52.9,47.9,29.5,31.5,33.4,27.4,16.3,21.4,38.3,32.4,50.6,47.5,73.9,71.1,32.7,37.1,44.2,45.9
Holy Cross,45.1,53.2,28.6,30.8,27.3,29.4,18.2,17.6,33.1,36.1,43.2,52.7,71.2,68.7,28.8,33,41.5,51.7
Hofstra,53.4,54.4,21.7,26.3,23.3,26.9,14.7,20.4,33.8,38.3,55.6,52.1,79.7,73.6,44.6,42.5,52.5,57.3
Central Arkansas,48.2,54.8,23.1,29.8,26.2,30.9,18.8,16.4,29.5,35.3,50.3,55.8,75.4,72.3,35.2,36.4,50.8,52.7
California,46.9,47.5,25.3,31.5,25.5,23.4,17.1,14.7,30.8,30.9,47.2,48.1,72.7,75.9,31.6,35.1,45.1,42.2
Ball St.,51.3,52.4,38.1,32.8,26.8,28.3,19.5,17.1,35.7,36.3,49.8,50.8,69.6,71.8,41.2,42.9,51.5,50.3
LSU,49.5,45.1,33,38.4,33.7,31.2,20.4,25.3,31.9,28,50.5,47.7,73.2,69,34.6,45.9,48.7,54
Florida,49.9,49.2,34.7,30.1,31.7,32.5,18.5,21.6,30.7,32.7,53.2,49.3,73.5,70.1,46.1,32.8,53.1,47.9
Louisiana Lafayette,48.6,46.9,35.5,35.5,33.6,27.6,22,18.4,34.3,32.2,47,46.2,71.1,75,36.9,33.6,50.4,51.4
Jackson St.,45.3,47.7,26.5,36.6,31.4,27.9,19.9,18.3,30,32.2,45.5,47.5,63.4,69.1,30.4,29.6,46.8,48.4
Southeastern Louisiana,52,53.8,39,27.5,25.4,33.2,19.9,19.7,34.5,34.2,52.1,55.2,76.2,72.2,43.3,37,55.9,48.4
UNLV,49.1,48.4,30.7,30.8,27.1,25.9,17,17.2,33.2,31.9,48.6,48.8,73.8,72.2,42.8,41.7,56.1,53.3
Towson,51.6,47.9,33.9,31.9,35.7,26.5,17.9,19.5,35.7,31.5,50.4,48.4,71.9,71.7,38.2,41.4,52.6,45.9
North Texas,51.4,46,38.1,32.7,31.5,25,18.7,19.8,35.8,27.9,49.7,47.7,65,68.8,42.2,29.6,48.6,39.7
Stetson,48.8,53,25.6,26.8,28.2,27.5,19.5,16.1,34.9,34.9,46.5,53.5,69.9,69.2,40.2,41.7,55,55.3
Green Bay,46.5,53,32,31.7,26.6,28.7,19.9,18.1,28,34.7,48.9,53.6,71.1,76.8,34.4,34.8,47.6,47.5
Southeast Missouri St.,51.6,52.4,36.7,39.6,25.8,28.9,17.8,18.1,35.4,34.6,50.6,52.8,73,73.3,43.2,38.1,54.2,49.4
Saint Mary's,52.6,48.3,23.2,24.4,27.3,21.9,17.1,19.5,35.1,34.4,52.6,47,76.7,71.4,36.1,28.8,51,35.9
Evansville,46.9,56.1,24.6,31,14.4,22.3,17.2,17.9,32.6,38.4,45.2,55.3,71.5,73.4,47.1,33.7,50.7,46.5
Oklahoma,54.7,49.1,27.9,26.5,25.7,26.4,22,20.4,34.4,31.2,56.8,50.3,74.6,73.8,41.1,34.4,54.9,44.4
Princeton,56.7,51.3,21.3,21.7,24.8,23.5,14.5,15.5,38.4,33.6,55.9,51.6,64,73.4,44.9,31.3,49.2,40.1
Georgia St.,45.1,49.7,30.2,32.8,32.8,30.7,16.9,22.7,32.3,37.9,43.1,45.4,71.6,70,36.9,38.1,52.5,56.7
Syracuse,52.5,50.6,28.3,23.5,29.2,32.1,15.4,16.7,37.6,33,49.9,51.6,73.7,75.1,39.3,48.7,52.2,70.2
Boise St.,51.1,48.2,35.2,25.8,30.6,21.9,18.5,20.1,34.1,32.4,51.1,48,65,72.1,38.6,33.2,46.8,43.3
Marist,50.4,48.3,25,28.5,26.4,27.1,18.2,16.7,34.4,33.4,49.7,47.1,71.9,72.8,37.7,40.9,35.3,54.8
Miami OH,50.3,53.5,23.7,30.4,26,30.2,15,18,34.3,36.7,49.5,52.5,80,72.6,42.4,40.4,49.2,50.8
Mercer,52.9,52.8,29.3,28.5,24.5,26.5,18.3,15.8,35.3,34.9,52.9,53.2,77.5,72.7,42.4,41.9,56.7,51.7
Florida Atlantic,53.6,50.5,29.6,32.3,31.2,26,19.8,19.3,35,37.3,54.4,47.8,71.7,69.8,42.7,33.4,49.2,43.4
Arkansas St.,49.3,49.2,34.5,28.2,29.4,28.4,20.6,19.3,31.9,33.3,50,48.8,74.5,70.3,31.5,33.3,60.5,47.8
Vermont,57.3,47.7,26.6,22.6,24,18.6,14.9,17.1,36.8,34.4,58.9,45.2,74.7,68.4,43.1,37.6,54.9,43.5
St. Francis PA,46.9,52.4,29.8,25.6,30.5,31.9,18.1,18.3,31.5,35.9,46.7,51.4,64.5,69.5,31.3,38.6,50.1,54
Utah St.,54.2,49.7,28.9,29,26,22.9,18.3,18.3,34.1,34,56.2,48.8,72.1,70.8,40.1,39.4,65.3,54.4
Hawaii,50.4,46.9,32.5,31.7,29,25.1,19.7,15.9,34.6,30.9,49.5,47.2,74.4,72.5,41.1,30,50.5,37.9
UC San Diego,52,52.7,32.7,22,18.6,27.6,18.9,17.2,36,32.9,50.3,54.3,74.7,71.2,45.8,32.3,56.6,46.8
St. John's,50.8,48.9,26.1,33.2,30.7,31.5,15.9,21.3,33.5,34.1,51,47.5,67.7,71.6,32.4,38.3,61.9,50.5
San Francisco,53.1,46.9,28.4,32.2,30.3,23.8,18.1,18.5,34.7,28.9,53.9,48.4,69.2,71,44.4,30.4,47,43.2
Valparaiso,51,52.3,26.9,22.6,20.3,24.8,16.5,16.5,32.9,35.6,52.1,51.6,76.7,75.5,37.6,36.4,46,50.7
Rider,45.6,49.2,27.2,33.2,29.4,28.3,17.3,18.4,31.6,34.4,44.9,47.3,73.6,69.5,27.9,43.9,50.5,55
Wisconsin,48.2,49.4,32.3,27.7,25.8,24,12.7,16.9,31.3,32.3,48.9,49.9,74.2,68,36,33.7,44,45.9
Penn,51.3,52.1,24.1,28.8,25.4,28,17,15.3,33.5,34.7,52,52.1,72.8,71,40.2,38.1,46.9,44.2
Grand Canyon,49.9,43.5,31,33,34.8,28.4,19.2,18.6,34.8,26.9,48.3,45.1,67.2,69.3,39.4,34,50.1,42.9
Houston Baptist,48.8,55.3,37.8,37.8,29.3,27.2,20.6,19.1,30.5,38.8,50.5,53.7,71.5,75.2,35.7,34.7,47.7,47.8
Memphis,52.6,46.5,38.4,32.9,37.5,31,22.9,20.9,35.9,32.1,52,45.3,69.2,70,30.8,42.8,59.6,57
Marquette,52.6,46.7,26.8,29.7,22.4,31.4,17.3,19.1,34.7,31.7,52.9,46.2,74.7,69.9,41.7,35.6,59.4,54.9
Pittsburgh,46.7,52,39.4,29.4,30.5,26.1,21.2,16.5,31.4,36.8,46.5,49.5,69.6,71,33.6,42.9,52.1,60.3
Navy,47.5,47.3,30.8,31.7,33.8,24.8,19.9,20.4,32.3,33.2,47,45.7,65.6,68.3,31.3,37.7,49.8,56.2
South Carolina St.,43.3,49.9,31.9,37.4,34.3,29,20.2,20.6,30.6,35.7,42.1,47.7,69.5,70.1,33,38.7,46.3,55.8
UT Rio Grande Valley,49.5,51.9,41.4,35.7,24.7,33.5,20.7,17.9,30.3,32.7,51.9,53.7,69.2,69.3,37.7,39.9,49.4,62.2
Wofford,53.9,53.8,28.2,28.6,26.9,22.2,17.7,19.7,34.8,36.2,55.5,53.3,77.3,73.9,49.1,46.6,51.4,50.4
Notre Dame,54,49.1,27.7,22.9,22.1,24,15.5,15,37.8,31.7,52,49.9,75.9,69.3,43.1,35.3,55.4,44.1
Washington St.,48.3,47,29.6,30.9,33.1,29.7,16.7,20.9,34,31.7,46.2,46.7,74.6,73.9,44.3,35.4,45.6,48.3
South Florida,41.3,48.3,25.4,33.6,29.8,27,19.1,18.9,25.2,33.8,42.8,46.6,66.6,71.3,30.6,41.6,50.6,59.7
Merrimack,48.6,49.1,26,33.9,22.5,36.2,18.5,22.6,33.3,33.2,47.8,48.8,67.9,71.3,40.5,34.3,50.5,59.4
NJIT,46.5,51,31,27,23.2,27.9,18.7,16.7,32.6,34,45.1,51,66.7,70,35.8,41.2,45,54.5
Binghamton,48.8,49.9,23.2,30.1,26.7,27.1,18.8,15.9,34.7,33.6,47,49.6,66.8,68,35.7,37.2,44,42.5
Denver,52.7,52.4,32,32.2,23.7,28.1,18.6,16.5,37.1,36.4,51.1,50.9,69.7,74,35.8,40.2,48.3,46.3
Maryland,49.4,50.2,33.9,24.6,27.2,27.6,16.8,16.1,32.6,35.5,49.7,48.2,75.9,73.8,37.2,38.9,47.1,52.2
Charlotte,52.9,52.6,28,26.5,22.7,25.6,17.2,16.9,34.5,36.2,53.6,51.7,79.2,76.8,39.8,36.3,55.4,46.7
Mississippi,49.6,51.4,28.7,28,26.7,26.6,18,19.4,32.6,32.3,50,53.1,71.1,70.9,37.3,36.2,53.2,59.6
Louisiana Tech,51.9,48.2,31.1,28.1,26.1,28.1,16.9,19.3,34,33,52.5,47.4,73,72.8,41.1,38.6,49.6,49.7
North Dakota,47.2,56.3,31.6,30.5,26.8,25.8,17.5,13.6,33.5,38.1,44.7,55.8,73.6,69.6,44.1,34.9,49.9,46.3
UNC Asheville,50,49.3,38.1,27.9,26.3,33.4,18.3,19,33.3,28.3,50.1,52.4,73.3,68.2,38.5,31.1,47.9,46.6
Creighton,50.9,44.9,26,20.3,28.6,28.4,20.5,15.5,30.7,31.7,53.9,43.5,72.9,72.3,38.2,33.6,51.1,44.8
Texas,50.1,46.5,32.3,36.8,31.9,30,18.2,23.3,32.3,31.6,50.9,46.1,74.9,66.9,36,33.7,53.3,43.9
Robert Morris,50.9,53.1,28.2,28.9,28.2,32.2,20.8,16.9,32.9,36.9,51.6,51.9,76.1,72.2,31.8,35.8,48.2,54.4
Louisville,48.8,50.3,25.1,30,27.3,24.9,18,16.3,30.9,34.9,50.5,49.1,67.4,70.3,42.2,38.1,47.9,52.2
Mississippi Valley St.,44.5,56.7,31.4,36.5,23.4,33.9,18.1,20.7,30.5,40,43.8,55.1,65.5,71.2,38,31.2,48,51.7
Washington,46.4,49.9,34.7,30.1,29.3,35.6,16.7,22.1,31.2,33.5,46.2,49.8,70.1,72,32.9,34,41,54.2
George Mason,53,49.6,29,29.6,24.9,23.8,18,17.2,35.7,34.4,52.4,48.1,69.3,73.2,46.6,42.2,56.1,49.6
Virginia Tech,55.2,48.7,23.7,25.2,28.1,26.1,17,18.8,39.3,31.7,52.5,49.4,74.3,74.4,41.4,37,55.4,50.6
The Citadel,52,50.4,29.9,26.3,23.7,29.4,17.1,13.8,34.8,33.1,51.7,50.9,68.1,74.3,49.5,38.6,58.9,49.5
Presbyterian,45.4,53.5,30.2,40.7,33.1,24.6,19.5,21.1,26.1,38.4,49,51,68.9,73.2,36.6,38.4,50.7,53.9
UMKC,52.3,52,31.6,44.4,21.5,26.6,15.6,21,35.8,33.6,51.6,52.8,66.9,75.2,33.9,34.6,44.7,47.8
Fort Wayne,53.3,52.9,26.8,26.5,22.3,27.2,19.2,21.7,36.5,34.9,52.2,53.2,74.9,72.2,44.3,39.9,53.4,50.3
Oakland,49.1,50.2,34,21.5,30.7,33.4,18,20.5,29.7,31,52.5,52.9,78.8,70.5,41.8,42.4,51.2,63.4
Harvard,49.6,52.1,24.5,32.6,25.2,23.8,17.5,20.7,32.6,37.1,50,49.8,67.3,73.2,42.1,39.7,42.3,50.8
Campbell,51.3,50.6,26.3,27.6,22.2,26.1,16.4,18.3,33,35.3,52.4,49.1,67.3,65,37.9,38,55.7,46.3
Richmond,51.5,50.5,30.9,23.5,22.4,27.2,14.4,18.9,33.8,34.3,52.2,50,72.5,72.3,42,35.7,57.3,48.3
Gardner Webb,49.9,45.5,28.5,36.3,26.9,26.3,20,19,33,28.5,50.2,47.4,69.9,74.2,39.5,41.4,52,52.5
High Point,48.9,49.5,33.9,35.3,27.4,30.2,19.5,17.7,32,30.1,49.4,52.1,64.2,66.8,34.2,37.1,48.2,54.1
Northwestern,49,50.8,25.1,34.8,25.6,25.1,14.1,19.3,34.6,36.8,47.2,47.7,71.9,72.5,38.6,41.2,58.8,61.1
Hartford,53.3,51.6,27.6,28.9,23.8,28.4,18.2,16.5,36.9,35.7,51.5,50.4,69,72.8,45.2,38.3,48.8,47.3
Eastern Michigan,48.2,51.6,29.8,29.3,23.3,28.4,19.2,16.9,30.7,35.6,49.3,50.6,69.9,70.6,35.4,36.5,40.6,45.6
IUPUI,42.4,52.8,24.9,37.5,30.1,33,26.1,20.5,29.2,35.5,41.6,52.4,67.4,74.4,34.6,41.9,53.6,53.9
Cornell,53.5,51.1,32.2,31.3,26.1,28.1,19.6,18.1,34.1,32.3,55.6,53,70.3,68.5,46.6,42.2,57.7,47.6
UTSA,43.6,54.3,25.4,33,29.5,25.8,17.6,17,28.7,37.7,43.9,53,68.6,65,33.9,38.7,44.4,55.9
Virginia,49.7,49,28.3,23.5,28,28.9,16.3,18.5,31.8,33.8,50.6,48,73.8,70.3,29.7,37.8,60.3,52
Xavier,50.2,48.4,35.7,25.5,29.3,26.1,16.5,18.3,32.2,32.3,51.2,48.3,70.2,74.2,35.9,36.4,55.8,48.5
Fordham,45.7,47.9,29.7,30.4,27.2,26.3,18.9,19.6,29.7,31.2,46.7,48.5,72.7,67.9,42.7,34.6,51.4,49.2
Cincinnati,46.9,45,29.6,34.5,30.1,29.6,15.2,17.9,31.4,31.2,46.7,44.2,67.2,72.1,42.2,30.6,52.9,52.2
Central Michigan,47.8,53,30.5,36,25.4,31.4,19.6,16.6,34.1,34.8,45.5,53.6,69.2,70.5,40.1,42.3,49.7,53.9
Northern Arizona,47.9,53,27.7,34.1,28.9,23.5,20.4,13.8,34.3,36.3,45.4,52.2,67.6,74.1,41.9,36.9,50.9,45.3
UMass Lowell,48,48.9,26.5,32.5,29.2,29.9,18.3,19.5,30.2,37,49.3,45.6,69.4,72,32,33.4,43.8,44.6
SIU Edwardsville,46.7,49,34.5,37.6,31.1,30.6,21.6,19.2,29.5,33,48.1,48.7,69.4,73.1,34.8,40,50.2,57.5
Yale,50.1,48.9,32.7,31.1,25.6,26.5,18.3,18.2,32.9,30.4,50.5,51.1,73.7,68.1,36.3,41.2,46.4,48
Colorado,50.4,48.1,34.7,27,29.9,24.4,19.7,17.5,36.6,33.1,48.1,47.2,75.6,72.4,33.6,36.9,54,45.5
Missouri,47.1,50.8,29.9,35.6,31.4,29.7,21.6,17.9,28.1,35.1,49.4,49.7,74.1,70.2,32.6,36.1,50.4,48.2
Howard,50.4,49.4,36.2,33.9,28,34.5,20.7,23.5,36.2,34,47.8,48.6,74.7,71.7,40,33.6,54.3,48
Coppin St.,46,49.3,34.6,28.1,20.1,32,19.4,21.2,29.7,35.2,47.6,46.7,68.4,71.1,49.9,41.5,49.4,53.7
Alcorn St.,45.9,50.9,32.5,36.8,31.9,27.9,20.3,19.1,31.8,34.3,45.1,50.6,69.2,71.6,29,35.8,43.1,55.8
Southern Utah,52.1,51.8,34.7,28,28,22.7,17.1,17.7,33.7,33.9,53.1,52.5,70.5,76.2,39.8,40,40.7,46.8
Charleston Southern,46.2,55.4,28.4,30,26.2,25.7,21.4,17.3,30.1,36.1,47.1,56.1,67.7,75.9,45.6,37.5,48.3,54.1
Appalachian St.,48.4,49.8,27.6,21.7,26.3,26,16,17.9,33.5,33,46.9,50,66.6,75.7,43.3,37.2,51.7,55.8
Morehead St.,52.4,46.5,29,23.7,30.7,29.5,20.4,17.3,35.8,32.6,51.6,45.3,67.5,67.7,40.2,33.2,61.7,49.7
Temple,45.4,45.5,39.7,31.7,32.7,29.3,18.5,17.2,31.1,29.4,44.7,46.3,67.9,72.6,38.2,36.6,52.7,56.3
Delaware St.,45,51.1,32.4,34.2,27,34.7,25.6,19.3,32.2,36.1,43.4,48.6,67.4,70.6,32.8,45.8,41.3,63.9
FIU,49.9,50.2,24.6,31.4,27,29.8,20.1,18.5,34,33.4,49,50.2,70.8,72,46.2,39.7,52.8,53.6
Norfolk St.,51.5,45.1,39.1,33.3,29.8,27.2,19.9,18.5,34.5,29.1,51.3,46.3,69.5,64.8,35.8,45.1,47.6,54.6
Providence,50.3,46.7,38.5,26.3,30.5,28,17.3,15.8,34.3,31.2,49.6,46.6,72.6,70.9,38.1,36.1,54,46.3
Jacksonville,48.6,47.2,30.5,30.8,33.6,23.4,18.6,16.4,34.5,29.3,47.2,49.9,69.7,72,31.1,46.1,49.1,48.3
Duquesne,45.4,54,21.9,21.9,29.2,31.5,16.9,19,30.5,39.8,45.2,51.3,70.7,70.8,33.3,32,40.4,53.4
UCF,49.9,48.7,28.5,29.8,30.8,30.8,19.1,20.7,35,31.2,47.9,50,70.3,73.7,43.1,41.3,58.8,55
Cleveland St.,53.2,49.4,36.1,34.2,33.9,31.9,19.6,21.8,32.6,32.3,55.3,50,67.3,76.3,33.6,42.9,60.4,54.6
Chattanooga,52.8,49.6,27,27.3,32.7,26.3,17,18,34.1,30.6,53.9,52.1,76.6,69.6,39.3,40.4,46.6,44.6
Penn St.,50.5,48.3,21.8,26.2,28.6,24.1,18.6,13.8,34.2,35.2,49.9,45.6,73.5,72.9,42.6,37.9,49.7,55.2
Idaho,50.2,54.6,33.8,33.9,23.3,26.3,18.5,14.5,36.7,35.1,47.4,55.5,74.7,69.7,37,33.1,46.3,41.3
Sacred Heart,50.8,53.2,24.9,25.5,30.8,31.3,19.6,15.7,34.2,35,50.5,53.6,73.1,66.4,38.9,38.3,53.2,52.7
Auburn,50.3,44.1,31.6,34.8,33.2,29.3,16.7,20.7,32,31.2,51.9,42.6,73.3,72.9,39.9,36.3,52,48.8
Furman,55.6,51.5,23.3,24.6,27.4,28.1,15.7,19.1,37.5,33.3,55,52.5,75.8,72.9,51.6,37,62,51.6
Oral Roberts,53.9,51.1,23,24.8,26.6,24.7,13.2,12.7,37.2,34.4,52.3,50.8,72.2,70.4,46.2,35,38,39.6
Nebraska,50.3,51.5,33.3,29.4,20.6,31.4,17.1,18.3,32,34.7,51.8,51.2,73.1,72.3,37.4,40.4,49,50.7
Seattle,48.3,46.4,28.8,40.5,26,25.6,16.3,20.5,33.1,31.4,47.1,46,76.8,67.7,45.7,36.7,51.9,51.2
USC Upstate,51.4,51.2,28.4,38,21.7,30.8,18.6,17.8,36.3,33,49.5,52.4,75.3,70.9,38.7,41.4,53,55.2
Eastern Kentucky,48.4,54.6,21.7,28.1,28.7,31.8,15.6,22.3,33.9,34.4,46,56.6,71.8,71.3,48.5,39.9,53.8,57.4
Tennessee St.,49,50.1,30.4,39.2,29.7,28.6,19.8,19.7,34.6,33.7,47.6,49.8,70.7,71.9,32.5,38,47.3,54.8
Boston College,47.8,51.5,29.6,31.5,29.9,25.7,17.9,18.7,30.9,36.4,48.5,49.8,70.4,74.3,32.4,36.8,50.2,50.3
Ohio,50.8,49.7,30.5,27.9,26.9,25.9,15.4,20.6,34.1,31,50.4,51.6,73.2,75.6,45.7,37.8,49.8,45.2
Fairfield,49.3,48.1,26.6,31.2,27.4,27.7,16.8,17,33.5,32.2,48.6,48.1,70.2,70.1,38.7,29.6,45.8,41.8
Texas A&M Corpus Chris,47.2,49,38,42.3,34,28.8,19.7,22.6,31.8,31.5,46.9,50.3,74.3,75.4,31.3,42.2,53.9,53.3
Morgan St.,46.4,51.6,31.1,43.7,31.5,29.9,21.4,23.3,30.7,34.7,46.5,51.3,66.7,70.1,31.9,38.7,52.9,49.3
Alabama St.,47.7,50.4,36.9,33.8,29.5,33.5,21.5,19.4,33,33.2,46.8,50.8,70.5,73,33.1,37.5,49.2,53.9
St. Francis NY,46,51.9,23.3,32.4,29.4,29.8,17.9,18.9,31.3,33.3,45.4,52.7,70.9,69.2,36.8,30.5,47.2,50.3
Loyola Marymount,51.9,54.7,31.1,31.9,24.4,27.3,19.2,18.1,34.2,36,52.3,55,72.1,77.4,38.1,36.4,44.7,55.2
Radford,46.5,52,27.8,37.4,28.9,26,20.6,20.2,29.8,35.4,47.7,51.3,68,72.7,40.7,37,46.6,48.7
Dayton,54,46.9,30.4,23.4,30.7,23.4,19.2,17.3,36.3,32.2,53.8,46.1,68.3,72.1,33.9,37,56.6,53.3
Fairleigh Dickinson,46.4,53.8,27.8,34.1,27.7,34.1,19.3,18.1,32.4,35.1,45.2,54.5,70.8,69.9,35.4,35.1,48.6,57
Utah,48.4,49.4,30,28.6,29.3,29.2,18.1,15.2,33.5,32.9,47.3,49.4,77.4,70.5,39.4,35.1,54.7,50.5
Minnesota,50.7,51.2,23.6,23.3,17.7,27.5,14,15.8,36.8,33.7,48,51.6,71.8,70.3,37.4,34.7,50.9,50.8
Elon,49,50.6,25.9,43.8,25.4,28.8,19.9,16.6,33,34.5,48.6,49.9,72.9,75.1,43.9,38.4,50.6,49.2
Belmont,55.7,49.4,25.9,23.5,24.4,27.8,16.8,20.9,32.8,33.7,60.7,48.7,73.7,70.4,43.4,39.9,61.8,52.5
Murray St.,52.9,48,31.1,24.6,35.5,25.4,17.1,21,34.7,30.1,53.5,50,69.8,67.6,37.7,40.6,50.2,45.5
Prairie View A&M,48.4,51,38.5,44.8,31.7,34.2,24,20.6,34.5,35.7,46.8,49.6,70.3,66.6,32.7,35.4,47.7,49.1
Clemson,52.4,49.7,29.8,29.1,25.8,24.1,16.4,16.9,36.3,33.4,51.2,49.4,73.6,76.3,37.8,42.6,55.2,50.6
Abilene Christian,47.8,51.2,38.5,48.8,27.8,31.6,17.5,28.6,31.4,34.3,48.3,51.1,74.3,72.3,36.2,39.7,56.7,51.4
Kansas St.,49.4,49.5,29.6,32,25.2,28.3,16.9,19.8,34.6,30.2,47.5,52.4,72.6,69.7,42.4,40.2,51.6,55
Rice,53,51.1,32,21,25.7,28.1,18.3,14.3,36.5,33.4,51.8,51.6,71.6,71.5,42.7,35,58.2,48.8
Southern,49.2,49.2,33.6,45.7,27.5,31.1,20.4,25.2,35,28.4,47.5,52.9,70.2,70.6,34.1,35.6,52.4,49.6
Maryland Eastern Shore,45.4,51,31,35.8,27.3,29.9,22,23.8,31.2,33.7,44.3,51.2,64.2,68.3,43.1,38.7,54,55.9
Boston University,52.4,50.4,28.9,29.1,30.9,24.1,18.3,16.7,35.3,33.2,52.1,50.7,74,73.8,37.7,32.3,41,46.2
St. Thomas,52,58.9,23.7,32.5,20.7,27.1,12.6,16.1,34.4,40.1,52.5,58,77.1,73.8,49.9,40,44.5,47.6
Stanford,49.8,51.4,29.9,29,33.8,22.9,22.3,16.4,33.9,32.7,49.2,52.9,65.9,68.8,38.7,39.1,54.4,49
Louisiana Monroe,50.2,52.9,26,34.7,24.7,33.4,18.9,19.4,33.2,36.2,50.5,52,71.7,69.3,35.4,39.3,56.1,58.2
Chicago St.,45.9,53.6,29.3,38.5,31.6,32.2,22,18.6,31.1,40.1,45.2,50,65.5,72.5,43.6,35.7,43.7,56.1
Arkansas Pine Bluff,46.6,55.5,33.6,34.6,24.8,36.3,19.5,18.7,29.8,36,48,56.1,70.9,72.8,40.5,29.4,48.7,53.8
Army,48.8,52.8,32.1,22.9,29.8,27.2,18.9,19.4,31.9,36.4,49.3,51.6,64,68.5,34.6,40.8,47.1,54.6
George Washington,48.9,49.6,26,29.2,23.2,31.1,17.9,18,33.7,30.7,48,51.4,69.8,71.6,35.9,34.5,48.4,50.3
North Carolina St.,47.9,53.4,29,29.4,30.3,31,14.5,18.3,34,36.1,45.9,53,72.5,74.3,39.3,34.5,42.6,50.8
Tulsa,49.6,52.2,31,29,26.7,30.1,19,20.1,34.2,36.2,48.5,50.5,72.6,69.1,36.1,44.7,49,54.7
Villanova,52,47.5,30.5,25.1,30.9,28,15.5,18.8,35.9,31,50.3,48.2,82.3,74.5,46,43,49,50
Seton Hall,47.6,45.4,30.8,27.8,32.7,29.1,17.5,18.5,33.3,31,46.2,44.8,75.6,77.3,35.6,34.3,39.9,48.2
Middle Tennessee,50.9,47.7,32.6,35.9,30.3,29.3,19.4,20.8,32.9,31,52.1,48.5,76,73.9,43.1,36.8,48.7,43.7
North Florida,48.1,48.8,30.4,28.7,25.2,36.9,21.6,16.7,32.4,33.9,47.7,48,73.1,68.3,49.3,30.4,51.9,53.5
Toledo,53,47.2,28,22.9,30.4,27.4,14.7,15.3,35.2,31.2,53.1,47.6,76,67.4,31.4,41.6,51,49.8
Indiana St.,50.6,51.7,26.4,26.2,17.3,22.5,19.2,15.8,32,36.1,52.8,50.1,77.8,75.8,46,37.9,52.8,48.4
Wichita St.,46.7,47.3,31.7,30.4,32.3,28.3,18.7,20.1,31.2,31.6,46.7,47.2,75.3,70.8,41.4,36.8,51.1,52.3
North Alabama,43.2,50.2,23.8,40,25.5,29.9,17,18.9,29.2,33.7,42.8,50.1,75.1,69.5,39.8,34,35.5,45.9
Loyola Chicago,56.3,47,31.9,28.4,25.1,23.9,18.4,19.9,38,31.5,55.8,46.9,71.8,73.3,43.1,38.1,56.8,41.9
Bethune Cookman,45.4,51.5,28.8,35.5,27.9,30.9,19.7,20.4,33.7,32.9,43.7,52.7,68.1,73.8,25.5,36.9,44.7,54.4
Dixie St.,46.5,50.9,35.2,30.7,26.7,28.9,21,17.8,29.5,33,47.8,51.7,66.7,71,37.3,36.8,60.1,54
Saint Joseph's,49.7,47.7,22.9,26.9,27,24.1,19.6,13.7,33.6,31.8,49,47.6,65.4,70.5,44.9,31.2,54.4,46
Central Connecticut,46,52.9,29.1,28.8,26.3,31.8,20.6,18.8,34.2,34.8,42.6,53.3,70.8,71,39.2,39.3,49.3,52.7
Austin Peay,46.6,52.5,25.7,36.1,29.5,30.4,21.3,20.9,30.8,33.2,46.9,54.1,70.3,69.2,44.4,37.1,59.1,53.5
Iowa St.,49.9,48.4,28.1,36.2,28.2,28.5,20.4,24.5,32.1,29.6,50.9,50.7,68.4,71.9,37.4,37.5,60.1,52.3
Georgetown,46.2,53.6,29,27.6,32.3,29.9,18.8,18,34.2,36.9,43.3,52.4,74.4,72.6,36,41.6,47.5,61
Grambling St.,44.6,48.9,33.4,40.8,27.4,31.4,20,19.2,31.1,35.7,43.8,46.3,71.4,68.7,28.1,35.6,45.2,51.6
Troy,47.4,48.4,34.9,34.4,31.9,27.5,21.9,20.4,32.2,32.9,46.9,47.8,72.3,70.4,40,37.2,56.7,51.2
Southern Illinois,51.5,49.7,29.1,27.6,23.2,23.3,18.1,18.7,35.1,32.4,50.6,50.2,69,75.9,41.8,31.9,51.1,46.6
Alabama,51.5,49.4,33.6,35.2,35.5,30.7,19.8,17.7,30.8,33.1,56.3,49.3,73,71.2,48,35.9,52.9,46.2
Albany,46.2,50.7,24.9,31.8,26.1,27.2,18.7,20.7,32.3,35.5,45.2,49.1,70.3,72.2,32.3,38.6,40.8,53.9
Western Carolina,47.9,53.2,27.8,28.7,28.6,28.5,17.7,14.3,31.3,36,49,52.6,67.7,71.7,51.3,45.7,51.7,53.3
Saint Louis,50.8,47.7,32.8,32.9,33.8,26.9,18.7,18.2,36.4,31.7,49.1,47.8,76.1,67.1,30.5,34.6,53.8,47.5
Longwood,51.7,50.6,35.9,26.8,33.6,24.5,18.2,20.1,38.6,31.1,48,53.6,72.4,74,37.2,43.6,52.7,49.3
Lehigh,52.1,49.3,25.1,31.8,21.5,26.4,19.2,14.7,38.2,36.4,48.9,47.4,74.2,72.5,38.2,26.2,55.9,41.2
Quinnipiac,50,50.6,27,27.2,28.6,28.6,18.7,17.2,34,37.1,49.2,47.6,76.4,72.3,43.5,36.9,56.1,47.8
Air Force,50.9,51.5,26.8,38.9,19.6,29.4,21.5,20.3,33.3,31.2,51.6,53.8,64.9,76,43.5,33.3,57.7,47.2
East Carolina,47.1,50.5,33.5,31,27.6,28.5,18.7,18.5,33.3,35.3,45.3,48.8,75.4,69.7,39.2,41,63.1,61
VMI,55.5,51,25.6,24.8,22.6,29.8,16.6,14.1,37.6,34.6,54.5,50.1,78.9,74.7,54.6,47.7,57.2,48
Canisius,45.4,51.5,30.2,32.2,28,26.3,16.9,17.8,30.2,31.2,45.5,53.7,69.6,72.4,39.1,31.6,53.3,49.6
North Carolina Central,47.7,50.5,37.8,43.4,32.6,30.5,23.8,22,31.1,32.9,48.3,51.4,66.7,71.4,33.4,42.5,45.7,54
SMU,52.1,44.8,35.9,25.3,27.8,30.3,17.7,17.1,36.3,30.3,50.4,44.5,74.2,69.3,42.6,33.5,55.4,52.3
Tulane,51.2,49.6,33.4,28.5,20.1,32.8,15,20.3,36.5,34.1,49,48.3,75.6,71.2,38.6,45.3,53.4,65.3
Texas A&M,49.7,47.8,35.8,33.8,33.7,33.5,19.3,23.9,33.1,31.7,49.7,47.9,70.6,72.9,34.8,37.4,53,63.9
Vanderbilt,50.3,48.2,39.2,34.6,27.5,28.3,19.2,20.9,33.8,30.1,50,50.2,69.6,73.1,45.9,39.6,48.5,56.1
Bryant,49.7,47.4,32.7,24.4,33,31.6,19.1,16.5,30.7,32.1,52.6,47,73.4,68,43.7,33.5,50.6,54.1
Northern Illinois,47.2,50.6,33,40.7,24.3,29.4,19.9,19.7,31.7,32.3,47,51.8,67.6,72.5,33.5,36.5,48.8,54.2
College of Charleston,50.3,51.2,30.4,37.6,35.7,25,20.9,19.1,33.9,34.1,50,51.3,73,72.3,37.6,35.3,47.2,47.1
Western Michigan,49.3,53.4,24.3,29.8,27.2,32.3,20.3,15,33.2,33.8,48.9,55.3,70,69.7,45.7,40.3,43.8,48.8
Tennessee Martin,46.1,50.8,26.3,37.2,29.8,31.8,19.4,18.4,29.7,33.4,47,51.2,69.4,71.7,36.4,38.7,43.5,55.2
Saint Peter's,47.8,44.1,37.5,41,31.5,28,20.8,20.9,34.8,29.4,45.9,44,68.5,73.5,30.3,36.3,51.6,51.6
Lipscomb,52.3,51.5,33.9,22.7,22.7,28,19,14.1,34,37.5,53.2,48.1,72.2,72.4,41.4,41.3,58.9,53
Eastern Illinois,44.2,53.4,31.2,24.2,20.6,32.6,24.1,18.2,31.8,33.5,42.3,55.8,63.8,68.1,36.2,43.9,58.1,60.4
Butler,47.1,49.9,30.2,30.2,27.1,27.4,18.2,17.1,29.7,31.1,48.9,51.9,68.9,72,41.8,38.1,47.3,49.5
Tarleton St.,46.3,52.4,33.7,35.6,27,34,18.2,24.7,30.9,32.9,46.3,54.7,75.4,70,31.3,43,47.2,59.3
William & Mary,46,53.6,30.3,27.2,27.1,27.7,23.1,17.9,31.1,33.7,45.5,55.7,70,70.3,39.1,41.1,50.4,52.3
Georgia,50.2,54.6,39,24.1,25.8,30.1,20.7,15.7,32.1,34.9,51.3,56.1,74.7,71.6,37,41.1,58.2,56.2
