TeamName,eFG%,Rk,eFG% Def,Rk,FTR,Rk,FTR Def,Rk,OR%,Rk,DR%,Rk,TO%,Rk,TO% Def.,Rk,3P%,rk,3pD%,rk,2p%,rk,2p%D,rk,ft%,rk,ft%D,rk,3P rate,rk,3P rate D,rk,arate,rk,arateD,rk
North Dakota,50.2,208,52.400000000000006,281,32.2,190,29.599999999999998,108,30.7,109,26.1,59,15.0,51,15.299999999999999,292,32.3,260,35.2,270,51.5,127,52.2,264,70.4,258,74.2,316,41.8,65,33.9,60,43.5,328,40.1,6,7.5,269,5.8,1
Appalachian St.,52.7,71,45.4,6,31.6,216,20.7,2,29.4,150,27.800000000000004,115,15.2,63,14.499999999999998,317,33.2,217,32.1,72,53.9,44,44.0,7,68.7,300,70.2,78,31.5,308,32.6,40,48.6,220,40.7,8,14.6,11,5.9,2
San Francisco,55.00000000000001,20,49.5,113,23.5,356,37.9,298,29.099999999999998,166,24.3,16,16.8,167,19.8,38,35.1,112,34.3,212,56.6,13,48.3,85,75.8,39,69.5,49,40.1,104,37.8,205,54.9,74,49.2,137,10.3,112,5.9,3
Bradley,55.1,19,47.599999999999994,40,27.500000000000004,319,35.099999999999994,253,28.1,203,28.199999999999996,141,18.099999999999998,254,18.3,95,37.0,22,33.0,117,54.9,27,46.5,28,73.5,109,72.2,191,41.6,71,38.3,219,48.6,223,49.5,145,11.7,55,6.0,4
Eastern Kentucky,50.6,178,49.8,138,32.0,197,29.5,102,33.1,55,31.0,274,16.1,113,13.900000000000002,339,36.1,55,38.7,359,48.8,248,45.6,18,68.4,306,75.8,348,33.6,277,33.4,52,47.1,256,48.3,115,14.2,13,6.2,5
Long Beach St.,48.5,265,51.1,214,37.8,57,32.300000000000004,170,33.2,53,29.4,199,17.1,189,18.3,94,30.9,320,35.1,265,49.3,223,49.9,153,70.8,239,72.4,211,28.1,349,43.7,346,54.9,76,59.2,345,12.5,36,6.2,6
Utah St.,54.0,43,49.8,134,39.0,35,30.599999999999998,126,27.800000000000004,216,26.6,74,15.5,73,16.400000000000002,213,32.5,252,29.7,7,56.7,10,52.8,290,71.8,197,72.6,227,33.6,276,36.5,145,56.3,57,50.3,170,11.4,62,6.2,7
Gonzaga,56.99999999999999,6,47.3,32,30.7,240,25.2,19,33.2,51,27.700000000000003,111,14.000000000000002,17,16.1,241,36.2,47,34.1,196,58.3,7,45.1,13,72.6,148,72.3,197,31.3,313,36.6,153,52.6,117,49.9,157,9.6,151,6.2,8
Valparaiso,46.2,331,54.50000000000001,348,23.3,357,30.7,131,25.7,287,30.3,237,15.9,100,17.299999999999997,147,32.1,272,35.8,309,45.0,344,55.0,345,72.3,168,69.0,33,36.3,204,35.2,97,48.2,237,54.6,279,9.1,180,6.2,9
Pepperdine,50.8,166,54.7,352,32.6,183,33.900000000000006,218,28.499999999999996,186,25.900000000000002,55,16.400000000000002,137,16.900000000000002,180,35.6,82,38.4,358,49.5,216,53.4,311,69.9,275,72.4,212,32.4,297,31.6,28,49.9,189,50.4,175,7.0,295,6.2,10
Western Michigan,48.699999999999996,259,50.9,199,31.5,222,31.5,142,33.7,41,29.599999999999998,209,19.7,326,15.5,283,32.8,240,34.1,201,48.4,262,50.8,197,62.3,359,72.1,190,38.9,134,38.5,234,49.3,204,51.0,190,7.6,268,6.3,11
Idaho St.,51.1,149,54.50000000000001,346,33.5,155,32.6,181,30.3,120,26.8,83,16.7,160,18.2,97,32.2,263,36.0,318,52.6,87,54.7,341,68.7,303,74.7,328,35.0,245,30.0,12,45.8,285,47.1,88,9.1,177,6.4,12
Purdue,55.800000000000004,13,47.5,38,41.3,13,22.0,4,37.7,6,24.3,15,16.400000000000002,135,13.700000000000001,341,40.4,2,31.5,44,53.3,64,47.7,62,72.0,186,72.3,198,34.7,252,36.9,174,64.9,3,54.9,286,9.3,168,6.5,13
Stony Brook,50.3,197,50.0,150,29.2,279,27.400000000000002,53,26.6,259,29.299999999999997,196,15.1,58,15.2,294,35.5,90,34.8,245,48.6,258,48.4,89,74.4,81,69.2,40,36.8,192,42.3,326,45.8,287,57.5,330,9.0,187,6.5,14
Nebraska Omaha,49.5,236,53.400000000000006,321,39.7,27,32.2,168,24.7,300,26.400000000000002,69,14.499999999999998,34,15.9,258,31.6,295,35.7,303,50.5,169,53.3,306,74.8,74,74.5,320,33.0,291,42.5,332,39.8,357,48.8,131,7.2,282,6.5,15
Wright St.,58.5,2,55.300000000000004,354,33.6,153,30.0,115,28.9,171,28.1,134,16.5,146,16.3,224,38.4,10,37.1,344,58.8,5,55.0,344,76.0,37,72.0,178,29.3,338,37.7,204,51.1,156,44.7,41,6.9,299,6.5,16
Washington St.,51.800000000000004,113,47.199999999999996,28,31.6,217,32.300000000000004,173,32.9,59,25.0,29,16.400000000000002,136,15.7,273,33.9,179,32.5,92,52.2,95,46.5,30,70.4,256,73.1,258,32.2,300,31.1,22,45.9,279,45.6,51,12.3,38,6.6,17
Nevada,53.2,58,48.4,68,45.0,6,34.2,226,27.3,237,26.900000000000002,94,15.2,62,17.4,139,36.4,38,31.6,50,52.5,89,49.1,114,72.1,178,70.1,73,33.7,273,41.0,299,57.9,40,55.5,300,11.1,75,6.6,18
Florida Atlantic,54.7,26,49.6,124,34.8,125,27.3,48,33.5,43,29.299999999999997,194,16.2,121,16.400000000000002,214,35.1,117,33.6,156,56.0,17,49.2,119,72.2,173,72.7,234,39.1,131,36.2,131,50.9,161,38.9,3,7.9,246,6.6,19
UCLA,46.6,324,50.1,162,35.8,97,35.8,262,29.9,136,28.299999999999997,142,16.5,148,18.099999999999998,105,33.3,207,33.7,164,45.2,341,49.7,146,73.2,121,69.5,51,30.1,328,42.2,324,47.4,253,49.3,141,10.5,104,6.7,20
Delaware St.,46.1,333,50.9,203,39.5,29,36.199999999999996,273,33.1,56,31.5,300,21.099999999999998,345,21.7,18,31.0,317,35.9,316,46.0,331,48.9,107,70.9,232,71.9,176,25.1,360,39.8,276,47.9,245,53.5,257,5.7,343,6.7,21
Kansas,53.5,50,48.3,62,32.5,184,28.499999999999996,76,25.7,286,26.5,71,16.5,144,16.5,208,33.6,196,34.6,239,54.7,32,45.8,21,72.2,171,69.4,44,29.8,334,41.0,300,66.9,1,52.1,221,11.1,72,6.9,22
Santa Clara,52.300000000000004,86,48.4,69,31.6,218,33.300000000000004,198,34.1,32,26.1,58,18.2,263,14.399999999999999,323,34.5,151,31.7,52,52.6,84,48.9,104,71.4,213,70.4,88,38.5,147,37.0,177,54.2,86,48.6,121,7.0,294,6.9,23
Florida St.,50.3,199,52.2,274,36.8,74,41.0,331,28.499999999999996,188,32.800000000000004,329,16.400000000000002,140,20.7,24,31.7,288,35.4,283,51.5,128,51.6,235,70.7,245,70.2,77,31.6,307,38.2,216,45.0,300,48.3,116,12.0,46,7.0,24
Northern Illinois,49.8,222,52.900000000000006,306,36.199999999999996,91,34.699999999999996,238,28.000000000000004,204,31.2,285,18.099999999999998,260,14.299999999999999,324,32.7,244,36.7,330,50.2,188,51.8,245,68.2,311,68.1,15,39.1,127,35.8,120,39.7,358,53.3,256,12.2,40,7.1,25
Ohio St.,50.9,161,48.699999999999996,81,33.6,151,29.9,111,31.4,96,28.499999999999996,149,15.5,75,15.9,260,34.4,154,34.6,238,50.5,168,47.0,46,76.7,30,71.0,116,34.7,251,33.7,56,51.4,148,47.1,85,11.2,69,7.1,26
Cleveland St.,49.4,239,51.300000000000004,228,31.0,230,37.4,292,33.4,48,34.5,350,14.899999999999999,50,19.3,50,33.1,218,30.0,10,49.3,220,55.2,349,66.8,327,70.5,93,31.2,314,38.0,211,47.2,255,50.2,167,11.0,79,7.1,27
Clemson,53.900000000000006,44,48.199999999999996,57,30.7,241,32.1,166,27.200000000000003,241,26.6,75,14.799999999999999,45,13.900000000000002,337,35.1,120,33.1,127,54.6,33,47.1,47,78.0,15,73.2,261,39.9,109,41.1,302,53.8,96,44.7,40,10.9,84,7.1,28
Marshall,46.800000000000004,319,51.4,238,28.799999999999997,290,29.9,113,29.799999999999997,139,27.900000000000002,127,16.5,145,16.2,235,31.0,318,36.2,323,47.1,300,49.8,150,70.6,249,70.4,89,41.3,78,35.3,102,57.0,47,48.8,129,10.6,99,7.1,29
Radford,50.8,168,50.9,198,28.000000000000004,305,31.7,153,30.7,112,34.0,345,16.2,123,15.8,266,35.7,79,32.4,83,49.4,218,52.4,278,73.3,116,71.0,122,34.2,265,39.7,271,41.1,345,47.1,89,9.8,141,7.1,30
UC Santa Barbara,53.300000000000004,53,50.6,187,39.7,26,31.0,133,25.2,293,26.6,76,19.1,310,14.299999999999999,325,35.4,97,32.1,68,53.4,61,51.8,242,74.4,83,68.2,16,30.5,323,33.7,57,50.0,188,45.9,57,7.9,249,7.1,31
Houston,50.3,200,44.0,2,30.8,236,39.4,318,36.8,11,31.2,282,13.8,12,24.4,3,34.8,132,30.1,11,49.2,226,43.1,3,68.7,299,67.4,7,36.8,191,40.1,284,49.3,205,59.8,353,16.0,2,7.2,32
Little Rock,52.6,76,48.199999999999996,58,32.800000000000004,175,35.4,257,31.900000000000002,85,30.0,220,17.5,210,17.8,123,34.5,145,32.3,81,53.0,72,48.1,78,74.8,70,74.1,310,31.1,318,38.4,228,52.5,124,48.0,108,12.8,28,7.2,33
Arizona St.,47.3,298,51.7,251,33.1,163,31.2,137,21.8,351,29.7,215,14.799999999999999,46,19.400000000000002,46,30.1,327,34.0,193,48.6,256,52.2,266,65.5,346,70.8,111,37.7,169,39.2,250,48.7,216,57.5,329,10.2,125,7.2,34
Colgate,53.300000000000004,57,47.9,43,27.500000000000004,320,24.5,13,25.1,296,24.8,26,16.2,115,16.2,234,35.5,88,30.8,24,53.4,59,49.1,113,68.1,313,67.2,5,38.1,155,40.0,280,56.2,62,52.8,240,9.8,146,7.2,35
New Mexico St.,46.9,315,50.9,201,32.7,179,44.800000000000004,349,25.4,291,29.599999999999998,210,17.7,222,15.8,268,31.2,311,34.7,244,47.0,303,50.0,162,68.4,307,70.6,101,34.6,254,42.4,330,45.1,298,56.3,314,8.9,189,7.2,36
Drake,54.7,27,50.8,195,32.300000000000004,188,31.3,138,24.099999999999998,314,22.5,2,13.8,9,17.5,136,36.4,37,33.3,136,54.8,28,51.3,220,75.6,48,70.5,90,39.2,124,38.9,246,56.3,59,42.0,14,4.6,353,7.2,37
UMBC,52.7,72,50.3,166,24.099999999999998,354,28.299999999999997,74,25.5,289,31.0,277,17.5,212,14.899999999999999,309,35.3,103,31.3,39,52.6,83,52.2,263,70.9,236,72.7,235,35.1,242,36.4,140,43.5,330,45.5,49,9.1,176,7.3,38
Tulsa,50.3,198,49.7,130,40.6,18,35.099999999999994,251,24.4,305,30.4,244,18.2,270,18.099999999999998,108,32.1,271,32.7,106,51.7,119,50.0,155,73.8,100,69.4,43,41.2,80,38.7,241,49.9,192,53.1,248,8.4,218,7.3,39
Syracuse,51.300000000000004,143,52.800000000000004,301,34.1,138,26.6,31,24.099999999999998,313,31.8,308,15.9,103,20.1,33,33.4,202,34.7,243,51.9,110,53.2,303,72.1,182,72.6,225,33.7,274,37.0,179,49.7,196,50.3,172,10.4,106,7.4,40
Cal St. Bakersfield,47.0,310,50.0,154,32.0,198,46.7,357,32.9,64,31.2,284,18.3,276,18.6,75,32.1,270,34.3,218,46.6,315,49.1,118,72.4,158,72.8,239,25.7,359,36.7,165,41.5,341,51.5,210,10.4,107,7.4,41
Mount St. Mary's,53.2,59,49.3,106,26.700000000000003,334,30.3,121,30.2,122,27.900000000000002,126,20.7,342,18.0,114,35.2,107,34.6,237,53.3,65,48.0,76,72.5,152,75.7,345,33.3,286,34.8,88,48.3,232,49.6,150,10.1,126,7.4,42
Longwood,49.1,250,51.9,256,39.5,30,36.199999999999996,274,36.3,14,25.900000000000002,53,18.3,271,19.400000000000002,47,34.0,172,35.1,264,48.4,263,51.4,229,69.3,292,69.7,59,28.4,346,39.6,267,48.2,238,49.4,142,7.1,289,7.4,43
Arkansas,50.5,187,50.4,174,45.300000000000004,5,39.0,310,25.2,294,29.799999999999997,216,16.3,129,15.1,301,31.8,287,33.9,182,51.8,115,50.1,163,75.6,46,72.7,230,32.9,293,34.1,70,45.1,296,47.0,81,14.9,8,7.5,44
Grand Canyon,51.4,139,45.800000000000004,9,46.7,3,34.1,224,34.1,33,30.2,225,17.8,230,19.8,40,33.5,198,32.1,70,52.1,102,44.5,9,74.9,67,70.6,97,36.1,212,34.2,72,44.9,303,48.7,127,14.0,17,7.5,45
VCU,51.800000000000004,111,46.800000000000004,21,35.0,117,34.1,225,27.800000000000004,218,26.900000000000002,93,18.2,266,16.7,195,35.3,101,31.3,38,50.9,148,46.7,35,78.1,13,73.4,269,44.2,35,38.9,245,56.7,52,49.2,136,12.8,29,7.5,46
Southern Miss,48.4,269,50.5,183,37.9,53,33.0,190,28.9,172,30.5,249,18.5,285,17.2,159,33.8,183,35.7,300,47.2,295,48.9,105,70.8,238,67.7,9,33.6,275,34.5,79,48.5,225,46.8,72,12.7,30,7.5,47
Indiana,52.1,91,49.0,89,37.7,59,31.6,146,26.900000000000002,255,29.7,213,17.5,209,14.899999999999999,308,32.4,255,34.3,217,53.4,62,47.4,51,66.4,332,75.0,334,27.8,351,41.2,307,57.3,44,52.8,239,11.2,70,7.5,48
Lamar,50.9,159,49.2,101,33.2,159,39.2,312,33.1,57,31.900000000000002,310,18.0,246,19.3,51,34.8,133,33.3,138,50.2,180,48.8,98,73.2,120,70.6,98,35.3,231,39.6,264,59.4,22,58.0,333,10.4,111,7.5,49
Canisius,49.6,232,51.2,219,27.500000000000004,321,28.000000000000004,65,32.800000000000004,65,28.1,132,19.1,312,16.3,226,32.9,233,34.4,224,49.7,208,51.0,207,61.9,360,70.6,102,36.1,213,31.8,33,47.8,247,51.1,194,8.2,228,7.5,50
BYU,54.800000000000004,23,48.199999999999996,56,25.4,345,32.0,164,32.800000000000004,67,24.6,21,15.299999999999999,64,16.0,248,34.8,137,32.0,63,57.5,8,48.3,84,74.2,90,69.9,64,50.4,4,34.0,65,63.4,6,47.3,92,7.6,265,7.5,51
Western Carolina,51.7,117,47.199999999999996,29,27.700000000000003,313,32.4,177,29.099999999999998,164,24.2,13,14.7,39,13.3,347,36.8,28,33.9,175,49.8,207,45.5,17,71.2,224,70.7,106,35.5,226,31.8,34,40.1,354,36.6,1,7.1,288,7.5,52
St. John's,50.9,157,49.5,116,27.3,325,34.4,233,38.6,4,30.3,229,15.7,90,18.5,84,34.1,165,35.0,255,50.8,160,47.9,73,72.8,137,74.4,318,32.5,296,35.9,124,53.4,105,53.9,267,14.8,10,7.6,53
Florida Gulf Coast,52.1,93,52.800000000000004,300,27.200000000000003,328,29.299999999999997,93,29.599999999999998,147,28.299999999999997,144,17.599999999999998,215,15.8,267,36.2,48,35.9,312,50.8,161,52.0,255,70.0,271,69.8,61,37.3,185,42.8,337,44.2,321,51.8,213,9.6,152,7.6,54
Mercer,50.1,212,51.2,217,27.6,317,38.9,309,30.599999999999998,115,31.1,279,16.6,156,17.9,116,35.4,95,34.2,206,48.8,246,51.2,217,66.3,335,72.5,223,30.1,329,36.9,176,49.6,199,45.7,55,9.3,165,7.6,55
Oral Roberts,51.1,147,51.4,235,26.0,341,32.300000000000004,175,20.9,355,30.599999999999998,260,14.2,25,14.499999999999998,316,36.0,60,35.8,305,49.1,236,50.0,158,75.4,51,73.5,277,42.1,59,38.5,229,40.6,352,49.6,151,9.3,167,7.6,56
Marist,50.8,163,47.099999999999994,25,29.799999999999997,262,35.0,250,23.1,336,26.8,88,18.4,280,20.4,29,35.6,81,31.8,54,49.3,221,46.8,39,69.7,278,68.0,14,36.4,202,38.3,221,52.5,123,43.9,33,8.6,201,7.6,57
Tennessee,51.1,148,45.300000000000004,5,33.7,147,35.699999999999996,261,32.2,75,28.199999999999996,138,14.499999999999998,36,18.5,79,34.4,152,31.2,34,50.8,152,44.3,8,75.1,59,71.0,119,41.2,82,41.1,301,61.3,13,48.9,132,13.5,23,7.7,58
Jacksonville St.,48.199999999999996,274,50.5,184,37.2,67,34.9,246,33.800000000000004,39,25.3,36,20.3,339,18.2,101,32.2,264,34.9,253,48.3,264,49.4,134,69.1,295,70.8,110,28.3,347,36.2,133,42.9,334,46.7,68,11.2,68,7.7,59
Richmond,52.7,70,46.9,24,27.6,315,26.6,32,17.299999999999997,362,26.6,77,12.8,2,17.1,161,36.2,46,31.4,42,51.8,112,46.8,38,73.2,119,73.0,252,35.4,229,40.7,289,49.5,202,47.9,105,8.5,213,7.7,60
Robert Morris,50.3,195,53.300000000000004,318,28.000000000000004,308,36.8,283,33.2,54,29.5,205,20.0,330,15.8,269,33.8,187,34.3,214,50.0,196,54.3,334,71.9,192,73.0,253,42.6,50,34.8,84,52.1,133,50.8,185,7.4,277,7.7,61
IU Indy,46.5,327,58.199999999999996,362,33.2,161,33.4,202,30.0,130,35.5,356,21.3,352,18.5,88,24.7,362,38.0,356,49.5,215,59.0,362,72.3,169,73.5,279,24.3,362,37.5,200,42.4,337,55.3,297,6.0,339,7.7,62
Michigan St.,51.6,123,48.0,48,29.299999999999997,272,32.4,176,29.799999999999997,140,28.499999999999996,150,15.0,54,18.5,81,36.2,44,32.6,96,50.5,165,47.4,55,70.8,237,71.5,150,30.5,324,41.6,314,58.8,28,54.8,283,11.7,56,7.8,63
Cal St. Northridge,48.9,254,48.3,64,37.6,60,39.5,319,31.1,104,26.900000000000002,92,19.0,304,18.0,113,30.0,330,33.1,131,50.3,176,47.2,48,67.5,318,73.1,260,26.4,358,44.5,349,50.1,187,59.2,346,10.1,130,7.8,64
Bethune Cookman,47.3,295,50.1,161,38.2,47,49.2,361,29.2,159,33.2,336,19.5,324,21.9,12,32.0,275,34.1,202,47.0,301,49.5,142,75.8,40,71.0,117,29.7,335,35.2,100,47.5,251,59.3,347,9.5,161,7.8,65
Northern Arizona,49.3,245,52.900000000000006,307,31.1,229,37.4,291,24.099999999999998,315,31.1,281,18.099999999999998,259,16.7,194,31.2,310,32.0,65,50.7,162,55.4,350,69.6,286,71.6,156,35.2,235,34.0,67,53.8,94,47.0,76,8.1,231,7.8,66
Northern Colorado,55.1,18,52.5,285,27.800000000000004,311,29.099999999999998,88,23.9,319,25.0,31,15.7,84,15.4,285,35.1,118,35.6,291,56.4,15,52.0,251,72.7,147,75.2,337,35.9,221,39.4,254,49.7,197,46.8,70,6.5,317,7.8,67
Saint Mary's,52.800000000000004,68,45.1,4,28.000000000000004,304,33.4,203,38.7,3,22.3,1,16.0,104,16.7,191,35.3,100,32.3,80,52.7,81,43.8,5,67.2,322,71.6,158,36.8,194,29.2,8,58.4,31,47.7,101,9.9,137,7.9,68
Eastern Washington,57.199999999999996,4,52.800000000000004,298,39.6,28,33.5,205,26.400000000000002,268,27.1,99,19.0,305,16.3,225,36.8,27,36.9,336,58.7,6,51.0,205,76.9,29,74.2,312,42.0,63,41.8,316,62.3,9,51.7,211,9.8,145,7.9,69
N.C. State,50.7,172,49.5,117,32.0,196,31.5,141,28.199999999999996,198,29.099999999999998,189,13.8,10,17.5,137,34.4,153,33.6,158,50.2,182,49.0,110,73.3,114,73.6,283,33.3,285,36.7,164,47.4,252,49.1,135,9.7,148,7.9,70
Central Arkansas,47.5,292,54.0,334,29.299999999999997,276,33.7,212,28.299999999999997,193,31.4,298,18.099999999999998,262,15.4,289,34.2,163,37.9,353,45.2,342,51.9,249,75.1,63,72.7,231,37.8,164,42.1,321,53.7,98,47.8,102,9.2,172,7.9,71
Grambling St.,48.1,278,49.7,131,38.800000000000004,36,33.800000000000004,214,27.900000000000002,211,32.800000000000004,330,20.0,332,18.8,69,34.0,173,34.3,213,46.9,307,48.8,100,70.9,231,72.8,240,29.0,342,34.2,73,40.6,350,56.2,312,8.7,199,7.9,72
High Point,52.300000000000004,84,50.1,157,43.2,7,37.4,290,36.8,10,26.1,57,15.9,95,13.900000000000002,338,33.0,228,34.5,230,54.0,42,49.3,125,78.2,12,72.7,228,39.4,117,31.6,27,40.6,349,44.3,37,8.2,224,7.9,73
Akron,51.7,116,49.1,95,32.7,178,29.4,95,29.2,157,25.6,47,16.900000000000002,175,16.7,193,31.7,290,30.7,22,54.7,30,50.8,193,72.4,159,69.6,55,41.6,70,36.8,168,47.7,250,45.3,46,7.9,247,7.9,74
Stanford,54.300000000000004,34,51.9,255,28.599999999999998,294,25.3,20,23.200000000000003,333,27.3,104,17.8,226,15.5,280,36.9,23,35.7,296,53.6,53,50.9,200,72.8,140,68.5,22,41.1,84,37.6,201,57.9,39,45.7,53,7.9,248,7.9,75
Mississippi,51.2,145,50.2,164,35.099999999999994,113,32.300000000000004,171,30.099999999999998,126,36.199999999999996,359,15.7,92,18.099999999999998,103,36.6,33,33.8,167,49.2,229,50.0,157,72.8,139,71.1,128,35.1,239,37.0,178,57.6,43,55.4,298,15.1,7,8.0,76
Drexel,50.6,179,47.8,42,30.0,257,26.700000000000003,35,33.6,42,24.5,18,16.5,143,13.100000000000001,353,34.1,171,31.4,43,50.3,175,48.2,81,72.4,156,70.6,99,33.2,287,35.4,104,46.1,273,43.8,32,10.2,120,8.0,77
Charlotte,50.8,162,48.5,73,35.199999999999996,108,31.5,140,26.1,274,28.999999999999996,183,15.5,78,15.2,295,31.3,306,31.1,31,53.2,68,49.5,137,75.2,56,70.9,112,38.2,153,36.6,150,53.6,99,45.0,45,9.5,155,8.0,78
Hampton,46.7,321,51.6,248,29.4,270,29.9,112,27.900000000000002,209,31.900000000000002,313,17.9,239,15.0,305,30.9,321,33.9,183,46.9,306,52.1,261,71.4,217,75.8,347,38.6,145,39.0,247,48.3,233,49.5,146,9.5,157,8.0,79
Massachusetts,50.6,181,48.5,74,35.8,96,38.6,303,36.5,13,30.099999999999998,222,16.0,108,18.9,61,31.3,302,33.5,154,52.6,85,47.5,57,69.9,272,72.1,189,35.1,240,38.4,226,56.3,58,55.1,292,8.6,206,8.0,80
Stetson,52.800000000000004,69,52.300000000000004,278,31.8,212,25.5,21,27.400000000000002,230,31.5,301,15.9,102,13.5,344,35.9,68,34.6,235,52.1,103,52.6,286,76.3,35,73.4,270,41.7,69,37.3,190,48.4,229,49.9,158,7.8,257,8.0,81
Eastern Michigan,47.9,280,52.0,264,25.0,350,31.5,144,27.6,222,31.2,287,17.0,182,15.7,274,30.8,322,31.9,60,48.7,250,54.7,342,67.2,325,68.8,29,32.3,298,39.5,259,40.9,346,50.4,176,6.5,319,8.0,82
Montana St.,54.2,37,52.300000000000004,277,30.599999999999998,243,36.9,284,20.5,358,28.9,177,16.7,165,18.5,85,36.7,32,32.7,102,53.6,51,54.0,326,72.9,135,71.8,169,41.7,67,34.7,81,48.2,236,46.4,64,6.2,331,8.0,83
Hawaii,52.6,74,48.5,72,39.0,33,33.6,208,25.8,283,25.3,39,18.6,287,15.7,276,34.0,176,30.8,25,53.8,47,49.3,126,72.8,138,72.9,243,42.4,52,25.4,1,48.7,213,37.3,2,6.0,337,8.0,84
Abilene Christian,47.099999999999994,304,51.6,247,37.9,54,39.900000000000006,324,25.900000000000002,282,30.4,242,17.7,223,20.200000000000003,32,34.1,164,32.5,91,45.7,333,53.0,301,73.1,131,69.1,36,26.4,356,31.6,29,48.6,219,47.2,91,5.7,342,8.0,85
Youngstown St.,50.4,194,49.0,92,29.299999999999997,273,30.7,130,33.900000000000006,36,28.7,163,15.5,76,16.5,207,31.9,278,34.0,192,52.2,99,47.9,72,77.0,26,69.5,48,42.2,54,35.7,114,51.0,159,53.8,265,11.9,49,8.1,86
Buffalo,47.3,297,53.900000000000006,331,26.0,342,28.7,82,28.299999999999997,192,30.599999999999998,257,20.0,331,15.1,302,27.5,361,36.5,327,51.6,123,53.5,313,71.1,227,72.4,210,41.4,76,35.1,93,52.4,128,53.6,258,11.0,80,8.1,87
Alabama A&M,45.9,339,49.1,97,47.199999999999996,2,45.2,352,31.8,90,32.7,325,22.400000000000002,358,19.400000000000002,48,28.7,350,35.2,272,46.9,308,46.9,43,72.2,172,74.9,331,26.9,354,36.8,170,45.8,286,54.0,268,10.8,90,8.1,88
Rider,47.699999999999996,285,49.2,104,31.900000000000002,203,36.5,280,31.4,98,28.999999999999996,180,17.9,237,16.0,254,33.7,193,34.4,223,46.6,316,47.7,68,75.3,53,69.5,50,28.1,348,38.2,217,51.1,157,51.9,217,10.3,115,8.1,89
Evansville,50.1,211,52.400000000000006,282,28.299999999999997,302,28.299999999999997,72,21.4,353,26.1,60,16.6,154,17.2,155,33.6,195,35.5,287,49.9,202,51.7,237,72.1,181,73.9,301,34.9,247,43.0,341,49.8,194,54.5,278,9.0,186,8.1,90
Le Moyne,50.1,210,50.6,190,25.3,348,27.800000000000004,62,23.1,335,29.9,219,16.6,155,17.8,122,34.1,166,33.4,145,49.2,228,51.0,208,76.5,33,70.6,95,47.5,14,43.0,339,60.7,15,56.3,313,8.7,200,8.1,91
St. Bonaventure,52.300000000000004,87,51.1,211,32.2,189,33.900000000000006,219,29.7,146,28.499999999999996,151,16.2,119,19.2,53,36.5,35,33.5,148,50.8,156,51.8,244,77.4,21,69.5,47,36.7,198,40.7,288,48.3,234,58.0,336,12.0,47,8.2,92
UMKC,49.4,238,51.1,213,29.299999999999997,274,45.1,351,31.3,101,25.3,37,17.9,235,17.299999999999997,149,33.4,203,32.4,87,48.9,241,52.7,289,72.6,151,70.9,113,43.4,41,37.5,196,50.7,169,48.6,123,10.8,87,8.2,93
UC Davis,50.2,203,49.1,96,38.2,46,38.4,302,28.599999999999998,184,30.599999999999998,256,19.3,318,20.9,21,32.9,230,32.7,105,50.8,153,49.1,116,75.1,60,73.8,290,37.4,183,33.1,47,51.1,152,48.6,122,9.6,150,8.2,94
Cal St. Fullerton,48.0,279,49.9,145,38.6,38,35.6,259,24.3,309,29.599999999999998,211,18.099999999999998,257,17.9,118,32.2,266,31.8,57,47.7,283,51.3,223,71.7,200,71.8,171,36.2,210,38.6,240,36.8,361,51.2,200,9.0,184,8.2,95
Chicago St.,46.1,332,53.6,326,38.2,49,36.0,270,32.4,74,35.3,355,20.0,334,21.099999999999998,20,29.7,333,33.3,141,46.9,305,55.6,353,70.3,262,68.4,21,34.5,258,35.5,111,43.5,329,49.8,153,8.1,233,8.2,96
Charleston Southern,45.2,346,50.9,204,31.2,225,33.5,206,27.0,250,28.999999999999996,181,18.099999999999998,255,13.4,345,31.4,300,31.9,59,44.1,351,52.3,277,73.2,125,70.8,109,35.9,217,31.5,25,40.7,347,44.5,38,7.4,273,8.2,97
St. Thomas,54.400000000000006,31,52.0,260,29.4,271,28.999999999999996,85,24.0,316,25.5,44,14.799999999999999,44,18.5,80,35.7,73,33.8,168,55.0,26,52.8,292,72.4,161,73.9,300,46.0,22,39.6,260,50.9,163,48.0,110,6.3,330,8.2,98
UNC Wilmington,51.1,150,51.7,249,32.9,173,33.1,195,29.9,134,30.599999999999998,255,12.8,3,17.1,162,33.0,223,35.5,288,52.1,104,50.8,195,76.5,32,70.7,104,39.7,113,36.7,158,41.9,339,43.1,25,6.1,334,8.2,99
Bellarmine,49.0,252,53.900000000000006,330,21.4,362,31.900000000000002,160,21.8,352,29.4,204,14.499999999999998,37,14.6,315,33.6,197,35.0,257,48.3,265,55.1,347,77.6,18,74.7,326,37.3,187,44.4,348,50.1,186,51.3,204,4.6,355,8.2,100
Connecticut,56.89999999999999,7,44.4,3,31.900000000000002,202,31.1,135,36.7,12,26.700000000000003,78,14.499999999999998,35,16.0,247,35.8,71,31.2,33,59.1,4,43.2,4,74.3,84,72.5,218,40.2,103,32.9,44,63.6,5,44.7,39,14.2,12,8.3,101
Hofstra,55.400000000000006,16,49.0,87,22.3,360,28.999999999999996,86,22.900000000000002,339,29.7,214,15.7,89,17.7,126,36.8,25,34.6,233,55.5,20,46.9,42,75.6,45,76.2,355,46.1,20,42.4,327,55.5,65,53.8,264,10.4,109,8.3,102
Iowa,52.900000000000006,66,52.2,270,33.1,164,32.9,189,27.400000000000002,231,30.3,236,13.200000000000001,5,16.400000000000002,211,35.1,116,35.8,306,52.9,77,51.4,226,77.4,20,70.4,84,29.9,332,35.9,125,59.2,25,53.8,262,9.9,138,8.3,103
Colorado St.,54.2,39,48.5,71,31.8,210,31.7,152,24.6,301,26.900000000000002,95,15.4,70,16.6,198,33.0,224,33.0,122,57.0,9,48.0,74,75.2,55,73.7,287,38.2,154,33.7,55,64.9,2,47.6,99,7.9,251,8.3,104
Western Illinois,46.5,326,46.5,16,35.6,99,25.1,17,37.2,9,28.9,174,20.1,336,14.2,331,31.7,291,30.4,17,46.0,328,46.8,41,62.3,358,72.4,216,31.0,319,30.7,20,51.5,142,41.1,9,12.8,27,8.4,105
Morehead St.,54.2,36,46.400000000000006,13,30.599999999999998,242,32.300000000000004,174,31.900000000000002,83,26.5,70,18.2,264,15.4,290,35.3,102,31.8,55,55.1,23,45.8,20,71.5,209,75.8,346,45.2,24,31.6,26,52.5,121,42.6,19,10.9,82,8.4,106
Oregon St.,49.8,225,51.300000000000004,227,35.6,101,35.9,265,26.200000000000003,272,31.1,280,18.3,275,16.8,187,33.1,219,33.2,134,49.9,199,52.3,274,73.7,106,71.2,133,34.0,270,37.9,209,45.9,281,55.2,295,10.7,96,8.4,107
Tarleton St.,50.0,218,50.4,176,30.4,249,34.0,221,30.099999999999998,127,32.7,326,16.6,158,20.0,37,33.3,206,33.5,152,50.0,195,50.4,175,76.3,34,70.6,96,30.4,325,36.3,135,51.2,151,47.5,97,10.0,134,8.4,108
Northeastern,51.2,144,53.800000000000004,329,29.799999999999997,265,28.299999999999997,70,31.8,86,27.700000000000003,112,18.9,300,17.0,173,31.8,282,37.5,351,53.3,67,52.3,270,74.8,72,76.1,352,36.1,215,38.8,244,53.7,97,51.0,188,9.8,144,8.4,109
Illinois,53.6,49,48.0,46,37.1,68,26.700000000000003,33,35.6,19,26.3,64,15.0,52,12.3,360,34.9,131,34.1,198,54.4,38,46.8,36,73.6,107,72.1,185,38.6,142,28.3,7,45.8,284,43.9,34,8.2,223,8.4,110
Weber St.,53.1,61,54.400000000000006,341,35.199999999999996,110,29.299999999999997,91,23.799999999999997,323,23.7,11,14.799999999999999,43,18.4,89,34.5,144,35.4,281,53.9,45,55.2,348,73.8,103,71.6,154,38.7,139,36.7,160,44.2,319,51.1,196,4.4,359,8.4,111
Auburn,54.2,38,43.7,1,38.3,42,41.5,335,32.9,63,30.2,226,15.1,59,18.099999999999998,102,35.2,106,30.2,12,55.1,22,42.9,1,75.0,65,73.4,271,37.5,179,33.4,51,61.4,12,42.7,22,15.9,3,8.5,112
Virginia,48.6,263,46.6,17,25.3,347,25.8,25,25.6,288,28.1,135,13.0,4,19.400000000000002,45,35.8,70,30.5,18,46.2,322,47.2,49,63.7,354,74.9,332,32.6,294,39.6,266,63.0,8,52.0,218,15.5,4,8.5,113
Bryant,50.7,173,45.4,7,29.9,260,33.800000000000004,217,20.4,359,30.2,228,15.8,93,16.7,190,32.7,242,30.8,26,51.7,118,45.0,12,66.5,331,69.9,67,37.7,168,35.1,94,50.8,165,46.6,66,14.8,9,8.5,114
San Diego St.,49.9,221,47.3,34,36.7,77,33.1,193,32.7,71,28.7,164,16.2,120,18.099999999999998,104,31.5,297,31.0,29,51.5,124,47.8,69,73.0,132,70.4,87,38.0,157,40.3,285,50.5,176,49.3,140,11.9,48,8.5,115
Utah,54.400000000000006,32,48.8,82,27.1,329,26.0,28,27.500000000000004,224,25.8,51,16.1,110,14.099999999999998,332,36.9,24,33.6,155,53.6,52,48.0,75,65.0,348,68.5,24,40.5,95,36.4,138,59.7,20,51.3,201,10.3,114,8.5,116
Arizona,54.50000000000001,30,48.4,67,36.4,83,25.900000000000002,26,35.6,18,23.3,6,16.0,105,18.0,111,36.6,34,32.9,113,54.4,37,47.7,61,71.7,199,71.2,136,33.4,282,37.9,210,59.2,26,52.3,229,9.5,158,8.5,117
UNC Greensboro,53.2,60,49.5,114,27.3,324,35.8,264,29.299999999999997,156,30.5,248,16.3,131,17.7,128,38.9,8,34.3,210,49.2,230,48.0,77,73.1,128,74.2,313,44.0,36,44.2,347,54.2,88,48.0,106,8.0,239,8.5,118
Oakland,51.9,108,50.6,188,30.8,237,26.900000000000002,39,30.4,118,28.799999999999997,171,15.9,98,16.2,233,35.5,87,33.9,176,51.0,146,50.5,177,75.1,61,73.5,278,41.4,77,40.9,294,53.5,103,62.6,362,7.8,259,8.5,119
Northern Iowa,51.6,122,52.2,273,37.4,64,30.5,123,23.9,320,22.5,3,15.2,61,16.5,206,34.1,168,35.0,256,51.9,111,52.0,252,71.4,215,77.0,358,36.8,197,41.1,304,48.4,230,45.4,47,7.4,274,8.5,120
Detroit Mercy,47.3,299,55.900000000000006,359,30.3,253,31.900000000000002,159,25.900000000000002,281,35.199999999999996,354,19.400000000000002,322,17.299999999999997,152,28.1,358,37.1,346,50.4,174,56.1,357,73.5,113,78.0,359,36.9,190,37.2,186,45.2,295,52.3,230,6.6,316,8.5,121
VMI,46.0,336,54.400000000000006,343,27.6,318,30.9,132,23.799999999999997,324,30.599999999999998,259,21.2,348,15.1,303,29.7,335,36.2,324,46.7,313,54.5,339,70.2,266,64.9,2,33.3,283,38.4,227,38.0,360,51.3,205,6.2,332,8.5,122
American,52.5,80,53.400000000000006,320,28.4,299,29.799999999999997,110,27.900000000000002,208,25.6,48,17.299999999999997,198,17.0,168,34.7,140,36.9,338,52.8,80,51.9,247,72.4,160,69.9,66,44.9,26,42.3,325,56.4,56,51.9,215,5.5,348,8.5,123
Marquette,55.00000000000001,22,49.8,133,25.5,344,26.900000000000002,40,25.7,285,30.8,270,14.299999999999999,30,21.099999999999998,19,35.2,105,33.7,163,56.6,12,49.3,124,70.3,260,74.8,330,41.1,86,42.8,336,54.5,82,59.4,348,10.6,103,8.6,124
Norfolk St.,49.6,234,49.5,119,41.8,12,43.2,343,31.3,100,31.4,295,18.4,282,22.0,11,33.2,210,34.5,229,49.6,210,47.7,65,72.8,136,74.2,314,32.5,295,45.3,356,46.9,263,62.5,361,10.3,118,8.6,125
Yale,52.1,92,50.4,172,27.800000000000004,310,29.4,96,27.800000000000004,214,24.2,14,14.299999999999999,27,16.2,228,35.0,122,34.5,227,51.9,109,49.4,132,70.5,253,73.9,303,35.4,230,41.5,310,53.3,108,56.6,319,9.6,153,8.6,126
Belmont,55.00000000000001,21,51.1,209,30.3,251,27.0,41,21.0,354,27.500000000000004,109,16.7,163,16.400000000000002,217,37.2,21,33.0,116,54.5,35,52.2,262,73.2,124,72.0,180,41.9,64,39.8,272,55.3,69,54.3,273,7.9,254,8.6,127
Montana,54.7,25,50.7,191,28.799999999999997,289,34.4,232,25.3,292,26.8,86,15.1,56,14.000000000000002,334,35.9,66,34.2,205,55.2,21,50.5,176,79.8,4,71.6,152,37.6,174,31.8,32,51.9,136,43.0,24,7.5,270,8.6,128
Kentucky,57.199999999999996,5,49.6,123,30.4,248,33.5,207,28.9,173,30.3,234,14.2,24,15.9,257,40.9,1,33.2,132,54.7,31,49.4,131,77.2,23,71.5,146,37.5,177,40.1,283,54.9,75,52.1,222,16.2,1,8.7,129
Louisiana Tech,50.6,182,45.6,8,42.0,11,32.0,161,33.800000000000004,38,28.000000000000004,130,18.8,294,17.599999999999998,134,35.7,75,33.5,150,49.0,238,43.0,2,70.1,267,71.9,177,34.6,256,36.4,141,48.1,240,47.0,79,13.7,20,8.7,130
Central Connecticut,50.2,205,49.6,125,33.0,165,26.700000000000003,34,27.6,219,26.8,84,16.7,161,17.5,138,32.8,236,34.8,248,50.8,159,48.2,80,70.7,242,68.0,13,35.4,228,35.2,98,54.2,85,56.0,309,12.2,41,8.7,131
Penn St.,50.3,196,50.2,165,35.3,107,36.3,276,26.8,257,32.2,320,15.7,91,20.7,23,33.4,201,30.3,14,50.5,164,52.5,282,74.7,75,76.7,357,39.2,126,32.8,42,48.7,214,56.7,321,8.8,195,8.7,132
Morgan St.,47.4,294,52.0,265,31.3,224,41.4,334,29.5,149,37.2,360,20.200000000000003,338,18.2,100,28.2,357,35.3,279,49.3,224,51.6,236,75.8,41,69.2,39,26.9,353,32.4,37,44.4,314,48.5,120,8.2,227,8.7,133
Kent St.,50.7,171,51.300000000000004,225,31.900000000000002,205,34.9,247,31.0,106,28.7,166,17.2,193,18.5,86,36.0,58,33.0,118,48.5,259,52.6,287,73.8,101,73.4,272,39.2,125,39.7,268,49.2,206,50.2,166,7.7,262,8.7,134
Seattle,50.7,170,46.300000000000004,12,34.599999999999994,131,35.8,263,29.9,137,25.6,46,18.4,278,17.4,144,34.5,147,29.1,2,50.1,189,47.7,63,73.9,98,70.2,75,37.8,163,33.9,62,49.9,191,47.5,98,7.6,266,8.7,135
Maryland Eastern Shore,43.0,359,50.9,205,32.7,180,37.8,296,28.799999999999997,175,33.7,343,20.0,333,18.9,63,28.3,355,33.0,125,43.3,356,51.7,241,71.3,221,69.1,37,34.8,249,36.2,132,47.0,261,48.6,124,7.4,276,8.7,136
Mississippi Valley St.,42.5,360,55.60000000000001,357,33.0,169,41.6,336,27.900000000000002,213,35.699999999999996,357,24.0,362,17.2,160,29.2,344,37.0,343,41.9,361,55.6,354,65.8,344,71.4,145,30.4,326,36.5,146,44.2,318,54.1,269,6.5,321,8.7,137
Fairfield,52.0,100,52.5,286,28.4,298,25.8,24,27.900000000000002,206,30.599999999999998,258,15.5,79,20.200000000000003,31,36.2,43,34.1,195,50.4,173,53.3,307,75.7,44,69.9,62,42.0,61,36.8,167,49.4,203,50.1,162,5.6,345,8.7,138
McNeese St.,54.2,40,48.3,61,40.1,25,33.7,210,31.900000000000002,84,30.599999999999998,254,14.000000000000002,18,22.900000000000002,6,38.7,9,33.4,143,52.2,96,46.6,31,69.6,282,71.6,155,33.5,279,47.6,362,51.5,147,58.6,340,12.5,35,8.8,139
Missouri St.,49.7,231,48.0,51,31.5,220,24.9,16,29.099999999999998,160,24.7,23,17.299999999999997,196,13.100000000000001,354,31.4,301,33.0,124,51.2,139,47.0,45,71.1,225,71.7,163,36.8,195,38.8,242,47.1,257,49.8,152,11.8,51,8.8,140
Iowa St.,52.0,99,47.4,37,35.4,102,34.8,242,31.1,103,29.4,202,15.4,72,25.3,2,35.8,69,31.5,47,51.2,138,47.4,53,70.2,263,70.6,100,31.7,306,45.2,354,58.0,37,58.9,344,10.8,92,8.8,141
Central Michigan,46.800000000000004,318,47.3,35,27.400000000000002,323,30.599999999999998,127,28.599999999999998,181,30.7,264,17.5,211,16.2,238,30.1,329,31.2,37,47.7,282,47.7,67,66.1,341,74.4,319,35.2,236,40.8,293,46.0,278,52.2,226,10.4,108,8.8,142
South Dakota St.,55.2,17,51.300000000000004,222,30.099999999999998,256,27.0,42,24.4,303,25.1,33,16.6,152,16.400000000000002,215,36.4,41,35.5,284,55.6,19,49.5,136,71.8,196,74.2,315,40.4,99,46.9,361,46.9,264,48.5,119,9.5,156,8.8,143
San Jose St.,51.4,141,54.400000000000006,342,22.400000000000002,359,35.9,269,22.400000000000002,345,30.2,227,15.6,81,15.9,261,34.2,162,38.9,361,51.5,129,52.3,271,69.9,274,69.5,53,42.0,60,35.1,92,51.4,150,55.5,301,8.8,194,8.8,144
Purdue Fort Wayne,53.5,52,51.6,245,29.799999999999997,264,32.800000000000004,188,23.0,338,29.2,193,14.7,42,21.7,15,36.0,56,32.7,103,53.1,70,53.1,302,70.6,251,71.8,173,42.6,49,36.4,137,47.3,254,51.1,195,8.2,229,8.8,145
Wofford,53.300000000000004,55,51.5,239,27.700000000000003,314,34.599999999999994,237,29.4,154,26.200000000000003,62,16.900000000000002,176,14.099999999999998,333,35.5,91,35.7,297,53.4,63,50.0,154,62.4,357,74.6,325,45.3,23,42.8,335,56.6,54,49.9,156,7.9,252,8.8,146
Portland,50.5,186,55.300000000000004,355,31.7,215,22.6,8,23.599999999999998,326,28.799999999999997,173,17.1,187,13.200000000000001,351,34.1,170,38.0,355,49.9,203,53.9,324,71.4,219,70.9,114,44.5,29,45.1,353,53.1,110,58.0,334,5.7,344,8.8,147
Sacred Heart,51.5,138,51.6,246,31.7,214,31.900000000000002,157,25.900000000000002,280,32.6,324,17.1,191,20.1,34,35.9,61,35.3,275,50.2,185,50.6,183,69.9,273,67.5,8,34.1,266,41.6,312,50.4,180,58.8,343,14.2,15,8.9,148
Georgia Tech,48.699999999999996,258,49.2,103,29.2,278,31.6,149,31.6,95,28.499999999999996,148,17.7,219,12.8,357,32.6,246,32.6,98,48.6,255,49.5,141,70.9,233,73.9,302,40.5,97,39.4,253,52.5,126,50.8,184,10.7,95,8.9,149
San Diego,49.0,251,52.5,288,32.0,201,38.6,304,27.1,245,31.8,307,18.3,277,18.099999999999998,109,34.8,134,33.9,177,47.4,290,53.7,318,72.1,183,70.1,74,34.1,268,39.8,275,50.8,166,62.3,360,10.3,117,8.9,150
South Florida,51.800000000000004,114,47.9,44,37.8,55,34.599999999999994,235,28.199999999999996,199,30.5,250,15.6,82,18.5,83,36.7,31,31.5,45,49.5,213,48.2,82,73.7,104,67.1,4,42.3,53,37.9,208,58.7,29,50.6,179,9.4,163,8.9,151
Cal Poly,46.0,335,51.5,244,31.3,223,41.9,337,24.3,311,33.6,340,18.6,291,17.299999999999997,150,33.0,222,35.6,292,44.1,352,50.8,198,70.4,257,74.7,327,34.0,271,30.3,14,43.7,326,46.9,75,9.3,166,8.9,152
Washington,53.5,51,50.1,155,32.1,193,33.1,196,27.1,244,28.9,176,15.9,99,15.8,265,35.4,96,33.7,162,53.8,48,49.9,152,72.2,174,69.5,52,36.8,193,34.8,85,51.8,138,51.2,198,9.0,182,8.9,153
Murray St.,50.0,216,54.50000000000001,347,29.599999999999998,267,27.700000000000003,60,26.5,263,25.5,42,14.399999999999999,31,17.9,115,31.6,293,37.0,341,51.3,137,53.8,319,69.8,277,72.4,213,35.3,234,42.8,338,44.2,322,53.1,249,8.8,191,8.9,154
UC Irvine,51.800000000000004,109,46.400000000000006,14,34.0,139,35.199999999999996,254,31.4,97,27.400000000000002,107,16.7,162,17.4,141,34.9,126,33.8,170,51.6,122,44.6,10,75.2,54,71.1,126,27.7,352,30.4,16,54.3,84,49.2,138,8.0,240,8.9,155
Southern Utah,48.4,270,52.6,294,36.199999999999996,90,32.2,169,27.900000000000002,210,33.0,334,16.900000000000002,179,17.0,167,29.4,341,34.3,220,50.8,158,53.0,298,72.8,142,71.4,142,35.0,244,27.2,4,46.0,274,46.3,63,6.9,300,8.9,156
Niagara,52.0,97,52.2,271,36.0,93,30.7,129,23.400000000000002,331,26.8,87,17.4,203,16.5,209,35.9,63,35.0,254,51.2,140,52.1,259,74.8,71,71.0,120,31.8,304,27.6,5,48.6,218,41.3,12,5.2,351,8.9,157
Cincinnati,50.3,201,47.699999999999996,41,27.6,316,29.099999999999998,89,36.199999999999996,15,25.3,35,17.299999999999997,197,17.299999999999997,148,33.0,221,33.6,160,50.8,157,46.3,27,68.8,297,75.2,338,36.7,200,34.8,86,52.5,122,53.3,252,11.6,59,9.0,158
Texas,53.0,64,48.1,54,30.2,254,34.0,222,29.9,135,30.099999999999998,223,16.900000000000002,178,18.8,65,35.4,93,33.5,151,53.1,71,47.0,44,75.7,43,72.1,182,34.9,246,32.9,45,54.9,73,47.2,90,11.4,61,9.0,159
Minnesota,54.1,42,50.4,170,34.699999999999996,129,29.599999999999998,105,30.7,108,28.799999999999997,170,17.7,220,16.0,252,35.5,89,35.9,313,54.6,34,48.9,101,69.0,296,72.5,222,39.1,130,30.5,18,64.6,4,57.3,328,10.8,91,9.0,160
Boston University,47.8,284,50.0,153,30.2,255,36.199999999999996,275,26.6,261,23.0,4,17.7,216,16.900000000000002,182,32.8,237,34.6,240,46.8,311,48.7,96,72.3,162,69.0,32,40.8,91,41.0,296,54.8,78,50.3,171,9.8,142,9.0,161
Holy Cross,50.1,213,53.6,325,25.900000000000002,343,30.599999999999998,128,23.200000000000003,334,28.1,136,16.5,147,12.8,356,35.0,124,38.7,360,48.7,253,50.7,192,66.7,328,72.2,194,37.7,171,39.7,269,43.8,325,52.9,243,9.2,173,9.0,162
Coastal Carolina,49.4,240,50.1,160,32.5,186,29.5,100,29.299999999999997,155,30.5,247,19.1,313,12.7,358,32.1,274,33.0,123,50.0,194,50.6,184,67.4,321,69.4,45,32.9,292,46.6,360,45.9,283,56.5,318,8.5,216,9.0,163
James Madison,53.900000000000006,45,47.199999999999996,27,34.9,122,35.099999999999994,252,31.8,88,27.700000000000003,113,14.899999999999999,48,19.7,41,36.0,57,29.7,5,53.8,46,48.6,92,70.0,269,72.8,241,37.8,165,35.5,109,53.9,91,43.5,26,8.0,237,9.0,164
UCF,47.8,283,47.9,45,37.2,66,39.5,320,32.9,62,26.900000000000002,90,18.0,244,20.4,28,32.2,261,34.0,191,47.5,288,45.9,22,70.1,268,72.9,245,35.9,219,39.6,263,45.9,282,57.6,331,15.2,6,9.1,165
Lafayette,46.9,313,48.5,77,23.9,355,31.5,145,24.2,312,29.099999999999998,191,17.5,208,17.4,142,31.2,309,34.3,219,47.0,302,46.6,33,68.2,310,73.7,288,40.0,107,38.5,233,56.6,53,51.9,214,12.5,34,9.1,166
Providence,51.5,128,47.5,39,31.8,208,27.700000000000003,59,27.0,247,27.800000000000004,117,17.5,205,17.0,169,32.5,251,34.3,216,53.7,50,45.5,16,72.2,170,72.1,187,44.3,33,34.1,68,53.4,104,43.7,30,11.7,53,9.1,167
Wichita St.,49.8,228,48.5,76,26.400000000000002,338,28.299999999999997,73,31.8,87,28.7,165,17.8,229,14.799999999999999,312,33.0,227,32.7,104,49.9,198,48.1,79,69.3,290,72.9,246,31.5,311,37.8,207,44.2,320,52.5,233,10.8,89,9.1,168
UNC Asheville,52.1,95,50.1,158,40.8,17,34.300000000000004,229,27.3,239,31.4,299,17.1,190,16.900000000000002,181,36.4,39,32.9,114,50.5,167,50.6,182,75.1,62,71.5,147,37.3,186,35.8,121,56.9,50,47.5,96,10.6,98,9.1,169
TCU,51.5,130,50.7,192,35.0,118,35.4,256,35.9,17,28.4,145,18.0,245,20.599999999999998,26,35.4,92,33.0,119,50.8,155,51.3,222,73.1,130,70.4,86,30.3,327,35.1,95,59.3,23,56.7,320,10.2,124,9.1,170
Texas Southern,46.9,312,48.3,66,31.1,227,40.1,325,30.0,131,30.9,272,18.099999999999998,258,17.8,124,31.1,314,32.4,88,47.1,297,48.2,83,72.4,157,71.2,134,38.8,136,36.0,127,46.0,275,53.6,260,9.8,147,9.1,171
Boston College,52.5,79,50.5,181,25.0,349,28.1,68,27.3,235,26.3,65,15.299999999999999,65,15.7,272,36.2,49,34.6,234,51.4,130,49.6,143,75.0,66,75.0,333,38.3,152,37.8,206,51.5,145,51.1,193,9.4,164,9.1,172
Creighton,57.3,3,46.300000000000004,11,24.7,352,16.0,1,26.1,273,24.9,28,15.4,68,11.0,362,36.8,30,32.3,78,59.2,3,45.5,15,78.8,8,78.8,362,48.5,8,27.9,6,57.9,38,41.2,10,8.5,209,9.1,173
Ball St.,50.8,167,51.300000000000004,224,38.2,48,27.6,56,27.3,234,27.900000000000002,129,18.2,268,16.2,240,36.1,53,35.1,262,48.7,252,50.6,186,77.5,19,71.4,140,37.9,161,35.2,96,51.5,143,47.0,77,7.9,250,9.1,174
Louisiana Monroe,44.800000000000004,351,52.6,296,38.4,41,37.6,295,34.1,34,28.999999999999996,178,18.2,269,17.2,158,28.5,353,35.8,311,45.6,339,51.7,240,66.3,336,72.9,247,28.7,344,44.9,352,48.8,212,58.0,335,6.4,329,9.1,175
Towson,47.3,296,48.3,65,34.699999999999996,127,31.7,151,39.800000000000004,2,27.200000000000003,100,19.2,314,16.900000000000002,183,32.8,238,33.3,139,46.4,319,47.4,56,65.9,342,69.6,57,34.1,267,36.9,175,46.2,271,47.1,87,12.3,39,9.2,176
Southeastern Louisiana,48.4,268,51.300000000000004,230,35.0,119,30.2,117,30.7,110,30.3,231,20.9,343,17.299999999999997,153,34.1,167,33.4,146,46.6,314,52.2,268,74.0,97,73.1,256,38.6,144,44.8,350,60.3,17,61.1,359,7.5,272,9.2,177
Austin Peay,50.4,193,53.1,314,31.900000000000002,207,37.9,297,29.9,138,31.6,303,13.3,6,16.6,196,35.5,86,34.0,185,48.8,245,54.4,336,71.3,222,70.9,115,35.1,238,35.7,118,39.8,356,45.9,59,7.2,281,9.2,178
Fairleigh Dickinson,47.099999999999994,306,52.900000000000006,308,34.9,124,32.0,163,27.800000000000004,217,31.2,286,17.2,195,19.0,58,31.8,280,35.7,302,46.7,312,52.4,280,69.6,284,69.0,34,39.3,121,40.5,286,56.9,51,53.8,263,6.8,307,9.2,179
Southeast Missouri St.,45.1,349,52.0,267,27.0,331,44.2,347,24.0,317,29.5,208,17.299999999999997,200,17.2,157,30.0,331,31.5,49,45.1,343,54.0,328,68.4,308,71.0,124,33.5,278,30.5,19,47.8,246,48.1,112,6.6,314,9.2,180
Penn,51.9,104,54.0,333,27.0,332,26.700000000000003,36,29.099999999999998,161,26.6,73,16.7,159,14.000000000000002,335,35.3,104,36.1,320,51.2,141,53.9,323,68.5,305,71.6,157,43.1,45,43.7,345,52.9,114,56.4,316,6.4,328,9.2,181
Colorado,55.400000000000006,15,49.7,128,35.099999999999994,111,27.3,47,32.0,77,24.7,22,18.099999999999998,249,15.2,297,39.1,6,32.1,66,54.0,40,50.6,180,78.4,10,71.1,125,30.6,322,35.2,99,57.2,45,43.7,29,5.5,346,9.2,182
South Dakota,51.9,103,53.1,311,30.5,245,27.3,50,27.500000000000004,226,28.599999999999998,159,18.3,273,11.700000000000001,361,37.6,17,36.2,321,49.6,211,52.3,275,75.1,64,73.0,250,34.5,260,38.3,222,44.5,312,46.9,73,4.1,360,9.2,183
Utah Valley,47.099999999999994,307,48.0,52,35.4,103,36.0,271,28.499999999999996,187,27.200000000000003,101,18.099999999999998,251,18.099999999999998,107,28.5,352,32.6,101,48.9,242,47.6,59,67.2,323,69.3,42,28.9,343,34.6,80,58.4,32,58.6,339,12.2,42,9.3,184
Siena,44.7,352,51.800000000000004,254,30.8,238,28.000000000000004,63,33.2,52,31.2,283,23.400000000000002,361,14.799999999999999,313,28.0,360,35.2,274,46.1,326,51.3,224,66.6,330,72.7,236,34.3,263,34.1,69,48.7,215,50.1,163,10.3,113,9.3,185
Oregon,51.9,106,51.5,241,32.0,199,32.300000000000004,172,28.599999999999998,182,27.3,103,14.7,41,17.8,120,33.8,181,34.9,252,52.6,86,51.0,206,71.9,190,72.3,199,36.3,205,36.9,172,50.6,172,50.8,187,10.1,127,9.3,186
USC Upstate,49.6,235,52.0,263,29.5,268,45.0,350,23.9,321,34.300000000000004,349,16.400000000000002,142,18.6,74,32.5,249,33.5,153,50.2,181,53.0,299,64.2,351,71.5,151,39.9,108,35.7,116,47.0,260,45.5,48,9.2,171,9.3,187
Jacksonville,48.699999999999996,261,52.300000000000004,279,36.3,86,40.400000000000006,328,34.599999999999994,28,30.7,262,19.2,317,17.4,145,33.8,182,35.7,299,47.7,284,51.5,233,70.6,250,71.1,130,33.1,288,40.9,295,41.3,343,52.2,228,8.0,241,9.3,188
Virginia Tech,53.800000000000004,47,51.0,206,33.0,166,30.2,118,25.0,297,26.200000000000003,63,16.2,117,16.900000000000002,178,34.8,136,33.8,171,54.8,29,51.1,212,79.3,6,73.6,281,41.6,72,33.9,61,57.8,41,49.3,139,6.5,318,9.3,189
USC,51.7,118,50.2,163,33.6,152,31.6,147,28.999999999999996,168,32.2,318,17.9,240,18.8,67,35.5,84,36.5,326,50.7,163,47.4,54,69.3,289,73.8,294,36.7,199,38.8,243,59.1,27,59.5,349,14.2,16,9.4,190
East Tennessee St.,46.9,316,50.9,202,33.900000000000006,144,36.7,282,35.099999999999994,23,29.4,198,18.099999999999998,256,18.8,68,31.2,307,33.7,165,47.1,299,51.2,219,67.2,324,69.4,46,40.9,90,38.5,232,45.5,291,47.4,95,13.5,22,9.4,191
Florida,51.800000000000004,112,49.3,107,38.4,40,34.8,241,37.3,8,28.799999999999997,168,15.7,87,14.499999999999998,318,34.5,150,32.6,97,51.8,114,49.5,138,71.5,210,71.2,137,34.5,259,32.4,36,50.6,171,42.3,18,12.1,43,9.4,192
UNLV,51.7,119,50.0,149,33.2,160,29.599999999999998,106,29.599999999999998,148,31.4,297,16.2,122,17.7,127,33.7,191,32.5,93,52.3,91,50.9,201,73.2,122,75.6,343,34.6,257,39.3,252,48.1,241,59.5,350,12.1,45,9.4,193
Brown,49.7,229,51.2,218,33.0,167,32.1,165,31.900000000000002,82,27.3,102,18.3,272,16.8,186,33.7,192,33.1,129,49.2,227,52.2,265,65.5,345,69.6,58,40.7,94,38.2,214,53.0,111,51.3,203,11.6,57,9.4,194
Southern,49.4,242,50.4,177,35.6,100,46.2,354,26.5,264,30.8,269,20.1,337,22.1,10,32.5,247,32.2,77,49.9,197,51.5,231,66.7,329,72.2,195,38.0,158,35.6,112,54.8,77,55.9,308,10.2,122,9.4,195
Miami FL,52.7,73,51.0,207,24.6,353,22.3,6,28.7,177,28.499999999999996,153,17.2,192,16.6,200,36.1,52,33.3,137,51.6,121,52.0,253,74.5,79,71.1,127,40.4,98,46.1,358,51.1,158,57.2,326,9.3,169,9.4,196
Texas St.,47.099999999999994,305,49.7,132,37.8,56,38.3,299,31.2,102,29.4,201,19.900000000000002,328,18.6,77,31.4,299,32.1,73,47.1,296,50.6,188,69.4,288,72.5,221,24.3,361,35.4,106,44.9,304,48.2,114,9.1,178,9.4,197
North Carolina A&T,43.9,356,54.50000000000001,349,34.0,143,29.5,99,24.3,307,34.0,346,13.8,13,15.9,256,28.7,351,35.2,273,44.4,350,55.5,352,71.3,223,68.2,18,35.7,222,37.2,187,44.9,305,52.7,238,8.6,204,9.4,198
Maine,47.8,282,49.9,146,30.0,258,32.1,167,23.0,337,27.800000000000004,122,16.7,164,19.2,54,29.7,334,32.3,82,49.3,222,50.6,185,72.2,175,68.4,20,32.2,299,33.2,49,49.7,195,52.0,220,8.5,215,9.4,199
North Alabama,49.8,223,51.5,242,32.9,172,40.9,330,27.0,253,27.800000000000004,118,14.6,38,14.2,328,35.6,83,35.4,280,47.9,278,50.6,187,77.2,24,71.8,167,34.6,255,34.8,87,40.6,351,47.0,82,8.1,232,9.4,200
Wagner,45.1,348,48.8,84,26.400000000000002,339,30.2,119,28.799999999999997,174,27.700000000000003,114,15.7,85,16.8,185,32.2,267,30.4,16,43.1,358,51.0,210,70.0,270,68.6,25,37.7,167,40.8,292,54.2,87,58.5,338,7.2,286,9.4,201
Wake Forest,54.2,35,49.1,94,32.0,195,30.099999999999998,116,26.400000000000002,267,25.8,52,15.4,69,16.400000000000002,212,36.4,40,33.1,126,54.0,41,48.9,102,79.5,5,75.2,336,37.4,184,35.5,110,44.2,317,42.6,20,11.0,78,9.5,202
North Carolina,51.5,131,46.7,19,36.199999999999996,88,28.199999999999996,69,33.0,58,23.7,10,14.099999999999998,19,14.799999999999999,310,35.9,64,32.0,62,50.2,178,46.0,23,75.9,38,73.9,297,36.1,214,35.8,122,51.1,153,40.0,5,10.2,119,9.5,203
East Carolina,47.599999999999994,289,51.300000000000004,231,34.0,142,32.7,184,32.7,70,31.0,275,16.3,132,18.7,70,31.2,308,33.1,130,48.1,272,52.5,284,68.7,302,75.4,341,36.5,201,43.3,344,50.3,182,53.6,259,9.0,185,9.5,204
Coppin St.,42.1,361,51.300000000000004,233,31.1,228,38.3,300,27.0,252,38.6,362,22.900000000000002,360,21.8,14,28.3,354,34.5,232,41.9,360,51.0,211,72.6,150,73.9,299,34.4,262,37.6,202,40.7,348,58.6,341,8.0,245,9.5,205
Tennessee Tech,49.0,253,52.5,289,31.0,231,24.6,15,18.9,360,28.1,137,17.8,227,15.4,287,32.3,259,34.8,249,49.2,233,52.7,288,71.4,218,78.2,360,34.1,269,37.7,203,46.8,265,54.7,281,7.1,292,9.5,206
Northern Kentucky,50.6,176,51.300000000000004,226,35.099999999999994,116,28.799999999999997,83,29.4,153,32.6,323,17.299999999999997,201,20.1,35,31.6,292,31.2,36,52.2,94,54.5,337,71.7,202,73.2,263,33.5,280,41.6,313,50.8,167,55.2,294,7.0,297,9.5,207
Illinois St.,47.699999999999996,287,50.9,200,36.1,92,27.200000000000003,45,28.9,170,26.0,56,17.1,184,16.400000000000002,218,28.8,348,32.5,95,50.4,171,52.3,272,71.7,201,73.5,280,37.5,180,39.6,262,52.9,113,51.2,197,6.4,326,9.5,208
Toledo,53.300000000000004,54,54.50000000000001,345,35.4,105,26.3,30,28.999999999999996,167,28.499999999999996,152,15.1,57,18.5,82,37.7,14,34.2,204,52.0,106,56.4,359,75.4,52,72.4,205,28.6,345,37.2,189,45.3,294,46.0,60,5.3,350,9.5,209
New Mexico,50.5,185,48.1,55,33.2,158,33.4,201,33.5,44,27.0,96,14.000000000000002,15,19.3,49,32.7,241,30.7,21,51.1,143,49.2,120,71.6,204,74.0,307,29.9,333,36.5,147,48.9,208,54.3,275,13.2,24,9.6,210
Tulane,54.1,41,51.1,210,45.5,4,32.7,183,20.5,357,32.7,327,15.1,60,17.299999999999997,146,35.5,85,34.9,250,54.5,36,50.2,166,73.1,129,71.4,141,35.7,224,42.0,319,50.4,181,57.2,327,11.4,65,9.6,211
Jackson St.,47.0,309,52.6,295,34.699999999999996,130,34.5,234,34.9,25,32.0,314,19.0,306,19.0,60,32.5,248,35.2,269,46.2,323,52.4,281,70.4,259,71.7,164,33.8,272,39.6,265,48.1,243,54.9,289,9.9,139,9.6,212
Southern Indiana,45.6,343,49.5,122,37.6,61,48.6,360,27.0,254,28.499999999999996,155,19.400000000000002,321,16.6,203,31.6,294,33.3,140,44.5,348,49.3,130,74.4,82,73.9,298,36.3,207,37.5,199,48.5,226,51.5,209,7.9,253,9.6,213
Florida A&M,47.5,293,51.800000000000004,253,28.000000000000004,307,39.2,314,26.3,270,31.7,306,21.4,353,16.3,227,34.1,169,35.3,277,46.0,329,51.1,213,69.3,291,67.3,6,29.9,330,36.6,154,56.2,61,48.8,130,7.6,267,9.6,214
Oklahoma St.,51.300000000000004,142,51.300000000000004,223,34.0,141,27.6,57,27.500000000000004,227,28.499999999999996,154,18.8,295,16.8,188,33.4,204,34.0,190,52.2,98,51.5,230,69.7,279,73.8,293,43.2,43,32.9,43,54.0,90,45.7,54,7.3,278,9.6,215
Gardner Webb,49.1,249,50.3,167,35.9,95,39.4,317,27.900000000000002,212,26.700000000000003,82,16.1,111,16.0,250,34.8,138,34.0,189,47.4,291,50.0,161,63.0,356,71.7,165,35.3,233,33.9,63,48.6,221,47.0,78,6.1,335,9.6,216
Alcorn St.,48.9,256,55.00000000000001,353,37.4,65,36.6,281,33.4,47,30.599999999999998,253,17.0,181,17.2,156,34.2,159,37.5,350,48.0,276,54.0,327,71.6,207,73.1,257,26.6,355,45.8,357,45.5,292,60.0,355,5.9,341,9.6,217
Missouri,50.2,209,51.4,237,31.7,213,42.5,341,26.8,258,35.8,358,16.8,173,18.7,72,31.9,277,34.4,225,51.8,116,51.2,216,79.2,7,74.1,309,39.7,115,39.8,274,48.1,244,52.7,236,14.0,18,9.7,218
UMass Lowell,50.4,189,47.3,33,40.1,24,26.900000000000002,38,32.1,76,26.900000000000002,91,18.2,265,15.5,282,32.3,258,29.2,3,51.3,134,49.1,115,74.0,95,69.0,31,29.2,340,33.7,58,43.5,327,42.1,16,11.0,77,9.7,219
Dartmouth,47.599999999999994,290,54.2,339,27.800000000000004,312,24.4,12,20.7,356,24.5,20,19.400000000000002,320,13.4,346,31.2,312,37.0,342,48.2,270,53.2,305,67.5,319,70.2,79,42.7,48,42.4,328,55.5,66,52.4,231,10.3,116,9.7,220
South Carolina St.,45.7,341,52.2,276,36.5,82,49.2,362,37.7,7,31.0,273,21.3,351,21.8,13,32.3,256,33.6,161,44.5,349,53.3,309,69.6,285,74.0,308,31.9,303,38.3,223,53.6,100,57.9,332,9.6,154,9.7,221
New Orleans,45.5,344,54.400000000000006,344,39.2,32,38.7,306,28.4,190,34.9,352,17.299999999999997,202,19.1,56,30.2,326,35.5,290,45.5,340,54.9,343,70.8,241,72.5,220,29.3,339,31.7,31,45.0,299,54.7,282,8.8,193,9.7,222
Louisville,48.4,267,54.6,350,38.800000000000004,37,33.800000000000004,215,28.1,202,27.500000000000004,108,18.099999999999998,253,16.2,239,30.6,324,37.2,348,49.4,219,53.8,320,74.6,77,73.2,262,31.2,315,39.1,249,44.6,310,55.3,296,7.2,285,9.7,223
Cornell,56.49999999999999,9,51.300000000000004,221,28.000000000000004,306,32.5,180,26.8,256,31.7,305,17.0,183,18.3,93,34.0,174,33.6,159,61.7,2,52.0,250,73.3,115,64.4,1,48.7,7,41.8,315,59.7,21,53.1,247,7.0,296,9.7,224
Bowling Green,48.1,275,51.2,220,35.099999999999994,115,27.1,43,30.5,116,25.5,40,16.3,124,16.1,244,29.3,343,36.7,333,50.3,177,49.1,117,71.0,230,67.9,12,34.8,248,34.5,78,42.3,338,46.7,69,6.8,305,9.7,225
Pacific,46.5,325,56.3,360,37.1,71,36.4,277,18.8,361,33.2,337,16.900000000000002,180,16.1,245,31.5,298,35.7,304,46.0,330,58.2,361,64.6,350,73.2,265,36.3,206,39.7,270,58.6,30,51.3,202,5.5,347,9.7,226
Princeton,54.6,29,52.0,259,28.299999999999997,301,25.1,18,23.9,318,24.7,25,12.0,1,16.900000000000002,174,35.2,110,33.2,133,56.5,14,53.5,312,80.1,3,72.5,217,50.5,3,39.1,248,52.5,125,49.5,144,4.5,357,9.7,227
Portland St.,46.800000000000004,317,52.0,266,34.300000000000004,135,34.699999999999996,239,29.799999999999997,141,28.299999999999997,143,16.400000000000002,138,18.6,73,32.4,253,35.6,294,45.6,338,51.1,214,68.8,298,69.5,54,37.6,172,38.2,215,43.2,332,54.2,272,8.6,205,9.8,228
Stephen F. Austin,49.4,243,49.6,126,42.199999999999996,9,47.4,359,33.300000000000004,50,30.4,238,21.9,357,22.900000000000002,7,33.2,209,37.1,345,49.2,234,46.0,24,70.5,252,72.2,193,32.1,301,36.6,151,48.4,228,54.9,288,8.3,221,9.8,229
Charleston,52.2,89,51.2,216,27.200000000000003,326,29.299999999999997,92,33.7,40,26.400000000000002,67,14.299999999999999,29,16.2,229,34.7,141,34.5,228,52.5,90,50.8,194,72.3,167,70.3,81,46.9,17,36.9,171,53.5,102,43.0,23,8.2,222,9.8,230
La Salle,49.2,246,50.7,194,24.8,351,33.300000000000004,200,27.0,249,30.8,268,14.2,26,15.4,284,34.5,149,35.8,307,47.6,286,49.3,129,72.3,164,71.7,162,39.8,111,32.8,41,53.8,93,51.4,206,8.1,235,9.8,231
Vanderbilt,45.4,345,53.0,310,35.199999999999996,109,29.5,98,28.199999999999996,196,29.299999999999997,195,15.299999999999999,66,15.9,259,28.3,356,37.4,349,47.4,293,51.0,209,70.9,234,78.2,361,39.3,122,39.6,261,40.1,355,55.0,291,8.0,244,9.8,232
Monmouth,49.4,241,50.0,151,29.2,280,33.300000000000004,199,30.5,117,32.2,317,15.299999999999999,67,17.8,121,34.8,135,34.0,188,47.8,280,49.3,128,71.6,205,74.5,323,36.3,208,43.2,342,50.2,184,56.2,311,10.5,105,9.9,233
Rice,50.5,183,52.6,293,29.9,261,27.400000000000002,52,28.499999999999996,185,29.5,206,17.299999999999997,199,14.799999999999999,311,33.2,216,37.9,354,50.9,150,50.0,156,69.5,287,74.2,317,39.4,119,38.3,220,54.6,81,54.3,274,10.0,136,9.9,234
Chattanooga,54.800000000000004,24,49.9,143,30.9,235,27.3,49,27.200000000000003,240,28.799999999999997,172,17.1,186,14.499999999999998,319,35.7,80,35.1,263,56.1,16,47.9,71,74.9,68,67.9,11,50.5,2,42.0,317,49.6,201,48.0,111,9.6,149,9.9,235
NJIT,44.6,354,52.400000000000006,284,31.2,226,39.7,321,28.299999999999997,195,32.9,333,16.400000000000002,141,16.6,199,29.6,337,35.0,260,44.7,346,52.3,276,70.7,246,69.6,56,39.2,123,35.8,119,43.0,333,53.8,266,8.8,192,9.9,236
Presbyterian,51.2,146,52.800000000000004,302,36.8,75,42.0,339,26.3,271,27.800000000000004,119,16.900000000000002,177,17.7,129,32.8,235,35.2,267,52.2,100,52.8,293,66.3,337,72.5,224,33.0,290,35.6,113,46.9,262,45.9,58,8.7,196,9.9,237
Baylor,55.7,14,51.4,234,40.2,22,31.2,136,35.0,24,26.900000000000002,89,17.7,217,17.0,170,39.5,5,33.4,142,53.5,56,52.1,257,73.5,111,73.4,273,38.9,135,35.4,103,53.3,107,53.0,244,8.4,217,9.9,238
Sacramento St.,48.699999999999996,260,54.1,337,32.9,174,32.7,185,34.1,31,25.8,50,22.8,359,15.6,278,32.4,254,35.0,258,48.7,251,55.1,346,71.9,193,72.6,226,41.2,83,38.6,239,53.9,92,52.9,242,8.0,242,9.9,239
Miami OH,51.0,154,49.3,108,30.4,247,31.900000000000002,158,22.0,350,30.7,265,17.2,194,18.0,112,36.2,45,31.5,46,48.7,249,50.5,178,71.9,189,72.5,219,40.3,101,36.8,169,57.2,46,47.3,93,7.8,255,9.9,240
Prairie View A&M,45.6,342,53.7,328,36.9,72,46.6,356,26.5,265,35.199999999999996,353,17.7,225,22.6,8,30.4,325,35.2,271,45.6,337,54.1,332,71.6,208,70.3,82,26.4,357,32.9,46,48.5,224,50.0,159,7.7,261,9.9,241
California,49.2,247,51.300000000000004,229,29.2,281,33.1,197,28.599999999999998,183,26.700000000000003,80,16.2,118,14.7,314,33.8,188,35.7,301,48.0,275,50.0,159,72.7,144,72.3,196,42.0,62,36.2,130,46.5,268,47.0,80,6.7,309,9.9,242
Campbell,52.0,98,52.2,272,33.7,148,23.599999999999998,11,23.799999999999997,322,31.2,289,18.099999999999998,261,16.400000000000002,221,34.6,143,34.1,199,52.0,105,52.9,295,71.9,191,72.2,192,38.6,143,43.3,343,51.9,137,51.1,192,6.7,312,9.9,243
Cal Baptist,47.0,311,49.2,105,36.8,73,30.3,120,32.7,69,24.9,27,17.599999999999998,213,15.299999999999999,293,32.9,234,34.3,215,45.7,334,48.4,90,68.7,301,72.0,181,36.0,216,26.8,2,48.2,235,45.6,50,6.4,323,9.9,244
Old Dominion,47.599999999999994,291,51.300000000000004,232,27.1,330,39.7,322,25.2,295,31.2,288,15.0,55,18.0,110,31.8,281,35.5,289,47.5,289,50.0,160,66.2,338,72.3,203,35.1,241,42.0,320,38.8,359,57.0,324,11.1,76,10.0,245
Quinnipiac,50.3,202,48.9,86,30.4,246,28.9,84,31.6,94,28.1,133,17.1,185,17.7,130,34.5,146,33.9,178,49.6,209,47.7,64,77.2,22,70.6,94,34.2,264,36.7,163,50.9,162,51.2,199,9.0,183,10.0,246
North Carolina Central,49.8,226,49.0,93,40.400000000000006,20,37.1,286,31.3,99,33.7,341,17.8,234,18.099999999999998,106,33.2,212,29.7,6,49.8,205,51.5,232,69.7,280,72.4,214,37.9,162,36.7,161,45.4,293,52.7,237,6.7,313,10.0,247
Lehigh,49.5,237,51.7,250,33.0,168,29.599999999999998,107,22.0,349,23.5,9,16.900000000000002,174,17.9,117,32.2,265,35.6,295,50.2,186,50.7,190,74.0,96,69.9,65,37.6,173,37.2,185,50.5,174,47.1,86,6.4,324,10.0,248
Rutgers,43.5,357,47.199999999999996,31,32.9,170,34.300000000000004,230,30.2,124,31.3,293,16.6,157,21.7,16,28.7,349,32.7,108,43.7,354,46.0,25,65.8,343,70.0,69,31.7,305,39.4,255,50.1,185,54.7,280,15.3,5,10.1,249
SIU Edwardsville,47.199999999999996,300,51.1,215,31.900000000000002,204,37.2,287,30.099999999999998,128,28.199999999999996,139,15.6,80,17.4,140,32.5,250,36.2,322,46.2,325,49.2,123,72.7,143,71.8,170,36.8,196,37.5,198,42.5,335,53.0,246,11.3,66,10.1,250
Dayton,56.2,12,48.3,60,36.7,79,21.9,3,26.400000000000002,266,28.599999999999998,160,16.0,107,15.9,262,39.9,3,32.0,61,53.4,60,48.5,91,74.0,94,72.8,237,44.3,34,40.1,282,58.1,35,51.1,191,11.1,71,10.1,251
Davidson,48.9,255,49.4,112,33.5,154,32.800000000000004,187,26.1,275,27.800000000000004,120,16.3,126,17.2,154,30.7,323,32.8,111,50.8,154,49.5,139,72.9,134,68.4,19,40.0,105,42.0,318,50.6,173,53.2,250,10.0,135,10.1,252
Louisiana,50.7,169,49.9,144,28.599999999999998,293,40.1,326,30.8,107,32.9,331,16.8,172,20.599999999999998,25,32.6,245,27.9,1,51.7,117,53.7,316,73.8,102,71.7,161,36.2,209,32.1,35,43.4,331,43.9,35,9.1,175,10.1,253
Lipscomb,56.2,11,53.5,322,27.500000000000004,322,22.8,10,23.200000000000003,332,29.299999999999997,197,14.2,23,16.1,242,38.1,11,36.5,325,55.7,18,52.8,291,77.8,17,71.8,166,39.8,112,36.6,148,48.6,222,42.0,15,8.1,230,10.1,254
UTEP,48.1,276,51.5,243,42.8,8,46.300000000000004,355,28.999999999999996,169,31.0,276,21.2,349,25.900000000000002,1,31.0,316,32.1,74,48.8,243,53.2,304,68.6,304,70.7,108,31.3,312,33.9,64,49.0,207,46.8,71,7.6,264,10.1,255
Lindenwood,43.3,358,53.900000000000006,332,38.3,45,40.2,327,23.599999999999998,328,28.7,167,17.9,236,17.7,131,29.0,346,37.6,352,43.2,357,52.5,285,72.8,141,72.8,238,30.7,320,37.4,194,35.2,362,50.3,173,7.2,284,10.1,256
Georgia St.,48.5,266,49.3,110,28.599999999999998,292,35.9,266,27.200000000000003,242,30.5,251,13.8,11,14.2,326,32.2,269,30.8,27,48.6,254,51.2,218,75.6,47,71.0,118,35.3,232,38.5,235,41.1,344,49.5,149,6.9,301,10.1,257
UAB,50.0,215,51.0,208,40.6,19,31.5,139,35.4,20,31.3,291,16.8,171,16.2,237,33.1,220,34.8,247,50.1,191,50.2,169,74.3,86,72.4,206,31.5,310,36.6,152,49.6,198,48.7,126,12.1,44,10.2,258
Utah Tech,50.4,188,50.4,175,40.300000000000004,21,43.2,344,28.199999999999996,201,31.6,304,21.8,356,18.3,96,33.7,189,33.9,181,50.2,184,50.1,165,63.7,355,72.8,242,34.7,253,36.7,162,52.2,132,52.6,234,11.6,58,10.2,259
Army,47.099999999999994,308,50.3,168,25.4,346,31.6,150,27.0,248,25.5,41,18.9,299,16.6,202,31.8,283,33.2,135,46.5,318,50.6,189,59.8,362,70.6,103,45.1,25,39.5,256,56.3,60,55.9,307,11.4,64,10.2,260
Western Kentucky,51.7,120,48.6,79,32.1,191,33.0,191,28.7,179,26.700000000000003,79,18.4,279,18.4,90,34.3,156,32.4,85,51.8,113,48.6,94,72.1,177,68.2,17,31.1,317,40.5,287,45.0,301,49.0,134,8.6,202,10.2,261
DePaul,48.1,277,56.49999999999999,361,33.5,156,28.4,75,22.0,348,32.300000000000004,321,19.900000000000002,329,14.499999999999998,320,33.5,200,38.1,357,47.0,304,56.1,358,73.3,117,74.5,322,34.8,250,41.1,305,54.1,89,58.2,337,8.6,208,10.2,262
LIU,46.400000000000006,328,50.8,197,31.5,221,41.099999999999994,332,25.5,290,28.499999999999996,157,20.1,335,15.8,270,31.0,319,31.1,32,46.3,320,53.0,300,67.7,317,69.1,38,29.9,331,34.3,76,51.4,149,54.8,285,7.8,258,10.2,263
Elon,50.6,177,53.2,317,32.800000000000004,177,29.099999999999998,87,28.7,178,32.800000000000004,328,17.8,233,15.7,275,35.2,111,34.2,207,48.8,247,54.5,338,70.7,248,71.8,172,43.7,39,40.0,278,52.1,135,54.9,287,6.9,302,10.2,264
UC Riverside,46.300000000000004,329,52.300000000000004,280,28.599999999999998,295,34.8,245,29.799999999999997,142,25.3,38,14.299999999999999,28,15.8,264,32.3,257,35.3,278,44.6,347,52.0,256,71.4,216,71.3,138,42.2,55,33.3,50,52.4,127,52.2,225,3.4,361,10.2,265
Pittsburgh,51.6,125,49.0,91,30.5,244,30.5,125,31.0,105,23.799999999999997,12,13.4,7,16.6,197,35.7,77,30.8,23,50.0,192,50.8,196,70.8,240,76.0,350,44.4,31,38.6,236,51.8,139,51.5,208,13.0,26,10.3,266
Maryland,46.7,320,46.7,20,40.8,16,33.5,204,31.7,92,29.099999999999998,185,17.5,207,18.8,66,28.9,347,32.8,112,48.8,244,45.7,19,72.0,184,76.6,356,37.5,181,30.1,13,47.0,258,47.8,103,11.7,54,10.3,267
Oklahoma,53.1,63,47.4,36,37.7,58,31.1,134,30.099999999999998,125,26.200000000000003,61,18.099999999999998,250,16.5,210,34.5,148,29.9,9,53.9,43,48.9,103,74.3,85,76.0,349,38.5,150,35.7,117,50.9,160,48.0,109,8.7,197,10.3,268
Texas Tech,52.6,77,49.2,99,34.2,136,27.200000000000003,46,30.2,121,30.3,232,16.5,150,17.0,166,35.9,62,32.2,76,51.6,120,49.8,147,78.0,16,71.4,139,41.4,75,38.6,238,56.1,63,47.1,83,7.0,293,10.3,269
George Washington,51.5,135,49.8,135,34.2,137,22.8,9,25.900000000000002,278,29.2,192,17.1,188,13.900000000000002,340,35.8,72,34.7,242,49.9,201,48.3,86,74.5,78,75.7,344,41.6,73,38.5,230,46.4,269,48.6,125,11.8,50,10.4,270
FIU,49.7,230,55.60000000000001,356,28.4,300,35.9,267,27.0,251,37.3,361,18.9,303,24.099999999999998,4,32.9,229,40.3,362,49.9,204,52.9,296,66.4,333,70.0,68,41.7,66,36.0,126,51.5,144,55.1,293,11.0,81,10.4,271
Ohio,52.2,88,49.2,100,32.1,192,34.699999999999996,240,28.000000000000004,205,31.900000000000002,312,14.099999999999998,22,19.2,52,35.1,113,33.8,169,51.9,108,48.4,87,72.9,133,70.1,72,41.4,74,37.1,180,50.4,178,44.9,44,9.8,140,10.4,272
Merrimack,49.8,227,46.2,10,34.300000000000004,132,32.5,179,22.3,347,34.599999999999994,351,19.0,309,23.200000000000003,5,31.1,313,30.9,28,52.2,93,46.1,26,73.2,118,70.1,71,43.1,44,31.2,23,50.6,170,55.6,305,9.5,159,10.4,273
Iona,50.0,217,52.800000000000004,304,28.499999999999996,297,37.5,293,28.299999999999997,194,30.8,267,14.899999999999999,49,22.2,9,35.3,98,34.0,186,48.2,268,54.1,331,65.2,347,73.9,305,38.7,141,40.0,279,55.1,72,56.5,317,9.2,174,10.4,274
Delaware,51.9,107,48.699999999999996,80,30.9,233,27.1,44,27.500000000000004,225,27.900000000000002,128,16.0,106,15.1,300,33.0,226,31.3,40,53.2,69,49.7,144,70.7,243,70.7,107,35.7,223,36.4,139,51.1,154,46.5,65,7.7,260,10.4,275
Loyola Marymount,51.6,124,50.4,173,28.799999999999997,288,28.299999999999997,71,29.4,151,27.1,98,16.3,125,12.4,359,36.8,29,34.3,211,49.2,231,49.8,148,73.5,110,73.6,282,39.9,110,31.7,30,46.6,267,52.1,223,6.5,320,10.4,276
Illinois Chicago,50.6,174,48.9,85,26.0,340,35.9,268,22.900000000000002,341,28.4,147,17.7,218,17.4,143,36.0,59,32.2,75,48.4,261,49.2,121,69.2,293,75.1,335,40.8,93,35.0,91,53.5,101,52.4,232,13.7,21,10.5,277
Butler,51.9,105,50.0,148,26.700000000000003,335,22.3,5,26.3,269,28.999999999999996,182,15.4,71,16.0,249,35.0,123,32.4,84,51.5,125,50.9,202,78.8,9,73.9,296,38.0,160,37.5,197,53.4,106,48.0,107,8.2,226,10.5,278
Temple,46.0,338,50.4,179,32.1,194,36.0,272,28.199999999999996,200,29.7,212,14.099999999999998,21,17.0,164,31.7,289,32.6,99,44.9,345,51.3,225,70.9,235,72.3,202,42.1,57,38.6,237,45.6,288,54.4,277,8.0,243,10.5,279
Mississippi St.,51.4,140,48.0,49,37.4,63,31.8,154,35.4,21,27.900000000000002,124,18.9,301,18.4,91,32.2,262,29.8,8,53.4,57,50.3,172,67.0,326,75.2,339,38.5,149,41.2,306,53.1,109,48.5,118,9.0,181,10.6,280
North Florida,53.6,48,52.6,290,28.299999999999997,303,33.7,213,23.5,330,29.9,218,16.3,130,14.399999999999999,322,35.9,65,35.5,285,53.3,66,52.3,269,78.1,14,73.0,248,54.7,1,29.9,11,44.9,302,43.5,28,8.5,210,10.6,281
Michigan,51.1,151,52.5,287,32.0,200,30.5,124,30.7,111,30.4,239,18.6,289,13.700000000000001,342,35.9,67,36.1,319,49.5,214,51.7,238,70.3,261,72.9,244,38.0,159,32.6,39,48.3,231,46.2,62,8.5,212,10.6,282
Texas A&M Corpus Chris,46.300000000000004,330,48.0,53,36.3,84,47.3,358,33.900000000000006,37,25.1,32,17.599999999999998,214,19.8,39,29.4,339,31.0,30,47.3,294,48.8,99,71.4,212,71.0,123,29.7,336,36.4,142,52.2,130,50.1,161,8.1,234,10.6,283
North Dakota St.,53.300000000000004,56,53.7,327,30.3,252,28.499999999999996,78,24.3,306,24.7,24,16.8,168,13.200000000000001,350,37.7,16,36.8,334,51.4,133,52.8,294,72.5,154,74.0,306,35.9,220,34.7,83,42.4,336,42.1,17,3.2,362,10.6,284
Vermont,51.6,121,46.800000000000004,22,29.2,277,26.8,37,22.3,346,23.5,8,13.900000000000002,14,15.1,299,33.3,208,31.5,48,52.9,75,46.5,29,71.8,194,72.3,200,43.9,37,36.5,144,52.2,131,43.5,27,10.9,83,10.7,285
Bucknell,50.4,192,49.5,118,28.999999999999996,284,31.5,143,25.900000000000002,279,28.599999999999998,161,18.9,302,16.400000000000002,222,33.8,184,32.4,86,50.2,179,50.1,164,71.6,206,70.2,76,44.9,27,42.2,322,52.6,119,60.2,357,10.7,97,10.7,286
Kansas St.,50.2,204,46.800000000000004,23,38.3,43,33.1,192,32.4,73,30.5,245,21.2,347,16.0,255,31.8,285,31.2,35,51.9,107,46.8,37,72.0,185,70.5,91,41.2,81,36.7,156,56.5,55,52.9,241,10.6,101,10.7,287
George Mason,52.0,101,48.0,47,36.7,78,31.8,155,31.7,91,27.400000000000002,106,18.099999999999998,252,16.400000000000002,220,34.3,157,34.8,246,52.3,92,45.0,11,74.2,89,72.4,207,37.5,178,41.6,311,46.7,266,50.7,181,10.2,121,10.7,288
Northwestern,52.6,75,51.5,240,29.2,283,39.300000000000004,315,25.8,284,27.800000000000004,121,13.4,8,18.8,64,39.0,7,34.5,226,49.2,232,51.4,228,75.2,58,72.1,183,36.4,203,37.3,192,59.3,24,58.7,342,9.5,160,10.7,289
Wisconsin,52.2,90,52.0,261,33.800000000000004,146,33.800000000000004,216,30.2,123,24.5,19,14.899999999999999,47,16.900000000000002,177,34.9,128,36.9,337,52.2,101,50.2,168,75.5,50,72.4,204,35.5,227,34.3,75,48.1,239,47.3,94,4.6,354,10.7,290
Seton Hall,50.4,190,49.2,102,30.9,234,25.6,22,35.199999999999996,22,29.099999999999998,184,18.4,281,17.9,119,33.6,194,33.0,121,50.4,172,49.0,109,78.2,11,76.2,354,31.2,316,42.5,333,48.7,217,56.8,322,14.2,14,10.8,291
Saint Peter's,44.6,353,47.099999999999994,26,38.0,51,42.5,340,34.5,30,29.9,217,19.2,315,20.4,30,33.2,211,32.1,71,42.3,359,46.6,34,71.8,195,70.5,92,31.5,309,34.9,89,48.4,227,50.5,177,12.5,33,10.8,292
Tennessee Martin,50.5,184,49.3,109,32.800000000000004,176,24.6,14,27.0,246,26.3,66,15.0,53,13.200000000000001,349,36.2,50,32.8,109,48.2,267,49.4,135,77.0,27,71.6,153,38.1,156,41.0,298,44.7,308,50.2,169,7.1,290,10.8,293
Sam Houston St.,48.6,262,49.8,141,34.699999999999996,128,37.0,285,32.0,80,27.0,97,18.8,293,19.0,59,35.1,114,32.5,90,46.5,317,50.5,179,72.1,180,68.7,27,35.0,243,39.3,251,49.9,193,51.7,212,6.4,327,10.8,294
Loyola MD,47.199999999999996,302,53.300000000000004,319,30.0,259,32.6,182,29.2,158,26.400000000000002,68,20.4,340,15.6,277,32.7,243,35.6,293,46.1,327,53.3,308,64.2,352,69.7,60,38.7,138,36.6,149,55.7,64,51.5,207,6.1,336,10.8,295
Duquesne,50.0,219,48.5,75,32.5,185,35.0,249,29.799999999999997,143,30.3,233,17.4,204,19.2,55,33.9,178,31.8,56,49.4,217,49.0,111,71.6,203,71.1,129,39.1,129,37.4,193,53.8,95,52.7,235,12.6,31,10.9,296
Samford,56.8,8,50.5,180,36.199999999999996,89,37.3,289,30.099999999999998,129,31.900000000000002,311,17.8,232,21.7,17,39.5,4,33.8,166,55.0,25,50.3,171,72.1,179,68.9,30,41.2,79,39.8,273,58.0,36,54.2,270,10.4,110,10.9,297
Middle Tennessee,46.0,337,49.5,121,34.9,123,29.599999999999998,104,28.199999999999996,197,30.4,240,20.599999999999998,341,15.8,271,31.1,315,33.8,172,45.6,336,49.0,112,70.2,264,73.4,276,42.1,58,29.7,10,43.8,324,42.6,21,10.0,132,10.9,298
Idaho,50.2,206,53.5,324,26.700000000000003,337,37.2,288,22.7,343,28.599999999999998,162,17.5,206,16.6,201,33.5,199,35.8,308,50.2,187,53.4,310,74.1,92,73.1,255,41.0,88,38.5,231,48.9,209,53.2,251,9.1,179,10.9,299
Tennessee St.,48.8,257,48.8,83,38.1,50,44.3,348,28.4,191,32.0,316,19.7,327,18.6,76,31.3,303,32.7,107,49.8,206,48.6,95,76.5,31,72.7,229,35.9,218,34.3,74,47.7,249,50.1,164,8.6,203,10.9,300
Fordham,46.7,323,50.4,178,35.099999999999994,114,45.2,353,32.5,72,27.400000000000002,105,18.2,267,19.7,43,31.5,296,35.9,315,46.2,324,48.9,106,66.3,334,71.6,159,42.1,56,31.0,21,52.3,129,50.1,160,12.4,37,11.0,301
LSU,52.300000000000004,83,49.7,129,38.3,44,33.7,211,30.7,113,31.4,296,18.6,290,18.2,98,35.7,74,33.5,149,51.5,126,49.4,133,72.3,165,75.4,340,37.6,175,41.4,309,44.7,309,48.7,128,10.8,88,11.0,302
Eastern Illinois,44.800000000000004,350,52.0,268,27.200000000000003,327,37.5,294,27.500000000000004,229,28.000000000000004,131,15.7,86,19.7,42,31.8,279,35.8,310,43.6,355,51.1,215,73.6,108,72.0,179,29.6,337,37.1,182,47.8,248,56.1,310,8.7,198,11.0,303
Howard,51.7,115,51.1,212,42.1,10,38.4,301,33.300000000000004,49,30.3,230,21.2,346,16.6,205,37.2,20,34.4,221,49.1,235,50.9,203,75.2,57,69.9,63,39.0,132,33.2,48,55.4,67,47.1,84,7.3,279,11.0,304
Manhattan,47.199999999999996,303,53.1,315,22.1,361,27.3,51,24.8,299,30.099999999999998,224,19.2,316,16.900000000000002,184,31.3,305,36.7,332,47.4,292,52.2,267,72.2,176,73.6,284,38.7,140,33.8,59,57.7,42,60.2,356,7.3,280,11.0,305
UC San Diego,52.300000000000004,85,50.4,171,32.4,187,29.5,101,27.800000000000004,215,27.800000000000004,116,14.399999999999999,33,16.900000000000002,176,34.9,127,33.6,157,52.2,97,50.4,174,74.3,87,72.1,184,41.7,68,35.7,115,47.0,259,49.5,147,7.2,283,11.0,306
Nebraska,53.1,62,46.7,18,32.6,181,27.700000000000003,58,27.6,220,30.3,235,15.8,94,16.2,231,35.7,78,32.5,89,52.8,79,45.2,14,76.0,36,70.1,70,44.3,32,41.4,308,57.0,48,52.2,224,7.1,291,11.0,307
UT Arlington,52.1,96,49.0,90,39.0,34,42.0,338,32.800000000000004,68,29.4,200,21.5,354,18.6,78,35.4,94,34.6,236,51.3,135,47.4,52,73.8,99,74.5,321,42.8,46,35.5,107,59.7,19,54.4,276,10.6,102,11.1,308
West Virginia,49.6,233,52.1,269,37.1,70,28.1,66,26.6,260,30.4,241,18.3,274,15.0,306,34.9,129,34.9,251,47.8,281,51.9,248,70.5,255,73.6,285,37.4,182,43.0,340,54.4,83,56.4,315,10.2,123,11.1,309
Boise St.,51.0,153,49.8,137,35.099999999999994,112,33.1,194,32.9,60,23.1,5,16.400000000000002,134,16.900000000000002,179,34.2,160,30.5,19,50.8,151,52.1,260,74.1,91,72.7,232,39.4,118,36.7,159,46.0,277,47.8,104,6.8,306,11.1,310
Denver,51.800000000000004,110,54.7,351,35.0,121,32.0,162,27.3,236,27.6,110,14.000000000000002,16,14.2,327,35.1,119,36.8,335,51.2,142,54.4,335,71.8,198,73.8,292,41.0,89,35.5,108,45.9,280,44.7,43,9.4,162,11.2,311
Air Force,53.800000000000004,46,54.2,338,29.599999999999998,266,39.1,311,23.799999999999997,325,31.5,302,18.8,297,17.599999999999998,135,36.1,51,36.6,329,53.6,54,53.7,315,68.2,312,74.7,329,47.2,15,36.7,155,62.0,10,49.9,154,11.8,52,11.3,312
Texas A&M Commerce,46.0,334,52.400000000000006,283,30.8,239,39.2,313,24.3,310,33.1,335,16.7,166,18.3,92,29.4,340,35.0,261,47.6,285,52.4,279,69.2,294,71.8,174,46.0,21,30.4,15,52.6,116,51.0,189,11.4,63,11.3,313
Incarnate Word,48.199999999999996,273,51.800000000000004,252,37.1,69,40.699999999999996,329,30.0,132,30.0,221,21.7,355,15.1,304,32.0,276,36.7,331,48.3,266,50.2,170,72.3,166,71.2,135,39.7,114,34.4,77,48.8,210,53.0,245,10.1,129,11.3,314
Saint Louis,51.5,132,54.300000000000004,340,36.3,87,35.3,255,26.1,276,28.499999999999996,156,16.8,170,14.2,330,36.4,42,36.6,328,49.6,212,53.9,325,75.6,49,73.0,249,37.8,166,42.4,329,50.9,164,50.4,174,8.8,190,11.3,315
The Citadel,50.6,180,53.5,323,33.7,149,22.5,7,27.3,233,26.8,85,18.0,243,16.1,246,32.8,239,35.2,268,51.3,136,54.1,329,70.7,247,73.0,254,33.3,284,39.9,277,43.9,323,55.0,290,7.5,271,11.3,316
Harvard,50.2,207,50.1,159,35.699999999999996,98,25.8,23,26.5,262,31.3,294,17.8,231,16.0,253,33.8,186,33.9,180,49.9,200,49.5,140,70.5,254,69.2,41,39.4,116,40.8,291,51.6,141,53.3,253,11.5,60,11.4,317
Georgetown,48.6,264,55.7,358,33.900000000000006,145,33.6,209,33.4,46,30.7,263,17.9,238,16.400000000000002,219,34.6,142,35.3,276,46.3,321,57.4,360,71.4,220,71.5,149,41.0,87,38.2,213,50.5,175,55.5,302,8.6,207,11.4,318
Xavier,49.1,248,49.5,120,31.8,211,29.7,109,31.900000000000002,81,28.999999999999996,179,16.400000000000002,139,16.0,251,34.2,161,33.4,144,48.1,273,49.2,122,74.6,76,71.2,132,32.0,302,35.4,105,59.7,18,59.6,352,8.4,220,11.4,319
UT Rio Grande Valley,45.1,347,53.1,316,41.199999999999996,15,34.4,231,24.3,308,33.4,338,19.0,308,18.9,62,29.0,345,33.9,184,45.8,332,54.2,333,71.1,228,73.2,264,29.2,341,33.4,53,50.7,168,60.0,354,7.0,298,11.4,320
South Alabama,50.9,160,50.7,193,31.6,219,33.900000000000006,220,22.8,342,31.8,309,16.3,133,16.7,192,35.1,115,31.9,58,50.0,193,52.3,273,74.8,73,69.1,35,36.1,211,36.1,129,40.3,353,45.6,52,6.8,304,11.4,321
Wyoming,50.9,156,52.800000000000004,303,38.0,52,27.800000000000004,61,28.599999999999998,180,29.099999999999998,188,18.5,284,15.9,263,36.1,54,34.4,222,49.0,239,53.7,317,74.9,69,73.8,291,37.0,188,40.0,281,46.4,270,49.5,148,6.7,310,11.4,322
Milwaukee,51.0,155,50.6,189,34.0,140,32.800000000000004,186,36.0,16,32.6,322,17.9,241,15.5,281,32.2,268,34.2,209,52.7,82,50.2,167,73.7,105,75.6,342,38.8,137,38.4,225,50.2,183,55.5,303,11.3,67,11.5,323
Nicholls St.,51.5,137,49.8,136,37.6,62,39.4,316,27.6,223,32.2,319,19.0,307,16.400000000000002,223,36.8,26,32.1,67,48.9,240,50.7,191,72.7,145,68.5,23,40.3,100,36.3,134,46.0,276,50.7,182,10.7,94,11.5,324
North Texas,50.8,164,48.0,50,28.799999999999997,287,38.6,305,34.0,35,32.0,315,17.7,224,19.5,44,37.7,13,33.5,147,47.1,298,46.8,40,74.0,93,71.0,121,39.1,128,36.1,128,44.4,315,46.9,74,8.9,188,11.5,325
Albany,50.4,191,51.4,236,29.2,282,38.9,308,30.599999999999998,114,29.4,203,17.7,221,17.0,171,32.9,232,29.3,4,51.0,145,54.6,340,72.5,155,72.4,208,36.9,189,29.6,9,44.5,311,46.6,67,7.4,275,11.5,326
Furman,52.1,94,52.900000000000006,305,31.0,232,28.499999999999996,77,29.4,152,26.6,72,15.9,96,16.2,232,33.2,214,34.1,200,54.3,39,53.9,322,73.5,112,68.8,28,48.2,9,35.0,90,58.3,33,49.9,155,6.7,311,11.5,327
Houston Christian,46.9,314,54.0,335,36.8,76,28.599999999999998,80,29.7,145,33.7,342,21.0,344,13.600000000000001,343,29.5,338,34.0,194,47.9,277,55.5,351,64.0,353,71.6,160,28.0,350,34.1,71,41.4,342,52.2,227,6.2,333,11.5,328
Indiana St.,59.8,1,49.9,142,33.1,162,25.900000000000002,27,23.599999999999998,327,23.3,7,16.2,114,15.5,279,38.1,12,34.7,241,62.4,1,48.8,97,80.1,2,74.2,311,49.5,5,34.0,66,60.8,14,39.3,4,4.5,356,11.5,329
Memphis,52.800000000000004,67,50.0,147,36.3,85,29.599999999999998,103,33.4,45,33.6,339,18.0,247,19.1,57,35.0,121,34.0,187,52.9,76,49.3,127,72.5,153,71.5,148,38.9,133,42.7,334,48.8,211,53.3,254,12.6,32,11.6,330
Notre Dame,47.599999999999994,288,48.199999999999996,59,27.900000000000002,309,27.400000000000002,54,28.4,189,26.700000000000003,81,19.1,311,15.2,298,31.8,286,32.5,94,47.5,287,47.8,70,74.4,80,71.8,168,43.3,42,36.8,166,45.1,297,50.2,168,6.6,315,11.6,331
Binghamton,49.4,244,50.0,152,34.300000000000004,134,34.8,243,29.099999999999998,165,25.0,30,18.0,242,13.3,348,29.9,332,35.0,259,51.4,131,48.4,88,67.4,320,73.3,268,30.7,321,38.0,212,54.7,80,43.8,31,10.0,133,11.7,332
Northwestern St.,47.699999999999996,286,51.9,258,36.7,80,41.4,333,29.799999999999997,144,34.1,348,19.3,319,18.5,87,31.3,304,32.6,100,48.0,274,53.8,321,66.2,340,70.2,80,34.4,261,37.2,188,45.5,290,50.6,180,8.5,214,11.7,333
Southern Illinois,52.5,81,50.1,156,35.9,94,36.5,278,26.1,277,25.6,49,16.8,169,16.2,236,34.3,158,30.4,15,53.4,58,52.1,258,77.0,28,71.2,131,43.8,38,30.5,17,58.1,34,44.0,36,8.0,238,11.7,334
Columbia,52.5,78,52.800000000000004,299,29.299999999999997,275,28.499999999999996,79,27.900000000000002,207,28.599999999999998,158,17.8,228,17.0,172,37.4,18,33.9,174,50.2,183,54.1,330,73.2,126,73.3,267,38.5,148,42.2,323,61.8,11,56.9,323,6.9,303,11.7,335
Fresno St.,51.5,127,53.1,312,30.4,250,28.000000000000004,64,24.4,304,30.4,243,18.8,296,15.4,291,33.2,215,36.9,339,52.6,88,51.8,243,68.1,314,68.6,26,38.5,146,37.3,191,50.4,179,50.2,165,6.4,325,11.7,336
Saint Francis,47.199999999999996,301,53.0,309,32.6,182,35.4,258,32.9,61,31.3,292,21.2,350,17.1,163,33.2,213,35.4,282,45.7,335,52.9,297,60.6,361,70.3,83,35.1,237,37.1,181,52.6,118,52.0,219,10.1,128,11.8,337
Arkansas St.,51.5,136,50.5,182,32.9,171,34.8,244,34.5,29,28.799999999999997,169,15.9,97,14.2,329,34.4,155,35.2,266,51.4,132,49.7,145,70.2,265,76.1,353,42.8,47,26.9,3,52.5,120,40.3,7,10.0,131,11.9,338
Troy,50.1,214,49.8,139,41.3,14,39.800000000000004,323,34.8,27,30.7,261,19.6,325,20.8,22,35.3,99,35.9,314,48.2,269,47.7,66,73.1,127,70.7,105,40.0,106,33.7,54,49.9,190,44.7,42,8.5,211,11.9,339
Georgia,49.8,224,49.8,140,36.6,81,29.299999999999997,90,27.1,243,30.5,252,16.1,112,16.1,243,34.0,175,33.1,128,49.0,237,49.8,149,71.9,188,72.4,209,40.2,102,37.2,184,46.2,272,54.2,271,8.4,219,11.9,340
Liberty,54.300000000000004,33,50.8,196,26.700000000000003,336,30.3,122,24.5,302,25.5,43,16.2,116,17.0,165,35.7,76,32.3,79,55.0,24,51.9,246,66.2,339,72.4,215,46.8,18,32.6,38,56.9,49,41.2,11,6.0,338,11.9,341
Duke,54.6,28,48.6,78,34.300000000000004,133,28.1,67,32.0,78,25.900000000000002,54,14.399999999999999,32,16.900000000000002,175,37.7,15,31.8,53,53.5,55,49.0,108,72.3,163,67.8,10,37.5,176,34.7,82,54.7,79,50.8,183,9.8,143,12.0,342
Kennesaw St.,51.5,133,53.1,313,35.4,104,43.2,345,30.0,133,30.5,246,16.0,109,17.599999999999998,132,32.9,231,37.2,347,53.0,74,51.3,221,67.7,316,73.1,259,42.5,51,39.5,257,48.1,242,48.2,113,10.9,85,12.1,343
Rhode Island,51.5,134,52.6,292,39.4,31,30.0,114,29.099999999999998,163,28.199999999999996,140,18.5,283,13.100000000000001,355,34.9,130,35.7,298,51.1,144,52.0,254,64.7,349,67.0,3,33.4,281,39.5,258,49.6,200,53.7,261,8.1,236,12.1,344
Arkansas Pine Bluff,51.5,126,52.6,291,40.2,23,32.5,178,22.900000000000002,340,34.0,347,18.0,248,15.4,288,36.5,36,31.4,41,48.4,260,56.0,356,75.8,42,73.3,266,49.4,6,38.3,218,55.1,71,55.4,299,4.5,358,12.3,345
Georgia Southern,50.8,165,52.0,262,28.9,285,43.1,342,28.799999999999997,176,33.900000000000006,344,18.8,298,17.299999999999997,151,35.2,109,35.5,286,49.3,225,51.4,227,73.2,123,70.4,85,44.6,28,36.4,136,41.8,340,49.4,143,10.7,93,12.4,346
Loyola Chicago,51.5,129,46.400000000000006,15,33.4,157,36.5,279,27.500000000000004,228,25.2,34,18.6,286,17.8,125,34.9,125,34.1,197,51.0,147,43.8,6,68.0,315,73.8,295,40.5,96,35.9,123,63.3,7,49.0,133,13.8,19,12.5,347
SMU,51.0,152,47.199999999999996,30,28.799999999999997,286,34.0,223,38.3,5,31.3,290,16.5,151,18.7,71,34.7,139,32.1,69,50.4,170,46.6,32,68.3,309,71.8,175,35.6,225,36.9,173,55.4,68,55.8,306,13.2,25,12.5,348
Alabama St.,41.0,362,49.1,98,28.499999999999996,296,43.4,346,31.7,93,29.099999999999998,186,16.3,127,20.0,36,28.0,359,34.1,203,40.4,362,47.6,60,71.9,187,73.4,274,38.4,151,41.0,297,44.4,316,53.3,255,11.1,73,12.5,349
Winthrop,51.9,102,49.5,115,50.0,1,34.300000000000004,228,30.4,119,32.9,332,18.7,292,18.2,99,33.7,190,32.0,64,52.8,78,50.6,181,69.6,283,76.0,351,39.4,120,41.1,303,44.8,306,48.4,117,7.8,256,12.6,350
Navy,44.0,355,50.3,169,34.8,126,35.699999999999996,260,31.8,89,30.8,266,15.6,83,20.5,27,29.6,336,32.9,115,43.8,353,50.9,204,71.4,214,72.1,188,33.1,289,40.7,290,51.5,146,55.6,304,6.5,322,12.6,351
Alabama,56.3,10,49.7,127,35.3,106,38.800000000000004,307,34.9,26,30.9,271,15.9,101,15.2,296,37.3,19,31.7,51,56.7,11,50.9,199,77.2,25,73.8,289,46.5,19,37.2,183,51.1,155,45.9,56,10.8,86,12.7,352
Queens,49.9,220,54.1,336,33.7,150,29.4,94,27.6,221,29.5,207,15.7,88,15.4,286,33.0,225,34.2,208,50.1,190,55.8,355,71.1,229,72.3,201,40.8,92,36.7,157,45.5,289,41.4,13,6.7,308,12.9,353
Saint Joseph's,53.0,65,49.0,88,28.7,291,28.7,81,29.099999999999998,162,29.099999999999998,187,16.5,149,17.599999999999998,133,35.2,108,33.0,120,53.0,73,48.6,93,72.6,149,72.1,186,47.8,12,42.5,331,55.3,70,54.8,284,11.1,74,13.0,354
UTSA,48.3,271,51.9,257,35.0,120,34.599999999999994,236,32.0,79,28.9,175,15.5,77,13.100000000000001,352,33.4,205,37.0,340,46.9,309,49.8,151,71.5,211,71.4,143,44.5,30,37.5,195,52.9,112,51.9,216,10.6,100,13.1,355
New Hampshire,47.9,281,50.5,185,29.799999999999997,263,27.500000000000004,55,23.5,329,25.5,45,16.6,153,16.400000000000002,216,31.8,284,30.5,20,48.1,271,53.5,314,74.3,88,73.0,251,43.7,40,38.4,224,44.7,307,50.5,178,5.4,349,13.2,356
Texas A&M,45.7,340,50.5,186,38.6,39,31.900000000000002,156,42.199999999999996,1,27.900000000000002,123,14.099999999999998,20,16.7,189,29.3,342,33.8,173,46.8,310,50.3,173,70.7,244,71.4,144,37.7,170,44.9,351,44.5,313,59.5,351,9.3,170,13.3,357
Villanova,50.6,175,48.3,63,26.8,333,26.0,29,24.9,298,24.3,17,14.7,40,16.2,230,33.8,185,32.8,110,50.5,166,47.6,58,80.8,1,73.7,286,48.0,11,45.3,355,52.9,115,57.2,325,7.7,263,13.3,358
South Carolina,50.9,158,48.4,70,31.8,209,31.6,148,32.800000000000004,66,27.900000000000002,125,15.5,74,14.899999999999999,307,33.9,180,33.9,179,50.9,149,47.3,50,71.1,226,73.4,275,41.1,85,31.3,24,60.5,16,47.6,100,8.2,225,13.5,359
William & Mary,48.3,272,52.2,275,31.900000000000002,206,34.9,248,27.400000000000002,232,29.099999999999998,190,16.3,128,14.399999999999999,321,32.1,273,34.5,231,48.6,257,52.5,283,69.8,276,74.5,324,47.7,13,36.5,143,50.4,177,46.2,61,4.8,352,13.6,360
Stonehill,46.7,322,52.7,297,22.6,358,29.4,97,22.5,344,31.0,278,19.5,323,16.6,204,30.1,328,35.9,317,47.9,279,51.7,239,69.7,281,73.9,304,47.0,16,46.2,359,51.7,140,60.8,358,7.2,287,13.9,361
Green Bay,52.400000000000006,82,49.4,111,29.4,269,34.2,227,27.3,238,28.4,146,18.6,288,14.000000000000002,336,34.0,177,30.2,13,53.7,49,51.6,234,72.7,146,72.7,233,48.2,10,35.3,101,52.1,134,50.8,186,5.9,340,14.8,362
