TeamName,eFG%,Rk,eFG% Def,Rk,FTR,Rk,FTR Def,Rk,OR%,Rk,DR%,Rk,TO%,Rk,TO% Def.,Rk,3P%,rk,3pD%,rk,2p%,rk,2p%D,rk,ft%,rk,ft%D,rk,3P rate,rk,3P rate D,rk,arate,rk,arateD,rk
Appalachian St.,52.300000000000004,101,44.4,6,28.499999999999996,289,21.3,6,28.7,193,27.3,97,15.4,59,15.7,282,30.1,320,30.9,47,56.0,23,43.3,9,66.6,315,69.9,101,34.5,257,35.5,114,51.2,146,44.2,41,15.0,12,4.9,1
San Francisco,55.7,23,47.4,59,23.3,355,35.6,251,32.4,79,24.4,22,18.0,215,21.3,28,34.4,139,32.2,100,58.3,9,46.8,55,77.4,21,70.0,103,39.1,135,38.7,236,52.5,124,47.2,94,11.9,59,5.3,2
Northern Illinois,51.9,118,53.900000000000006,323,36.8,87,33.2,195,24.9,311,32.5,300,18.099999999999998,221,13.3,355,35.9,78,36.7,324,50.6,166,53.4,292,68.1,290,69.1,72,39.6,120,33.0,50,40.9,344,48.6,132,11.5,73,5.7,3
Long Beach St.,50.9,151,52.0,254,37.8,63,35.199999999999996,241,32.800000000000004,71,31.0,251,18.4,246,19.2,77,32.3,237,34.4,225,51.9,116,52.3,257,67.5,303,68.0,39,27.4,348,46.3,353,52.5,125,60.7,348,11.3,82,5.7,4
Grand Canyon,53.7,57,46.800000000000004,46,47.0,4,34.9,234,35.3,27,27.500000000000004,102,18.6,254,19.6,63,33.9,160,32.8,139,55.2,33,45.7,41,73.2,112,70.2,114,35.2,237,32.9,49,42.7,325,47.9,115,13.6,22,5.8,5
Bradley,56.10000000000001,21,47.8,68,28.599999999999998,286,34.4,221,29.299999999999997,175,29.599999999999998,192,18.5,250,19.5,66,38.1,20,32.5,121,55.3,32,47.1,63,70.1,231,70.4,133,41.5,84,37.7,197,49.7,192,48.8,135,11.0,92,5.8,6
Pepperdine,49.5,217,54.800000000000004,344,30.7,233,36.199999999999996,265,30.3,135,25.3,38,16.900000000000002,143,17.9,144,34.6,136,38.3,355,48.4,245,53.5,296,67.1,310,73.4,276,31.2,315,30.9,23,50.3,169,51.0,193,7.6,257,5.8,7
UCLA,45.7,326,48.4,91,37.3,76,36.1,262,29.9,148,28.999999999999996,171,18.3,235,19.0,85,30.0,322,32.6,128,46.0,317,48.0,89,71.9,170,71.5,191,28.2,341,45.0,348,50.0,179,47.6,104,11.9,60,5.9,8
Purdue,56.599999999999994,14,46.6,42,40.0,31,23.0,12,37.0,15,24.0,15,16.3,114,14.7,321,40.6,4,30.9,42,54.1,51,46.7,54,72.3,159,69.5,87,36.7,206,39.4,254,64.2,6,57.1,321,10.9,98,6.0,9
Eastern Kentucky,48.199999999999996,262,50.7,188,30.2,244,28.9,87,31.8,93,29.7,195,16.7,139,14.2,329,33.8,172,40.0,362,46.8,302,45.2,28,66.8,313,70.9,165,35.5,231,36.9,165,46.8,263,51.4,201,14.7,16,6.1,10
Delaware St.,44.4,346,52.6,285,35.4,123,36.1,263,33.1,64,27.700000000000003,113,21.6,347,21.7,22,27.0,353,37.1,340,45.7,326,50.4,185,71.4,191,69.6,92,23.5,362,40.3,277,46.6,267,55.2,295,5.6,336,6.1,11
BYU,56.699999999999996,11,45.5,18,20.9,360,29.4,98,34.9,30,23.3,8,15.6,73,17.4,170,36.3,60,29.4,18,59.1,5,46.2,49,72.8,133,69.5,86,51.9,2,33.5,63,65.9,3,47.8,109,6.9,291,6.2,12
New Mexico St.,47.3,287,51.1,211,36.7,89,53.6,362,26.0,288,28.199999999999996,139,19.900000000000002,311,17.9,148,32.1,243,35.2,263,46.8,299,49.7,150,72.4,152,70.1,110,35.3,232,44.8,345,51.6,141,61.2,353,8.0,232,6.3,13
Drake,55.50000000000001,24,50.1,161,28.9,276,30.599999999999998,125,25.4,299,23.3,9,14.099999999999998,16,19.400000000000002,68,34.2,151,33.3,161,58.3,10,50.2,169,74.8,67,68.5,52,40.1,107,39.6,258,56.1,65,42.1,17,5.9,329,6.3,14
Houston,50.3,183,40.9,1,29.9,253,40.0,314,39.900000000000006,6,28.599999999999998,156,14.2,20,25.900000000000002,3,35.4,99,28.0,5,48.7,233,40.0,1,67.5,302,63.6,3,35.9,222,43.5,334,49.9,185,65.3,362,19.6,1,6.4,15
Santa Clara,53.5,62,48.199999999999996,82,29.9,254,32.0,168,32.0,86,27.900000000000002,122,18.8,263,15.0,315,35.9,76,32.7,131,53.3,72,47.6,74,70.0,238,70.3,122,39.3,129,39.1,246,54.5,83,50.0,165,7.4,266,6.4,16
Western Michigan,50.4,177,51.0,205,32.300000000000004,195,31.4,155,34.300000000000004,42,30.9,247,20.0,320,15.7,287,34.6,138,35.1,254,49.5,212,49.9,159,61.0,360,69.7,96,36.7,207,39.8,263,49.7,193,53.0,244,6.9,293,6.4,17
Arkansas,49.9,199,48.699999999999996,97,45.7,7,34.699999999999996,228,25.4,301,29.9,207,16.1,105,14.399999999999999,327,32.3,239,33.7,187,50.6,163,47.7,77,71.7,177,70.6,148,34.0,270,35.6,120,45.2,296,48.1,122,16.1,4,6.5,18
Nevada,52.400000000000006,98,46.800000000000004,47,45.2,9,33.7,206,26.5,271,28.299999999999997,148,14.000000000000002,14,18.3,117,33.9,161,31.2,57,53.0,83,46.8,57,71.7,176,67.2,25,31.6,307,42.2,317,53.2,109,53.6,259,13.0,36,6.5,19
Florida St.,49.4,221,50.4,176,37.5,70,42.9,337,28.799999999999997,192,30.5,233,16.3,119,21.099999999999998,32,32.7,218,32.9,142,49.6,207,51.1,209,69.5,258,66.5,18,31.9,302,39.8,264,47.9,236,46.6,79,11.6,67,6.5,20
Cal St. Bakersfield,46.6,305,50.9,201,29.099999999999998,272,40.699999999999996,323,34.0,49,34.300000000000004,336,17.599999999999998,193,18.2,125,30.1,318,35.7,292,47.0,298,49.2,125,67.8,294,70.7,154,23.9,361,37.8,201,39.8,351,50.8,188,10.4,123,6.5,21
Stony Brook,48.199999999999996,263,52.7,288,28.7,284,25.6,27,28.9,187,29.4,187,16.400000000000002,125,17.0,202,32.1,244,37.0,334,48.3,250,50.7,192,71.4,192,71.6,197,37.2,186,43.3,333,43.8,312,59.0,337,9.5,163,6.5,22
Florida Atlantic,56.10000000000001,20,49.6,136,33.1,173,26.400000000000002,37,34.300000000000004,41,29.9,206,16.1,104,17.599999999999998,158,36.9,44,34.2,207,56.6,17,48.7,106,70.0,239,70.9,163,39.2,132,36.4,143,51.2,147,40.5,7,7.3,270,6.5,23
Ohio St.,51.1,145,47.8,70,32.300000000000004,194,25.3,24,34.4,38,27.800000000000004,118,15.6,76,16.1,261,34.3,147,34.8,240,50.9,148,45.6,40,75.1,57,67.6,31,37.3,179,34.7,91,53.2,106,43.2,24,11.6,66,6.6,24
Marist,50.2,185,47.4,62,29.799999999999997,258,39.0,306,22.900000000000002,334,26.3,65,18.5,249,22.6,10,32.8,208,32.0,90,50.8,152,47.0,62,63.7,348,68.2,44,36.9,195,40.2,275,48.4,226,43.7,34,10.5,112,6.6,25
Wright St.,58.5,2,56.49999999999999,357,29.599999999999998,265,30.599999999999998,124,28.000000000000004,218,28.4,150,15.9,91,16.2,258,38.0,21,38.1,350,59.0,7,56.1,347,75.9,43,71.1,169,27.4,349,39.8,265,49.1,209,48.2,126,7.3,271,6.6,26
Utah St.,53.900000000000006,45,49.2,126,38.4,49,31.1,140,31.7,96,23.5,12,15.8,83,17.7,153,30.4,305,28.1,7,57.7,11,53.2,282,71.4,195,70.8,159,31.3,311,36.3,138,56.6,58,48.6,131,12.2,48,6.7,27
UC Santa Barbara,55.2,26,49.0,116,39.0,41,30.5,122,27.1,247,25.2,36,20.1,321,13.700000000000001,343,38.7,14,31.6,73,53.9,57,49.8,153,72.7,136,66.6,19,31.1,316,33.6,66,53.4,102,47.9,112,9.1,178,6.7,28
North Dakota,48.3,259,52.5,278,35.199999999999996,128,32.1,172,31.4,111,28.499999999999996,153,15.8,84,15.299999999999999,302,30.3,312,35.9,306,50.4,173,51.9,243,68.6,282,75.1,330,43.2,47,33.6,65,45.0,298,43.9,39,6.4,306,6.7,29
Valparaiso,46.0,318,51.4,222,27.1,312,30.9,133,28.000000000000004,219,31.900000000000002,287,17.1,154,17.299999999999997,176,31.6,264,34.6,232,45.2,333,51.2,217,73.1,118,67.4,28,34.8,249,35.3,108,49.3,205,54.4,279,9.7,153,6.8,30
Longwood,48.0,274,48.9,114,39.300000000000004,38,34.1,214,37.7,9,25.900000000000002,54,18.7,256,19.900000000000002,56,31.0,285,33.4,172,48.6,237,48.3,100,67.6,301,67.8,36,27.2,350,36.3,139,47.1,257,46.5,75,7.8,238,6.8,31
Clemson,55.1,30,49.9,148,29.099999999999998,271,31.3,150,30.5,126,24.3,20,15.1,47,13.900000000000002,335,36.0,73,34.6,227,55.8,26,48.4,101,77.1,26,72.9,258,38.8,141,41.5,304,54.1,91,45.9,59,13.2,29,6.9,32
VCU,53.2,73,45.300000000000004,16,37.4,72,35.9,257,30.3,134,27.500000000000004,103,18.9,267,15.7,286,36.0,72,29.6,21,52.6,94,45.7,42,77.3,25,73.7,283,42.6,58,34.3,81,57.2,48,42.8,20,13.1,31,6.9,33
Central Michigan,48.199999999999996,261,51.0,207,25.7,343,31.3,152,27.400000000000002,236,28.599999999999998,158,18.3,233,17.4,172,31.9,252,32.1,97,48.4,244,52.9,277,67.2,309,77.4,360,34.3,264,40.4,280,47.9,237,53.3,251,9.3,168,6.9,34
Auburn,53.400000000000006,66,43.2,3,37.6,67,36.6,272,34.5,37,29.2,180,14.7,37,19.900000000000002,53,33.1,197,29.6,22,55.7,27,42.5,3,76.3,35,74.3,308,38.5,151,36.1,132,62.5,10,44.5,43,15.6,5,7.0,35
Virginia,50.0,191,45.800000000000004,22,27.3,310,23.9,15,26.400000000000002,274,28.1,134,13.700000000000001,9,21.6,23,35.7,85,31.5,70,48.3,247,44.8,24,64.8,340,72.2,226,32.5,292,40.6,286,63.7,7,53.0,240,15.5,7,7.0,36
Michigan St.,53.1,75,45.9,23,31.7,203,30.9,131,30.0,145,28.499999999999996,154,15.1,51,19.1,79,36.2,63,30.8,38,52.6,96,45.6,38,70.0,236,72.8,254,31.9,303,42.2,316,63.1,9,55.5,300,13.1,33,7.0,37
Drexel,50.9,153,45.9,25,30.4,239,27.1,52,36.5,21,25.1,32,17.4,172,13.600000000000001,347,33.1,203,30.9,44,51.5,130,45.6,39,73.3,109,72.1,220,32.0,300,37.1,176,45.3,294,47.9,114,11.2,83,7.0,38
Bethune Cookman,46.2,313,52.300000000000004,269,38.9,43,50.8,358,31.900000000000002,91,33.0,312,21.099999999999998,339,22.400000000000002,14,28.8,339,37.1,339,47.4,287,50.3,177,73.0,121,73.2,268,28.3,339,38.6,234,46.3,276,62.5,358,8.2,219,7.0,39
Montana St.,52.7,85,52.900000000000006,292,31.6,207,40.300000000000004,317,19.2,355,27.500000000000004,104,17.4,175,18.0,138,32.8,212,31.9,81,55.3,31,55.4,337,74.6,71,70.5,139,42.1,63,33.5,64,47.4,248,48.0,120,5.1,348,7.0,40
Washington St.,53.1,76,45.5,19,33.4,167,33.0,190,31.1,118,25.1,33,15.5,64,15.9,266,34.4,143,32.0,89,53.8,58,44.2,20,68.8,277,75.8,345,31.7,306,32.8,44,45.7,285,45.6,55,13.6,21,7.1,41
Eastern Michigan,48.4,254,54.900000000000006,346,28.7,285,33.1,193,25.3,305,29.7,202,17.1,152,16.1,263,30.7,295,35.6,287,49.4,215,55.9,344,68.9,276,68.7,62,31.7,304,39.4,256,42.0,330,49.8,162,5.4,341,7.1,42
Morehead St.,53.2,71,47.4,60,31.4,210,37.5,284,33.900000000000006,51,27.400000000000002,99,19.400000000000002,292,15.6,292,33.5,186,31.5,72,55.6,28,47.5,70,71.5,184,73.2,270,44.0,39,32.9,45,48.9,212,43.0,22,12.1,51,7.2,43
Mount St. Mary's,52.7,86,49.0,117,26.3,332,36.1,264,31.2,115,28.999999999999996,170,21.099999999999998,338,19.6,64,33.3,188,33.8,193,54.1,53,48.2,92,71.0,203,75.6,338,33.7,278,31.8,31,49.9,180,49.3,150,10.3,126,7.2,44
Gonzaga,54.7,33,45.6,20,31.5,208,26.400000000000002,39,35.099999999999994,28,25.900000000000002,55,15.6,75,17.0,200,32.8,213,31.8,76,57.3,13,44.5,22,70.0,235,73.4,275,32.0,301,36.7,158,52.5,123,49.0,141,9.0,187,7.2,45
Northern Arizona,47.699999999999996,278,53.2,305,29.9,257,38.2,295,23.200000000000003,333,30.599999999999998,236,18.4,245,18.099999999999998,133,30.6,298,32.6,127,48.8,231,55.6,339,66.4,320,72.3,235,37.1,192,36.7,157,55.3,74,45.0,50,8.8,194,7.2,46
Nebraska Omaha,49.4,220,52.300000000000004,268,44.2,11,33.2,194,25.8,291,28.599999999999998,159,15.5,68,16.6,232,32.2,241,33.6,177,49.9,195,53.6,298,75.5,53,75.5,335,32.3,296,41.2,298,41.4,339,50.7,185,7.3,272,7.2,47
Tennessee,51.800000000000004,120,43.5,4,33.1,172,38.0,288,33.5,59,27.800000000000004,119,15.5,67,19.3,74,33.8,170,29.8,25,52.6,95,42.7,4,76.6,32,70.9,162,41.2,86,38.2,218,62.3,11,48.0,118,13.6,23,7.3,48
Kansas,55.900000000000006,22,46.300000000000004,33,33.300000000000004,168,27.0,49,27.700000000000003,227,27.1,94,16.5,129,17.599999999999998,159,36.7,50,32.3,110,56.2,21,44.9,25,74.4,73,71.7,200,30.3,326,38.3,226,69.8,1,47.6,103,11.8,63,7.3,49
Arizona St.,48.1,269,49.0,119,36.199999999999996,104,25.6,26,21.3,351,31.1,258,15.0,46,20.4,38,31.4,268,31.9,82,48.7,234,49.8,154,64.0,345,68.0,40,38.7,144,38.9,241,49.8,190,55.5,302,11.3,81,7.3,50
Charlotte,50.8,155,48.0,76,32.0,199,30.599999999999998,123,26.700000000000003,259,29.4,188,15.4,60,16.7,229,31.6,265,30.9,45,52.8,88,48.9,113,74.3,75,74.7,322,36.8,205,36.5,149,54.3,88,43.8,36,10.0,140,7.3,51
Idaho St.,50.3,181,54.800000000000004,343,29.2,270,33.1,192,29.299999999999997,173,29.7,198,18.2,229,18.099999999999998,132,31.0,286,35.1,257,52.4,102,55.6,338,69.0,273,74.8,325,37.0,194,27.9,8,46.3,273,48.8,136,9.4,165,7.3,52
Arizona,54.7,32,48.9,109,34.4,137,24.4,16,38.1,8,20.9,2,16.400000000000002,121,19.3,75,36.9,42,33.4,168,54.3,47,48.1,91,72.9,127,70.3,120,32.0,299,39.5,257,58.8,35,53.8,263,9.0,188,7.3,53
Charleston Southern,46.6,302,53.1,303,36.4,97,35.4,246,24.2,320,31.3,265,18.4,247,13.600000000000001,348,33.3,191,34.2,211,44.6,342,53.9,309,77.6,19,71.9,208,35.7,226,31.0,24,43.1,320,43.2,25,7.4,263,7.3,54
St. John's,49.8,205,47.199999999999996,54,27.400000000000002,306,33.2,198,40.1,5,31.4,266,16.900000000000002,146,18.4,111,33.3,189,31.3,60,49.8,199,47.3,66,70.5,215,71.9,212,32.2,298,35.3,109,53.9,96,50.0,166,13.3,28,7.4,55
UMBC,52.1,111,51.1,210,22.2,358,28.7,80,26.200000000000003,280,31.4,269,18.9,270,14.7,323,35.6,92,32.3,111,51.3,137,52.6,265,68.9,275,72.9,259,36.6,209,34.6,86,43.8,311,44.5,45,7.6,252,7.4,56
Little Rock,50.9,154,51.6,231,37.8,62,43.1,338,31.6,105,31.2,260,16.8,141,17.7,155,32.9,207,34.7,237,51.8,121,51.3,221,72.0,168,75.7,342,34.7,253,36.8,160,50.9,156,46.4,72,11.0,90,7.5,57
Oral Roberts,51.7,124,50.6,183,27.6,302,33.4,200,19.1,357,33.800000000000004,330,13.3,4,14.7,320,38.4,15,35.2,259,48.1,257,49.3,129,74.0,85,71.3,179,38.1,160,38.9,242,38.4,358,52.7,233,10.8,100,7.5,58
Iowa St.,53.900000000000006,47,47.5,63,40.400000000000006,27,34.2,217,33.5,58,26.5,69,15.9,89,26.5,1,34.6,133,33.2,155,54.8,40,45.4,32,69.9,243,71.4,187,31.4,310,47.4,358,60.6,21,59.2,338,10.6,111,7.5,59
Richmond,53.2,70,45.6,21,24.9,347,24.8,19,18.4,360,26.5,75,12.5,2,17.1,189,37.0,38,29.8,24,51.8,117,46.2,50,72.3,158,70.6,146,36.8,202,41.1,296,48.1,232,47.8,111,9.0,186,7.5,60
North Carolina St.,49.7,208,48.9,112,30.5,237,35.199999999999996,242,28.599999999999998,201,28.799999999999997,164,14.000000000000002,15,20.0,50,32.7,220,34.2,213,50.1,186,47.7,78,72.7,135,70.3,121,34.0,269,34.7,92,46.1,281,47.6,106,8.5,203,7.5,61
Tulsa,50.6,166,47.8,71,40.9,22,33.1,191,27.200000000000003,243,32.2,292,19.2,290,20.0,51,33.1,196,29.9,26,51.2,140,49.5,141,73.6,98,69.1,71,42.0,66,38.0,207,50.8,161,50.7,183,7.7,247,7.5,62
IUPUI,47.5,282,57.49999999999999,359,31.3,214,32.9,186,30.099999999999998,139,34.599999999999994,342,21.099999999999998,340,18.0,143,27.2,350,37.5,345,49.9,197,58.3,359,73.1,120,70.7,149,25.7,357,38.4,228,41.8,334,56.8,320,5.6,337,7.5,63
Cleveland St.,49.0,235,51.7,236,33.6,161,38.5,297,35.0,29,36.5,356,15.8,88,20.200000000000003,44,36.6,53,32.0,86,46.1,313,53.9,308,65.3,336,66.4,16,33.2,283,37.4,190,47.6,244,52.7,231,13.0,35,7.6,64
Saint Mary's,50.4,175,45.0,13,26.200000000000003,336,36.5,271,40.300000000000004,4,23.400000000000002,10,17.5,180,18.3,120,32.0,246,32.4,119,51.8,118,43.5,13,67.3,305,69.6,93,37.5,171,28.9,14,58.3,39,47.8,110,11.9,61,7.6,65
Rider,44.6,343,52.400000000000006,274,30.0,251,40.6,322,32.9,70,27.800000000000004,120,18.0,216,15.4,300,30.7,296,34.6,233,44.0,348,52.7,273,71.9,173,68.7,60,28.5,337,41.3,302,47.4,251,52.1,219,9.8,150,7.6,66
Radford,51.0,149,50.2,167,26.5,327,34.300000000000004,220,29.4,169,32.800000000000004,306,16.8,142,16.400000000000002,246,36.3,61,31.5,69,49.0,226,52.0,250,73.5,102,73.9,290,36.2,216,37.6,195,41.2,341,45.9,62,9.6,155,7.6,67
Grambling St.,46.400000000000006,309,53.5,316,32.800000000000004,182,35.4,247,26.400000000000002,277,33.0,315,21.7,350,18.5,108,30.3,307,38.7,359,46.8,301,51.3,224,70.9,208,72.3,232,29.4,333,32.6,38,37.9,361,63.3,360,6.3,315,7.6,68
Northern Colorado,55.300000000000004,25,54.400000000000006,334,29.299999999999997,267,30.0,113,23.5,330,24.9,30,15.5,63,16.6,231,35.5,96,38.2,352,56.5,18,52.6,264,71.6,182,76.9,357,37.7,170,40.1,272,49.4,201,45.3,53,5.3,343,7.6,69
Lafayette,46.0,319,48.1,80,22.8,356,28.999999999999996,91,23.9,326,29.7,203,18.3,236,17.599999999999998,161,29.1,335,34.2,215,47.7,270,46.1,48,69.4,259,73.8,287,40.5,98,38.0,208,57.1,49,51.5,202,12.6,40,7.7,70
Oakland,51.4,137,51.9,250,31.0,222,28.999999999999996,90,30.0,144,29.099999999999998,177,16.900000000000002,145,17.0,203,33.3,190,35.2,261,52.3,105,51.2,212,72.6,142,73.5,279,38.8,142,42.3,318,48.2,230,61.5,355,6.0,328,7.7,71
Mississippi,52.0,114,47.4,61,34.0,150,29.099999999999998,92,30.2,136,34.1,332,15.1,53,19.3,73,38.2,17,31.5,68,49.3,218,47.6,76,74.9,63,72.2,222,32.7,290,37.5,192,56.5,60,54.0,268,16.7,2,7.8,72
St. Bonaventure,52.300000000000004,102,49.2,127,28.599999999999998,287,36.7,275,31.6,103,27.700000000000003,114,16.7,135,20.1,47,36.4,57,30.9,43,50.9,145,51.1,208,77.8,16,67.3,26,37.2,185,39.8,262,47.6,245,56.4,311,12.0,54,7.8,73
San Diego St.,50.7,162,47.199999999999996,53,39.4,37,31.900000000000002,165,30.0,146,28.199999999999996,138,15.2,55,18.5,103,31.3,271,29.7,23,52.9,86,49.2,120,72.0,166,70.4,132,38.0,163,41.5,305,47.7,243,48.0,119,10.4,119,7.8,74
Massachusetts,51.2,141,48.199999999999996,83,36.8,83,40.6,321,36.7,20,30.9,246,15.5,71,20.200000000000003,43,31.4,269,33.6,179,53.2,74,46.8,56,69.1,269,71.6,198,32.2,297,39.0,245,57.1,50,53.5,253,8.7,199,7.8,75
Western Carolina,50.6,165,46.300000000000004,35,26.900000000000002,320,32.7,184,29.7,152,24.8,25,15.0,42,12.6,361,34.4,145,35.8,296,50.0,191,43.2,8,68.6,281,67.8,35,36.4,212,28.9,15,39.9,350,36.5,1,7.9,233,7.8,76
Stanford,56.2,19,50.8,193,28.7,283,23.799999999999997,14,22.5,340,26.5,74,17.7,196,14.7,322,40.0,9,35.3,267,53.8,62,49.5,137,73.6,97,68.7,59,40.1,108,36.2,134,62.1,12,41.9,16,7.8,237,7.8,77
Colorado,56.3,17,49.0,115,36.6,91,29.4,97,33.4,60,23.5,11,18.5,248,16.900000000000002,218,39.5,11,33.8,188,55.0,38,48.1,90,78.5,8,71.6,195,29.1,334,35.3,111,58.2,41,41.4,10,6.2,316,7.8,78
Hampton,48.3,260,53.7,319,30.5,238,35.699999999999996,254,27.1,250,31.1,256,19.6,300,15.9,273,32.0,248,35.2,264,48.5,241,54.3,318,71.5,190,77.7,361,40.1,110,39.8,261,48.4,225,46.4,73,6.1,322,7.8,79
Missouri,51.5,132,50.0,155,27.400000000000002,307,39.5,312,27.200000000000003,244,34.5,340,15.8,87,19.900000000000002,54,32.6,224,33.3,163,53.5,67,50.1,164,76.5,33,76.0,348,42.2,62,41.1,295,49.9,183,53.0,243,15.6,6,7.9,80
Marshall,46.6,304,50.0,158,32.800000000000004,181,28.799999999999997,83,30.0,143,28.1,130,17.0,149,16.400000000000002,247,30.2,314,33.6,182,47.5,280,49.8,155,71.5,185,71.1,172,40.2,104,36.4,142,59.4,30,50.4,173,11.4,76,7.9,81
UMass Lowell,51.2,139,46.0,28,36.7,88,26.900000000000002,47,32.5,75,27.3,96,18.6,253,16.3,255,31.0,288,26.7,2,53.0,82,49.1,117,73.9,88,70.4,130,27.9,342,33.9,69,43.1,323,41.8,15,10.8,99,7.9,82
TCU,53.800000000000004,52,48.6,95,35.8,112,32.5,180,36.7,19,27.400000000000002,98,18.099999999999998,218,21.2,30,34.0,156,31.2,56,55.0,36,49.5,136,72.4,151,66.8,21,29.8,329,34.6,88,60.5,22,54.3,276,10.7,107,7.9,83
Cal St. Northridge,49.2,229,48.8,104,38.3,51,39.300000000000004,308,33.1,65,25.3,37,18.9,266,18.2,128,30.3,308,33.5,174,50.6,162,47.5,72,70.0,237,72.2,223,26.7,354,46.0,352,47.2,253,60.3,345,10.5,116,7.9,84
Florida Gulf Coast,50.4,178,53.300000000000004,307,30.099999999999998,248,31.8,163,30.2,137,28.7,160,18.2,228,15.6,291,35.6,91,36.8,330,48.7,236,51.9,246,67.7,297,68.4,51,37.3,180,42.8,327,45.5,290,51.6,205,8.5,205,7.9,85
Akron,53.900000000000006,46,49.4,133,35.8,114,28.799999999999997,82,29.2,177,27.900000000000002,123,17.599999999999998,189,18.4,113,34.7,130,33.0,147,55.1,34,49.4,132,72.0,167,68.3,46,40.8,90,36.5,146,49.4,200,48.2,125,8.2,215,7.9,86
Marquette,53.800000000000004,49,50.1,163,26.400000000000002,329,27.3,54,26.400000000000002,275,28.9,169,14.7,36,22.8,8,32.5,229,33.8,195,57.7,12,49.7,148,73.3,110,71.5,189,43.0,50,43.2,331,57.0,53,56.8,318,8.1,226,7.9,87
Robert Morris,51.4,134,54.50000000000001,336,31.5,209,37.4,283,34.1,46,30.099999999999998,213,20.8,333,18.5,107,34.6,135,33.7,185,51.2,141,56.6,351,73.5,106,72.5,246,40.3,102,34.2,77,49.9,181,50.8,187,6.5,303,7.9,88
Missouri St.,49.7,210,46.5,40,32.800000000000004,180,25.8,30,28.7,194,25.4,43,17.8,201,13.700000000000001,342,31.7,261,30.5,36,51.1,143,46.9,59,70.2,228,71.7,202,41.7,78,35.0,100,49.6,198,44.6,47,11.9,56,8.0,89
High Point,52.0,117,51.4,220,46.0,6,35.199999999999996,240,37.7,10,23.3,7,15.6,72,13.600000000000001,344,33.6,183,36.7,325,53.1,81,49.5,138,78.3,14,73.0,261,38.3,158,34.5,84,40.2,349,46.0,65,8.9,189,8.0,90
Boston University,45.6,328,50.0,159,29.2,268,36.3,268,25.900000000000002,289,20.200000000000003,1,18.0,214,16.5,239,30.3,311,33.6,181,45.8,323,49.7,151,65.9,324,72.2,225,41.8,75,43.0,329,52.1,133,52.5,223,7.3,273,8.0,91
Portland,51.1,146,55.00000000000001,348,35.8,115,27.800000000000004,67,25.8,290,31.4,270,18.8,264,15.0,316,33.1,200,36.5,319,52.3,107,55.3,334,69.8,250,70.4,134,43.8,40,46.7,354,53.6,101,59.5,341,6.4,311,8.0,92
Fairleigh Dickinson,47.599999999999994,279,53.5,315,36.3,102,32.5,179,27.500000000000004,233,32.1,290,17.9,211,19.0,84,31.5,267,36.0,308,47.8,268,53.2,285,71.2,199,69.5,88,40.6,96,43.7,336,54.5,84,54.0,269,5.7,335,8.0,93
Niagara,53.2,72,54.2,330,33.5,166,31.3,149,25.0,309,26.200000000000003,63,16.400000000000002,122,15.2,308,40.7,3,35.4,273,49.8,202,54.6,325,76.9,29,70.9,161,30.9,319,27.8,6,47.1,254,42.4,18,4.3,356,8.0,94
Kentucky,57.4,4,49.2,124,30.0,249,31.5,159,27.900000000000002,222,28.7,161,13.200000000000001,3,17.1,190,40.0,8,32.0,83,55.8,25,50.1,163,75.1,58,69.3,77,38.0,162,42.4,319,56.0,68,53.6,257,15.3,9,8.1,95
Southern Miss,48.1,268,51.6,232,36.9,81,32.1,170,29.4,167,31.2,262,17.299999999999997,170,18.4,112,35.1,110,36.9,331,45.7,325,49.2,127,70.7,210,65.9,9,34.1,266,38.6,232,51.1,153,52.4,222,13.8,20,8.1,96
Syracuse,48.8,244,49.5,135,33.300000000000004,169,26.3,36,26.6,264,31.5,274,17.2,161,20.1,48,31.5,266,30.8,40,49.6,205,51.5,228,73.2,115,68.6,56,34.1,268,37.4,189,49.8,187,49.7,158,12.3,45,8.1,97
UMKC,48.0,271,53.1,302,27.800000000000004,300,43.4,342,34.300000000000004,44,25.0,31,19.0,271,15.5,298,32.5,234,35.6,286,47.4,285,53.0,278,69.8,249,71.1,173,42.0,67,34.9,96,52.6,122,49.1,143,10.4,120,8.1,98
Austin Peay,47.199999999999996,290,50.4,177,27.400000000000002,308,38.9,304,28.599999999999998,202,31.0,252,14.099999999999998,17,18.3,118,32.8,210,30.5,34,46.1,312,53.3,291,67.8,296,69.4,82,33.8,275,37.3,182,41.4,338,52.5,225,9.9,147,8.1,99
Mercer,49.4,223,51.300000000000004,216,26.8,324,42.4,331,30.099999999999998,141,30.099999999999998,218,18.4,244,18.4,114,35.0,118,34.9,243,47.8,267,50.7,194,64.2,343,72.1,221,33.1,284,34.8,95,53.2,107,46.0,63,9.0,185,8.1,100
Central Arkansas,47.699999999999996,277,54.7,340,30.0,252,34.9,238,28.1,213,34.2,335,19.1,283,15.9,272,35.0,120,38.2,353,44.7,339,53.0,280,74.5,72,69.6,91,38.4,155,40.8,290,53.2,108,48.9,138,8.9,191,8.1,101
Western Illinois,46.6,301,47.3,58,36.199999999999996,103,27.400000000000002,57,37.5,11,28.1,129,21.6,348,14.000000000000002,334,33.1,202,31.0,51,45.3,331,47.7,81,62.0,358,67.9,38,29.5,331,31.2,28,52.7,120,41.7,14,14.9,13,8.2,102
Utah,54.50000000000001,36,48.199999999999996,81,28.4,291,24.8,18,29.099999999999998,180,26.3,64,16.3,115,15.5,295,37.0,40,35.0,245,54.0,56,45.5,35,66.1,322,64.1,5,38.8,139,38.2,220,59.0,33,53.9,265,11.5,75,8.2,103
Hofstra,54.6,35,50.4,175,22.5,357,29.599999999999998,104,22.8,336,31.0,253,16.1,107,17.5,164,35.4,102,35.1,252,56.0,24,48.7,108,76.1,41,75.0,326,47.9,14,42.5,321,55.0,79,54.1,272,10.7,106,8.2,104
UC Davis,51.0,147,48.199999999999996,84,41.4,19,40.9,324,30.0,147,29.2,181,20.1,322,22.0,17,34.6,134,31.0,50,50.4,170,49.0,116,71.1,201,73.5,281,38.0,164,33.3,57,51.7,139,49.2,148,10.4,121,8.2,105
UC Irvine,51.4,133,45.0,12,33.6,160,35.5,249,29.599999999999998,157,27.6,106,18.099999999999998,219,17.8,150,36.6,54,32.0,87,50.1,183,43.5,14,73.6,96,71.5,188,27.9,343,33.1,52,58.8,34,50.2,170,8.5,204,8.2,106
Colgate,50.3,184,49.1,122,26.3,333,27.3,55,26.5,268,24.5,23,17.299999999999997,163,15.8,279,34.8,127,31.2,55,49.0,225,50.7,191,68.5,284,65.1,6,40.7,93,39.8,260,57.9,43,55.2,292,8.1,225,8.2,107
James Madison,53.0,79,46.5,39,31.2,215,34.2,218,32.5,77,28.299999999999997,142,14.7,35,21.0,34,33.8,169,28.2,9,54.4,45,48.5,102,69.4,260,70.1,111,39.2,131,33.1,51,54.7,81,42.9,21,7.7,244,8.2,108
Lindenwood,44.0,352,52.5,279,40.699999999999996,24,44.2,343,22.900000000000002,335,28.999999999999996,174,19.2,287,17.299999999999997,179,29.1,336,35.7,294,44.1,347,51.8,241,72.4,153,72.8,252,30.7,322,40.4,281,33.7,362,51.8,210,7.7,248,8.2,109
Mississippi Valley St.,40.699999999999996,362,57.99999999999999,361,32.7,186,40.400000000000006,318,28.299999999999997,211,37.2,359,25.1,362,15.9,275,27.3,349,37.0,336,40.7,360,59.6,361,62.1,357,71.5,194,25.7,358,38.4,229,39.8,352,56.0,306,5.4,342,8.2,110
Lehigh,48.3,258,53.1,301,32.1,198,33.2,196,21.7,347,24.7,24,17.5,181,17.9,145,30.1,319,36.9,333,50.2,180,51.7,234,72.6,143,69.9,100,36.7,208,37.4,186,50.2,175,46.8,84,5.1,347,8.2,111
South Florida,49.6,215,48.9,113,39.1,39,35.3,244,28.7,195,30.0,210,15.2,56,20.1,46,33.3,187,31.9,79,49.4,214,49.6,145,74.1,82,66.9,23,40.3,101,38.3,221,56.5,61,51.8,208,9.1,180,8.3,112
Seattle,50.4,172,46.6,44,39.800000000000004,33,41.3,327,29.4,170,26.400000000000002,66,19.6,298,18.9,93,32.7,221,27.6,3,51.3,136,49.6,143,73.2,113,69.5,85,37.7,168,36.5,148,50.9,155,46.9,87,8.7,198,8.3,113
Vermont,54.0,44,48.5,92,26.8,323,25.2,23,22.1,343,25.3,41,13.8,10,13.5,349,35.9,77,34.6,228,54.0,55,46.5,51,69.7,251,71.1,174,43.8,42,36.6,150,48.7,220,43.4,27,8.4,207,8.3,114
Penn St.,49.7,209,51.300000000000004,215,34.0,151,34.5,223,26.900000000000002,255,33.0,314,15.1,52,22.0,15,31.1,279,32.3,113,51.6,127,52.7,269,74.0,86,76.2,352,40.2,106,33.9,68,44.3,304,56.8,319,7.6,259,8.3,115
Fairfield,52.300000000000004,104,50.5,180,28.4,292,26.200000000000003,35,27.6,230,32.6,302,16.900000000000002,147,19.6,62,36.8,45,32.3,109,50.4,171,51.6,231,77.8,17,70.4,127,39.7,116,34.8,94,52.7,121,49.0,140,5.3,345,8.3,116
Connecticut,56.8,10,45.2,14,34.599999999999994,133,35.6,250,37.4,13,27.0,88,15.4,58,17.0,199,35.1,112,33.1,152,59.7,3,43.1,6,72.9,125,72.3,229,42.1,65,32.3,36,62.0,13,47.5,99,14.4,18,8.4,117
Jacksonville St.,48.4,255,48.3,87,31.6,205,35.699999999999996,253,33.900000000000006,50,27.700000000000003,111,20.8,332,19.0,87,30.6,297,32.2,102,49.5,210,48.2,94,69.2,265,70.3,124,29.4,332,35.3,110,41.0,343,43.6,31,11.8,62,8.4,118
Alabama A&M,45.300000000000004,332,53.6,317,45.300000000000004,8,46.6,351,31.7,99,35.6,349,22.8,356,18.8,95,28.8,340,38.4,357,46.1,315,51.0,206,71.4,193,73.5,280,27.1,352,40.1,273,43.2,319,57.5,326,11.2,84,8.4,119
Washington,52.6,91,50.1,164,34.5,136,36.3,266,29.7,153,29.7,196,16.5,131,16.400000000000002,244,33.9,166,33.9,201,53.6,65,49.7,149,72.1,162,68.6,57,35.6,228,34.6,87,50.1,177,50.9,190,10.4,124,8.4,120
Evansville,50.4,174,53.1,300,27.6,303,27.0,51,21.9,346,26.0,61,16.6,133,17.7,154,33.9,162,36.2,311,50.1,188,52.2,255,70.1,232,71.7,203,34.4,259,43.0,330,52.9,118,52.7,229,9.9,148,8.4,121
Miami FL,56.699999999999996,12,48.9,108,27.0,317,19.6,2,28.4,205,28.299999999999997,145,17.8,203,18.0,139,39.1,12,29.3,17,55.4,30,52.8,274,76.7,31,73.8,286,38.8,143,44.9,346,50.9,160,54.5,281,9.6,158,8.4,122
Le Moyne,49.9,195,53.300000000000004,308,24.099999999999998,351,27.800000000000004,70,24.0,324,32.4,298,17.4,178,18.9,91,35.1,108,33.9,199,47.4,284,55.2,333,77.6,20,70.5,137,47.5,18,44.1,341,60.4,23,56.8,317,9.2,176,8.4,123
Illinois,53.300000000000004,68,44.9,11,34.300000000000004,141,22.5,8,37.0,14,26.6,76,16.1,100,13.4,351,34.3,149,32.2,101,54.5,43,43.5,12,72.3,156,69.3,78,39.3,128,28.7,13,45.2,295,41.5,11,9.0,183,8.4,124
Colorado St.,56.8,9,50.9,197,32.7,184,28.799999999999997,84,24.4,316,28.1,135,14.799999999999999,41,18.099999999999998,130,35.8,82,34.8,239,58.7,8,50.2,168,76.2,37,74.7,321,38.5,152,34.5,83,65.7,4,48.4,128,7.8,240,8.4,125
Belmont,54.7,34,54.300000000000004,332,31.4,213,26.900000000000002,48,21.3,352,27.6,109,18.2,226,16.3,254,37.3,34,34.9,242,53.8,60,55.7,340,73.5,105,72.1,219,39.6,122,40.4,278,54.7,82,57.1,322,7.4,269,8.4,126
Maryland Eastern Shore,41.099999999999994,361,53.2,306,27.1,314,38.0,289,28.7,196,33.6,327,19.400000000000002,295,18.3,122,30.2,313,33.8,197,38.8,362,54.8,329,74.1,83,66.2,11,34.6,254,38.0,211,49.8,188,52.5,224,6.4,309,8.4,127
Wichita St.,49.5,219,48.3,86,27.700000000000003,301,24.6,17,31.8,92,28.299999999999997,143,18.7,257,14.299999999999999,328,30.2,315,32.2,105,51.5,132,48.3,98,66.8,314,73.4,277,32.8,289,41.1,297,40.7,346,52.6,227,12.7,39,8.5,128
Minnesota,54.300000000000004,40,47.099999999999994,49,34.0,149,27.6,61,33.1,63,28.499999999999996,152,18.3,232,16.900000000000002,217,34.2,153,33.1,154,56.3,20,46.1,46,66.4,317,72.8,256,40.0,112,28.0,9,67.6,2,52.9,239,11.3,79,8.5,129
Youngstown St.,51.2,142,49.8,145,26.3,334,30.3,118,32.1,85,27.200000000000003,95,15.5,65,16.2,257,34.4,142,35.5,279,50.9,149,47.9,85,74.8,66,69.5,83,42.8,54,34.8,93,52.9,116,54.0,270,11.1,87,8.5,130
Buffalo,45.800000000000004,324,54.7,341,26.5,328,27.3,53,31.4,108,30.099999999999998,217,21.3,344,15.1,311,25.7,360,34.8,241,51.4,135,56.0,346,70.3,227,71.3,184,43.3,45,34.3,80,49.6,197,56.1,309,10.9,97,8.5,131
Mississippi St.,51.0,148,45.9,24,35.699999999999996,116,33.900000000000006,211,34.699999999999996,35,26.900000000000002,84,18.4,242,18.3,121,31.4,270,27.8,4,53.6,63,48.6,104,69.3,263,71.5,192,40.4,99,39.7,259,55.8,70,46.2,67,10.5,113,8.5,132
Northwestern,53.7,56,51.6,229,28.1,296,37.2,282,26.1,284,30.5,235,13.5,6,20.9,35,37.4,31,36.5,317,52.4,103,49.6,142,72.5,148,74.4,314,36.8,204,37.6,194,59.6,29,54.9,285,10.3,128,8.5,133
Yale,50.6,164,49.2,128,25.7,341,28.7,79,29.299999999999997,172,25.5,45,14.7,34,16.1,260,33.6,181,35.1,255,50.7,158,47.1,64,73.7,92,75.7,341,34.7,252,38.3,225,48.9,213,55.2,293,10.3,130,8.5,134
Lamar,50.8,157,51.300000000000004,214,33.1,174,40.5,319,32.9,69,32.4,296,18.3,238,20.1,49,36.7,47,35.3,268,48.5,242,50.1,165,72.6,141,71.0,166,35.2,238,43.7,338,57.0,54,60.7,347,10.1,139,8.5,135
Stephen F. Austin,50.4,180,47.699999999999996,67,41.699999999999996,17,52.7,360,36.3,22,29.9,205,23.200000000000003,358,23.3,6,33.1,195,35.2,262,50.7,159,45.3,29,71.6,180,71.3,183,33.5,281,32.8,43,47.4,247,52.1,218,8.3,212,8.5,136
Chicago St.,45.5,329,52.900000000000006,294,38.7,46,36.0,259,32.0,87,35.099999999999994,346,20.200000000000003,326,21.8,21,29.6,330,32.3,115,46.2,310,55.3,335,70.1,234,69.3,80,34.7,251,35.6,119,43.9,310,50.6,182,7.8,241,8.5,137
Toledo,52.1,109,55.00000000000001,347,36.199999999999996,106,24.9,20,29.599999999999998,155,29.7,197,15.299999999999999,57,19.0,82,36.7,48,34.2,208,50.9,147,57.2,354,76.2,38,74.0,295,27.8,344,37.3,183,43.7,313,45.9,61,6.2,318,8.5,138
Indiana,52.6,89,49.0,118,40.9,23,31.0,135,27.0,254,30.5,234,17.299999999999997,169,16.3,252,34.1,155,33.7,186,53.2,75,47.9,84,66.4,318,73.8,289,27.5,347,41.7,309,56.1,66,53.5,254,11.0,93,8.6,139
UTEP,48.4,253,52.400000000000006,272,50.6,2,47.0,354,28.4,209,31.7,281,22.1,353,26.3,2,29.8,325,31.4,66,50.1,182,54.9,330,69.0,272,73.1,265,30.5,323,32.7,41,49.0,211,45.7,56,7.9,234,8.6,140
Ball St.,52.400000000000006,99,51.9,248,37.5,71,29.299999999999997,95,27.900000000000002,221,26.0,60,19.2,285,15.4,301,37.2,36,35.4,275,50.3,176,51.2,215,77.4,24,72.8,251,39.5,123,35.4,112,50.6,165,49.1,144,7.7,246,8.6,141
St. Thomas,52.5,95,49.7,141,29.599999999999998,261,31.4,156,26.5,270,28.999999999999996,173,15.5,69,19.1,80,34.7,129,32.8,137,53.0,84,49.9,157,73.5,101,72.5,245,48.7,7,37.2,177,53.9,97,48.3,127,6.6,300,8.6,142
American,54.1,41,54.7,339,27.1,316,31.3,151,29.5,162,25.3,39,17.4,173,16.900000000000002,216,35.8,84,36.8,328,54.3,49,54.4,320,71.0,205,69.3,79,44.8,29,42.2,314,55.8,71,50.6,179,5.9,331,8.6,143
Sacred Heart,49.9,200,52.1,258,30.8,229,32.7,183,24.5,315,33.4,322,17.299999999999997,171,21.6,24,33.2,192,34.6,230,49.9,196,52.3,258,71.5,188,67.4,29,33.3,282,42.6,323,46.7,266,58.7,333,13.9,19,8.7,144
Central Connecticut,49.5,218,51.5,228,30.3,241,28.199999999999996,75,28.000000000000004,215,28.1,131,16.400000000000002,123,18.5,106,31.6,262,34.6,231,50.6,164,51.2,213,71.4,194,66.5,17,32.6,291,34.5,85,52.9,115,56.6,314,12.1,52,8.7,145
Tulane,56.2,18,51.0,203,48.3,3,30.8,129,18.4,361,33.5,325,14.399999999999999,25,19.1,78,36.3,59,34.4,222,57.2,14,50.5,186,73.7,94,69.5,84,36.8,201,43.9,339,49.1,210,53.6,260,10.6,109,8.7,146
Coppin St.,41.6,360,50.0,160,30.099999999999998,246,34.699999999999996,230,26.5,273,38.2,362,24.0,361,22.0,18,25.7,359,32.7,133,42.9,356,50.6,189,70.0,241,75.7,343,31.3,314,39.1,248,39.1,354,60.0,342,8.8,197,8.7,147
Oklahoma St.,52.900000000000006,83,49.3,130,30.7,230,28.599999999999998,77,28.599999999999998,200,25.2,35,19.5,296,17.0,209,35.7,87,32.0,88,52.3,104,49.9,158,66.6,316,73.4,278,44.7,31,30.2,18,57.0,51,43.7,32,7.1,279,8.7,148
Cal Baptist,46.9,295,47.5,64,39.0,40,31.4,154,34.1,45,25.6,47,17.0,148,17.1,193,31.1,282,31.3,61,47.1,294,47.7,80,68.0,291,72.3,234,36.0,220,26.0,2,43.2,318,43.5,30,6.9,289,8.7,149
Oregon,54.0,43,51.5,226,34.4,139,35.3,245,28.1,214,27.0,91,15.0,45,18.9,90,37.5,29,34.7,235,52.7,92,51.1,207,68.2,288,70.2,117,37.4,173,36.0,127,50.3,171,47.2,95,9.6,156,8.8,150
Southern Indiana,43.8,356,48.8,106,34.1,146,48.0,356,27.6,231,27.6,108,20.9,336,16.2,259,29.4,332,33.5,175,43.6,351,47.8,82,72.5,145,72.6,248,35.3,234,37.8,200,50.9,158,52.8,236,8.3,213,8.8,151
VMI,47.599999999999994,281,52.800000000000004,290,27.0,319,31.0,138,26.3,279,30.8,243,22.6,355,14.799999999999999,319,33.1,201,33.8,194,46.5,305,54.2,316,67.0,311,63.2,2,33.8,273,39.2,249,38.9,356,50.5,177,6.1,323,8.8,152
Bryant,50.4,179,44.6,9,29.599999999999998,260,36.0,261,18.9,358,32.800000000000004,310,15.8,86,17.4,171,33.8,171,30.4,32,50.2,178,44.1,17,65.4,330,68.9,67,40.2,103,34.2,78,51.1,149,47.5,100,15.1,10,8.9,153
Northern Kentucky,50.8,156,51.0,204,37.8,61,28.4,76,29.5,161,32.7,304,17.1,155,20.599999999999998,36,30.4,303,32.2,104,53.1,79,52.9,276,69.0,271,75.0,327,31.1,317,41.2,299,50.2,176,56.1,308,8.0,231,8.9,154
Fort Wayne,53.5,61,52.0,253,34.9,130,32.300000000000004,176,22.0,345,32.800000000000004,309,14.099999999999998,18,23.3,5,36.9,41,32.4,116,52.1,109,53.9,305,70.3,226,69.8,98,41.9,71,35.6,117,45.3,293,53.2,250,7.6,258,8.9,155
Montana,53.900000000000006,48,51.1,209,26.400000000000002,331,33.4,201,26.1,283,24.8,26,14.799999999999999,40,14.099999999999998,332,35.1,115,33.8,191,54.6,42,51.3,218,79.1,5,69.6,89,35.6,229,31.0,25,49.3,203,43.1,23,7.2,274,8.9,156
Abilene Christian,46.6,299,51.300000000000004,218,40.6,25,43.3,340,24.4,317,32.800000000000004,308,17.7,198,21.2,29,34.8,125,32.8,136,44.5,344,52.4,261,73.6,99,70.8,157,26.7,353,32.6,39,48.4,224,46.5,74,4.6,353,8.9,157
East Tennessee St.,46.1,317,50.7,191,32.5,190,36.6,274,32.800000000000004,72,30.4,229,17.5,183,17.599999999999998,160,29.3,334,35.3,271,47.6,274,49.4,135,69.9,245,70.8,160,42.1,64,36.9,164,45.0,299,46.2,69,12.2,47,9.0,158
Dayton,56.99999999999999,6,46.6,41,37.1,78,19.8,3,28.4,206,31.8,283,15.8,85,16.400000000000002,242,40.1,7,32.2,98,54.3,46,45.5,33,73.7,91,70.0,105,45.7,25,37.0,167,61.2,19,50.5,174,11.5,74,9.0,159
Cincinnati,50.8,159,47.099999999999994,51,30.099999999999998,245,27.500000000000004,59,37.0,16,22.2,5,16.3,113,17.2,182,33.6,180,31.9,78,51.0,144,46.6,52,67.6,300,74.1,299,34.5,258,36.6,155,54.9,80,52.8,234,11.4,77,9.0,160
Oregon St.,48.5,251,50.3,173,36.4,95,36.8,278,26.700000000000003,261,30.9,250,19.0,277,17.5,166,32.5,231,33.4,171,48.3,248,50.3,175,74.9,65,71.1,171,33.9,272,37.9,205,46.9,259,55.0,289,11.3,80,9.0,161
UNLV,51.6,130,52.2,263,28.299999999999997,294,29.5,101,28.000000000000004,217,33.6,328,14.7,39,18.4,110,32.7,222,35.8,299,53.1,80,51.3,220,73.2,114,76.2,353,37.2,188,35.6,118,51.1,150,58.3,329,10.6,110,9.0,162
Boston College,52.300000000000004,100,50.8,195,27.800000000000004,299,28.9,88,26.8,256,27.0,92,14.000000000000002,13,17.4,167,35.5,94,35.7,291,51.7,124,49.2,122,75.6,51,78.0,362,35.3,235,37.0,170,49.1,208,49.9,164,10.2,133,9.0,163
Detroit,44.3,348,55.60000000000001,353,28.799999999999997,281,32.9,188,27.200000000000003,242,35.699999999999996,351,20.1,324,17.299999999999997,180,26.0,358,38.7,360,47.3,290,54.3,319,72.6,144,77.3,358,36.5,211,37.1,174,42.9,324,54.1,274,5.9,332,9.0,164
Rutgers,43.9,354,46.1,30,35.199999999999996,127,30.0,112,31.6,101,31.5,273,16.5,132,21.4,26,29.6,331,32.2,107,43.7,350,44.7,23,65.6,327,68.9,66,33.5,280,39.2,250,49.8,191,53.1,248,15.5,8,9.1,165
San Jose St.,53.7,58,51.800000000000004,237,25.1,345,34.1,216,25.0,310,30.099999999999998,220,15.4,61,15.7,283,36.4,58,36.7,323,53.0,85,50.2,171,69.7,252,70.5,143,43.8,41,32.9,46,50.5,166,48.1,121,10.3,125,9.1,166
DePaul,49.6,214,54.50000000000001,337,32.5,192,31.5,157,22.1,344,31.8,284,19.8,307,15.0,317,34.9,124,37.1,337,48.0,264,53.8,304,71.6,183,73.9,291,35.2,239,37.9,204,57.0,52,55.5,301,10.0,145,9.1,167
USC Upstate,48.1,270,54.1,329,28.799999999999997,280,46.6,352,26.1,285,34.1,333,16.2,112,18.5,105,32.8,209,35.8,298,47.5,281,54.4,321,65.4,332,74.1,301,39.1,136,36.7,156,48.7,221,47.4,97,9.6,157,9.1,168
Jacksonville,49.3,228,52.800000000000004,289,40.2,30,43.4,341,31.6,106,33.7,329,20.9,337,17.0,212,33.1,198,36.1,309,49.2,223,51.8,238,71.1,202,68.9,64,33.0,285,40.9,294,40.9,345,54.6,283,8.8,196,9.1,169
Kent St.,51.7,126,53.400000000000006,310,36.5,94,34.8,232,30.099999999999998,140,30.5,232,17.8,206,19.2,76,37.6,27,35.7,288,49.0,229,53.3,289,74.8,68,70.6,145,37.8,165,40.8,291,49.4,202,52.6,226,7.7,249,9.1,170
California,50.3,182,51.800000000000004,240,30.9,226,32.9,187,30.8,120,25.5,44,16.5,128,15.0,312,34.4,144,36.2,310,49.3,220,50.3,174,72.1,163,74.1,297,41.8,76,37.4,185,46.2,278,45.5,54,7.6,254,9.1,171
Western Kentucky,50.2,189,47.9,73,30.9,223,33.6,204,29.299999999999997,174,27.400000000000002,100,19.0,274,19.0,86,32.9,205,30.2,30,50.6,161,49.4,133,66.9,312,69.7,95,30.2,327,37.0,171,44.7,301,48.1,123,7.6,256,9.1,172
Virginia Tech,53.800000000000004,54,49.3,129,35.699999999999996,117,28.999999999999996,89,26.5,269,25.900000000000002,57,18.4,241,18.2,127,36.1,67,31.9,77,53.5,66,50.0,161,79.9,2,71.2,176,42.2,61,35.1,102,59.9,26,48.8,134,7.4,265,9.1,173
Hawaii,51.1,143,48.4,90,36.1,108,32.1,171,26.6,267,25.1,34,19.2,284,16.6,236,32.4,236,34.0,204,53.2,76,47.6,75,71.2,198,72.0,216,45.2,26,24.9,1,51.7,138,37.4,3,7.0,284,9.1,174
Canisius,49.5,216,50.5,181,30.9,225,31.5,158,31.900000000000002,90,30.8,242,19.0,276,16.6,235,34.7,132,31.4,65,48.0,262,52.3,259,63.5,350,67.9,37,37.1,189,33.8,67,49.3,204,52.0,216,7.0,286,9.1,175
Texas,55.1,29,47.199999999999996,52,30.3,240,33.2,197,31.3,113,28.9,167,17.9,209,19.0,83,37.6,28,33.8,189,54.3,48,45.5,34,74.0,84,69.2,74,35.1,240,33.3,59,55.5,72,47.0,90,12.9,37,9.2,176
Old Dominion,48.199999999999996,265,52.6,283,25.0,346,38.800000000000004,300,25.4,302,31.6,277,14.499999999999998,28,18.4,109,31.6,263,36.2,312,48.6,238,51.3,223,65.6,328,73.0,262,34.0,271,44.3,344,38.1,359,57.6,327,10.5,114,9.2,177
Siena,45.1,337,53.0,296,32.5,191,28.000000000000004,71,34.8,32,31.4,267,23.9,360,15.7,289,27.0,354,35.8,303,47.4,286,52.6,266,62.5,354,72.0,217,32.3,295,33.4,62,47.1,255,47.4,98,10.4,117,9.2,178
Iowa,53.0,78,50.6,182,31.4,211,29.599999999999998,103,28.799999999999997,189,29.7,199,13.600000000000001,7,18.0,135,34.2,152,33.0,148,53.8,59,51.2,211,75.7,48,70.5,138,30.7,321,36.0,130,61.3,17,49.8,160,8.9,192,9.2,179
UNC Wilmington,49.3,226,51.800000000000004,242,38.1,56,37.1,280,26.700000000000003,262,30.099999999999998,219,12.4,1,16.5,238,32.1,245,35.5,281,50.1,187,50.9,200,76.4,34,69.6,90,39.7,114,38.1,215,38.9,355,46.2,70,6.1,321,9.2,180
Gardner Webb,47.8,275,50.7,189,34.699999999999996,132,44.9,349,25.5,298,26.5,73,15.0,43,16.900000000000002,214,33.5,185,34.2,210,46.5,306,50.4,184,65.3,334,72.8,257,34.9,248,34.0,72,47.4,249,48.7,133,6.0,326,9.2,181
New Mexico,52.6,92,48.0,74,35.6,119,35.5,248,32.7,73,26.8,81,14.399999999999999,23,21.9,19,33.7,174,31.7,75,53.4,68,48.3,97,69.6,256,72.2,224,27.7,345,36.2,135,50.3,172,55.8,303,13.1,34,9.3,182
Providence,52.800000000000004,84,44.6,8,32.800000000000004,178,26.400000000000002,38,26.6,265,26.5,71,18.2,224,18.2,126,32.8,211,31.9,80,55.5,29,43.1,7,69.0,270,73.9,292,42.8,56,31.2,27,53.0,110,36.6,2,12.2,46,9.3,183
Ohio,51.5,131,50.2,166,33.300000000000004,170,38.4,296,29.099999999999998,182,31.1,255,14.399999999999999,24,18.6,98,33.7,175,34.3,218,52.1,112,49.5,140,70.2,229,70.7,152,38.3,157,37.9,202,46.8,264,43.7,35,10.1,138,9.3,184
San Diego,49.8,202,51.800000000000004,241,29.599999999999998,262,36.3,267,27.800000000000004,225,30.2,223,20.0,318,16.8,225,36.0,71,33.0,145,47.7,269,53.2,286,73.5,103,68.5,54,33.7,277,38.6,233,50.7,162,59.0,336,9.6,159,9.3,185
Baylor,56.8,7,49.2,125,36.8,85,31.3,148,36.1,23,28.199999999999996,137,16.400000000000002,124,18.2,124,42.1,1,30.7,37,53.1,78,50.8,197,73.0,122,73.3,272,37.0,193,34.0,71,52.3,128,50.2,171,9.5,160,9.3,186
Creighton,56.599999999999994,13,44.6,7,25.900000000000002,337,15.1,1,27.0,252,25.5,46,15.6,74,11.1,362,35.6,93,30.4,31,59.6,4,44.2,19,75.5,52,75.7,340,48.5,8,26.5,3,57.3,47,37.5,4,8.3,210,9.3,187
Sacramento St.,49.0,237,53.300000000000004,309,32.300000000000004,196,33.6,203,33.2,62,26.0,58,23.400000000000002,359,14.2,331,31.2,278,34.9,244,50.6,165,53.9,306,70.7,211,72.4,239,43.0,51,37.7,196,52.3,130,51.1,196,8.0,228,9.3,188
Cal St. Fullerton,46.2,314,50.9,202,38.2,53,36.8,277,25.6,296,30.8,244,19.2,289,18.4,115,31.2,274,33.0,149,45.9,318,51.8,240,73.1,119,70.3,119,34.6,255,39.9,268,38.0,360,53.0,246,7.9,236,9.3,189
Louisville,48.8,241,53.0,295,38.800000000000004,44,31.1,139,28.499999999999996,203,29.099999999999998,179,17.2,160,16.3,251,32.2,242,35.0,249,49.0,228,53.4,294,73.5,104,74.5,316,31.7,305,39.3,251,45.0,300,55.1,291,7.5,261,9.3,190
Maryland,47.4,283,45.2,15,43.2,15,32.2,174,33.4,61,30.7,237,18.099999999999998,220,19.400000000000002,72,29.0,337,33.2,159,49.9,193,43.3,11,70.5,214,74.2,305,38.2,159,28.5,12,46.1,279,47.5,102,13.5,25,9.4,191
McNeese St.,52.7,87,48.1,79,39.800000000000004,34,30.4,120,29.7,150,29.099999999999998,178,14.6,30,20.3,41,40.5,5,33.5,173,49.0,227,46.0,45,69.2,264,72.3,233,31.5,309,49.5,361,46.5,271,58.6,331,12.4,44,9.4,192
North Carolina,51.9,119,44.800000000000004,10,39.900000000000006,32,28.799999999999997,81,32.4,78,24.099999999999998,16,14.2,19,15.7,281,35.6,90,28.4,12,51.2,139,46.1,47,76.1,39,74.4,312,34.3,262,37.2,179,49.3,206,41.1,9,12.0,53,9.4,193
Tarleton St.,47.3,288,50.9,199,26.6,325,35.0,239,32.300000000000004,82,34.4,337,17.9,213,19.7,59,30.4,304,35.8,302,47.9,266,49.1,118,72.5,147,70.1,109,28.5,338,38.1,216,48.7,222,52.8,238,10.6,108,9.4,194
Vanderbilt,45.800000000000004,323,50.7,192,35.5,121,31.1,143,27.3,240,26.5,70,16.3,116,16.3,250,28.3,344,37.0,335,48.2,255,47.9,86,70.7,209,76.1,351,41.6,82,37.1,172,42.5,327,50.7,184,8.0,227,9.4,195
Southeast Missouri St.,45.0,339,53.0,297,29.599999999999998,264,47.4,355,25.1,308,28.799999999999997,165,18.9,268,17.2,186,29.7,327,35.3,270,45.2,334,53.1,281,64.5,342,69.2,75,35.0,243,29.9,16,48.0,233,47.5,101,7.8,239,9.4,196
Wofford,53.0,77,53.1,298,28.799999999999997,279,34.699999999999996,231,27.1,249,24.9,29,16.1,99,13.200000000000001,356,35.0,121,36.6,322,53.4,71,52.0,249,62.5,353,74.2,307,44.2,37,38.9,240,52.9,117,47.9,113,7.7,245,9.4,197
Howard,52.0,113,51.7,235,39.5,35,35.8,255,30.4,132,32.4,297,21.2,342,15.9,274,36.3,62,35.7,289,50.5,168,50.6,188,73.8,90,68.4,50,38.6,147,36.6,153,52.0,134,50.8,186,7.2,277,9.4,198
Bellarmine,47.3,286,53.900000000000006,325,19.900000000000002,362,29.799999999999997,108,22.3,342,32.300000000000004,295,16.2,111,15.299999999999999,304,33.2,194,34.4,224,45.9,319,55.7,342,78.5,11,74.2,302,38.4,156,42.7,324,51.5,142,51.9,212,4.2,359,9.4,199
SIU Edwardsville,47.4,284,48.8,105,35.5,120,33.900000000000006,212,29.2,178,31.3,264,15.6,77,15.8,277,34.8,126,33.1,153,44.6,341,48.2,96,71.0,204,73.1,264,36.5,210,37.4,187,41.9,332,53.7,262,11.7,65,9.5,200
Quinnipiac,48.9,240,49.7,143,33.7,157,25.900000000000002,31,32.2,83,26.8,82,17.299999999999997,165,17.0,205,32.8,215,34.0,203,48.9,230,48.9,114,78.5,9,68.2,42,33.5,279,36.0,129,53.0,111,53.9,266,9.2,175,9.5,201
Maine,48.9,238,50.3,172,27.500000000000004,305,34.0,213,22.7,338,29.4,189,16.7,138,19.6,61,30.3,306,32.5,123,50.7,156,51.0,204,74.3,76,66.3,12,33.8,274,34.0,73,51.4,143,51.7,207,7.4,267,9.5,202
Pacific,48.3,257,55.50000000000001,352,36.4,99,36.0,260,18.7,359,30.7,240,17.9,210,17.2,184,31.3,272,35.0,250,49.2,222,57.5,355,63.0,352,71.8,207,39.8,113,40.3,276,61.8,14,49.9,163,4.7,351,9.5,203
Florida,51.1,144,47.699999999999996,66,38.7,45,31.900000000000002,166,40.5,3,28.299999999999997,141,16.900000000000002,144,15.0,313,33.0,204,32.4,117,52.0,115,47.3,65,67.8,293,70.2,118,34.9,247,32.1,33,50.3,170,41.6,13,11.5,70,9.6,204
Georgia Tech,49.6,213,48.8,103,30.9,224,33.800000000000004,209,33.7,55,30.099999999999998,214,17.8,205,13.8,339,32.0,250,32.1,96,50.7,155,49.2,123,67.3,306,71.0,168,40.8,92,38.5,230,51.2,148,46.4,71,11.5,71,9.6,205
Cal Poly,44.800000000000004,340,51.2,213,30.8,228,42.8,336,25.2,307,34.9,345,18.7,260,18.0,142,31.1,281,35.5,282,44.0,349,50.3,178,71.3,197,72.8,253,31.6,308,30.1,17,41.5,337,45.0,51,10.2,132,9.6,206
La Salle,48.699999999999996,246,51.300000000000004,217,26.3,335,30.599999999999998,126,26.700000000000003,260,32.800000000000004,307,14.2,21,16.7,227,33.1,199,35.8,297,48.1,258,50.1,166,72.9,128,69.9,99,41.7,77,32.7,40,53.9,94,54.4,277,7.4,268,9.6,207
Stetson,52.0,116,52.7,287,27.3,311,29.099999999999998,93,27.3,238,33.300000000000004,319,17.599999999999998,192,14.2,330,36.2,65,33.9,198,50.3,175,53.9,307,79.6,4,72.4,236,44.3,35,38.4,227,53.6,100,53.2,249,7.1,283,9.6,208
Georgia St.,48.9,239,50.7,187,28.499999999999996,290,38.7,299,28.7,198,28.499999999999996,155,14.6,29,14.399999999999999,326,31.2,277,31.0,52,50.1,181,53.3,288,75.8,44,69.3,76,35.2,236,38.3,224,40.5,347,51.9,214,6.0,327,9.6,209
Texas A&M Commerce,46.2,312,52.400000000000006,273,24.7,349,42.0,330,23.5,331,34.4,339,18.099999999999998,222,18.9,92,28.2,345,33.3,166,49.9,194,53.6,297,66.1,323,73.7,284,49.1,5,33.2,53,55.8,69,51.8,209,12.5,42,9.7,210
USC,51.800000000000004,123,50.3,171,34.2,144,30.9,130,31.3,112,30.7,238,19.400000000000002,293,18.4,116,35.6,89,35.7,290,50.8,153,48.3,99,70.6,213,71.7,201,38.6,148,38.3,222,57.9,42,58.7,332,12.0,55,9.7,211
Monmouth,49.9,198,50.0,156,30.2,243,32.4,178,29.4,168,32.9,311,17.0,151,18.099999999999998,131,37.5,30,32.5,122,46.3,308,51.0,205,71.9,172,72.7,250,36.0,221,44.9,347,48.8,218,57.2,323,11.0,94,9.7,212
Florida A&M,47.0,293,56.99999999999999,358,24.099999999999998,353,44.3,346,26.200000000000003,281,30.4,231,20.0,319,15.5,299,35.5,97,38.7,358,44.3,345,56.3,348,67.7,298,66.4,15,29.5,330,42.4,320,54.4,86,55.0,287,8.2,217,9.7,213
Campbell,48.8,243,49.9,153,37.1,79,25.6,25,23.599999999999998,328,31.4,271,19.0,278,17.9,147,30.8,291,32.0,92,50.3,174,51.2,214,71.5,186,68.9,63,37.1,190,41.7,308,50.7,163,50.6,180,6.8,295,9.7,214
Davidson,50.5,168,49.6,137,35.3,125,28.9,85,26.1,282,26.900000000000002,87,16.1,101,17.0,201,32.8,214,32.0,91,51.5,131,50.8,198,70.3,223,66.4,14,41.9,70,42.5,322,49.9,184,53.5,255,6.7,298,9.7,215
Northern Iowa,53.1,74,52.2,261,35.5,122,31.2,145,22.6,339,21.6,4,15.7,78,17.1,191,35.7,86,35.3,269,52.8,90,51.6,230,72.9,129,76.1,350,37.2,187,40.8,292,47.9,238,43.4,28,5.9,330,9.7,216
Southern Utah,47.3,289,54.400000000000006,335,37.3,77,33.0,189,28.799999999999997,190,31.900000000000002,286,16.2,110,16.6,234,28.7,341,32.6,129,49.8,201,56.4,349,75.5,54,72.3,227,36.9,197,27.4,4,44.1,307,46.5,76,5.4,340,9.7,217
Loyola Chicago,52.0,115,46.6,43,32.7,183,33.800000000000004,208,25.2,306,25.7,49,19.0,272,17.1,195,33.9,163,36.4,315,52.7,93,42.0,2,68.2,286,70.4,136,39.6,121,36.1,131,61.5,16,50.6,178,13.1,32,9.8,218
Kansas St.,50.5,169,45.9,26,36.8,82,27.800000000000004,66,35.699999999999996,25,31.6,275,21.2,341,18.6,100,31.7,259,31.6,74,52.6,97,45.0,26,73.3,108,71.3,181,41.6,81,39.0,244,59.2,32,49.2,146,12.2,50,9.8,219
Georgetown,49.1,233,52.400000000000006,271,36.5,93,30.4,121,34.4,39,32.5,299,18.5,251,17.0,207,34.6,137,32.3,112,47.1,295,54.5,323,73.0,124,70.2,115,41.8,73,35.2,105,52.3,129,52.4,221,10.2,134,9.8,220
North Texas,49.8,203,44.2,5,27.900000000000002,298,36.4,270,36.9,18,31.5,272,19.400000000000002,294,19.900000000000002,57,35.0,117,30.1,28,48.0,260,43.7,15,76.3,36,68.3,45,39.1,134,35.8,124,41.3,340,47.9,117,8.8,195,9.8,221
Notre Dame,46.6,300,46.400000000000006,38,26.900000000000002,321,26.8,46,28.999999999999996,185,25.3,40,20.599999999999998,330,15.7,288,29.7,329,32.3,114,48.2,251,45.3,31,70.9,206,74.0,296,44.1,38,35.3,106,43.5,315,48.4,129,7.1,282,9.8,222
Weber St.,52.400000000000006,96,54.1,328,35.0,129,26.0,33,24.7,313,21.6,3,14.7,32,17.4,168,35.1,111,33.9,200,52.1,111,55.9,343,75.8,45,70.2,113,39.7,115,36.8,159,47.8,240,51.0,194,3.7,360,9.8,223
UCF,47.0,292,46.2,32,38.5,47,34.9,235,34.300000000000004,43,24.3,18,18.4,239,21.8,20,30.9,289,33.0,150,47.4,282,44.1,18,70.4,219,71.8,205,37.1,191,38.8,238,48.9,214,57.4,325,16.6,3,9.9,224
Fordham,48.199999999999996,266,48.5,93,38.9,42,45.1,350,32.7,74,29.099999999999998,176,18.4,243,20.4,39,32.7,219,35.5,280,47.6,275,46.6,53,65.3,333,72.9,260,40.5,97,27.9,7,52.7,119,47.0,91,11.9,58,9.9,225
Murray St.,49.9,193,53.400000000000006,311,31.2,218,27.0,50,26.6,266,25.7,48,14.299999999999999,22,18.0,136,31.7,260,35.9,305,51.2,142,53.2,284,70.3,225,70.0,106,36.9,196,40.9,293,48.0,235,51.6,204,9.7,152,9.9,226
George Washington,53.0,80,46.300000000000004,34,36.6,90,21.2,5,26.700000000000003,257,30.3,228,18.6,255,15.1,310,37.9,22,32.0,85,50.5,167,45.3,30,74.3,74,73.1,263,39.7,119,40.1,271,46.4,272,47.3,96,13.5,24,10.0,227
North Alabama,48.6,249,51.800000000000004,243,33.7,158,42.6,335,28.4,208,27.0,90,16.3,118,15.299999999999999,305,33.7,178,35.6,285,47.6,276,50.9,201,75.3,56,70.4,129,35.7,225,35.9,126,41.9,331,52.7,232,8.2,216,10.0,228
Northeastern,52.1,108,54.800000000000004,342,34.4,140,27.800000000000004,68,34.0,47,28.000000000000004,125,20.0,317,17.0,210,30.8,292,37.4,344,55.1,35,54.0,310,75.1,60,74.6,318,34.4,260,38.0,212,52.4,126,48.2,124,8.1,221,10.0,229
Elon,51.300000000000004,138,53.800000000000004,320,32.7,185,34.699999999999996,229,29.599999999999998,156,32.300000000000004,294,17.599999999999998,191,14.499999999999998,325,36.7,52,34.7,236,48.7,235,54.8,328,70.7,212,71.9,211,41.9,72,36.4,140,51.3,145,48.9,139,8.1,222,10.0,230
Morgan St.,45.9,322,54.2,331,27.1,315,41.199999999999996,326,28.799999999999997,191,37.8,361,20.7,331,17.4,174,30.3,309,34.7,238,46.2,311,55.3,336,72.0,169,70.8,158,28.2,340,34.0,74,42.6,326,47.9,116,6.5,302,10.0,231
Cornell,57.49999999999999,3,52.6,280,31.6,206,31.2,147,28.299999999999997,210,31.7,282,18.7,258,19.5,67,34.0,157,33.8,192,63.3,1,54.1,312,72.9,131,62.3,1,47.5,17,42.8,325,58.3,40,50.5,175,5.1,350,10.0,232
Wake Forest,54.400000000000006,37,48.1,78,32.9,175,29.9,110,26.400000000000002,276,26.400000000000002,67,15.7,79,16.8,221,38.2,19,32.9,140,52.7,91,47.5,71,79.8,3,74.0,293,38.6,149,30.2,19,43.9,309,39.1,5,10.9,95,10.1,233
Rice,49.1,232,52.1,259,29.599999999999998,263,27.500000000000004,60,29.4,165,28.9,168,18.3,234,15.7,285,30.9,290,36.5,320,50.9,150,50.4,181,70.4,220,72.4,240,40.2,105,37.6,193,55.2,75,53.6,258,9.3,170,10.1,234
Texas St.,46.1,316,50.7,190,35.3,126,39.800000000000004,313,32.0,89,29.7,194,20.5,328,17.0,211,29.7,328,31.4,67,46.7,303,52.7,272,68.7,280,71.0,167,26.0,356,34.9,99,46.3,275,51.1,197,9.1,179,10.1,235
Norfolk St.,47.099999999999994,291,50.4,178,43.8,12,44.800000000000004,348,31.2,116,33.5,323,18.7,259,21.6,25,32.7,217,33.3,162,46.1,314,50.9,202,75.9,42,72.1,218,32.9,287,49.0,360,43.5,317,63.1,359,8.9,193,10.1,236
Fresno St.,53.2,69,52.2,260,28.999999999999996,274,26.5,42,26.0,286,30.2,224,20.1,323,15.6,294,33.7,177,37.4,342,54.7,41,50.0,160,64.1,344,66.6,20,35.7,224,35.5,113,48.0,234,46.0,64,7.1,280,10.1,237
Temple,44.2,350,51.300000000000004,219,31.4,212,31.1,144,29.7,151,30.0,209,14.7,38,18.9,89,30.1,316,35.0,251,43.4,352,50.5,187,72.5,149,75.1,328,44.9,28,38.6,231,46.9,260,56.7,316,6.5,305,10.1,238
South Dakota,49.8,204,51.4,221,30.7,232,25.7,29,30.7,121,29.5,191,19.8,305,12.8,360,35.2,107,35.1,253,48.2,254,50.7,193,71.9,171,70.6,147,34.8,250,36.3,137,47.7,242,50.0,167,5.1,349,10.1,239
Eastern Washington,56.8,8,52.300000000000004,265,34.300000000000004,143,36.6,273,24.7,314,27.800000000000004,121,19.6,299,16.900000000000002,220,39.9,10,35.8,295,54.5,44,51.3,219,74.2,78,73.2,266,43.3,46,40.2,274,63.4,8,49.6,156,9.4,166,10.2,240
Dartmouth,44.6,344,52.400000000000006,275,26.900000000000002,322,25.1,21,19.1,356,24.3,21,19.1,281,13.900000000000002,336,27.2,351,35.1,258,47.6,273,52.3,260,69.2,266,70.4,135,44.8,30,38.1,214,50.5,167,45.2,52,9.0,184,10.2,241
Lipscomb,55.00000000000001,31,52.300000000000004,266,28.299999999999997,295,22.6,9,24.099999999999998,321,29.2,183,15.5,70,16.400000000000002,241,36.7,51,35.5,277,54.9,39,51.7,233,75.1,59,71.9,209,42.0,68,37.0,168,51.1,151,43.7,33,8.5,202,10.2,242
Illinois St.,46.2,315,51.1,212,38.1,55,30.0,111,29.099999999999998,181,24.9,27,17.2,156,17.299999999999997,177,27.1,352,34.3,221,49.7,204,50.8,199,69.4,261,73.8,288,38.5,150,38.0,209,50.9,159,52.7,230,6.1,324,10.2,243
Princeton,56.599999999999994,15,49.7,140,25.7,342,23.1,13,26.3,278,26.5,72,13.8,11,17.7,151,36.1,68,33.1,151,59.0,6,49.7,147,78.7,6,76.8,355,48.8,6,35.8,121,51.4,144,49.0,142,5.8,334,10.2,244
Jackson St.,46.5,306,51.800000000000004,245,36.1,109,38.9,302,33.0,67,33.300000000000004,317,20.5,329,18.7,97,31.9,251,34.5,226,45.9,320,51.9,248,69.9,247,70.9,164,34.3,261,41.8,310,52.4,127,55.3,296,11.1,89,10.3,245
Coastal Carolina,49.0,236,49.9,152,30.599999999999998,235,29.799999999999997,107,32.1,84,33.4,321,18.8,265,13.8,340,31.1,284,33.6,180,50.1,184,49.4,134,63.4,351,71.1,175,31.3,312,47.8,359,43.7,314,57.3,324,10.8,102,10.3,246
Chattanooga,53.7,55,49.5,134,28.7,282,29.7,105,26.700000000000003,258,28.299999999999997,147,16.7,137,15.5,296,33.6,182,33.2,156,57.0,15,49.4,131,73.8,89,65.5,7,50.6,3,42.0,312,49.7,195,48.5,130,10.0,141,10.3,247
George Mason,52.1,112,46.2,31,36.1,107,31.0,136,31.6,102,26.6,77,17.599999999999998,188,15.7,284,35.1,114,34.2,209,51.8,120,42.7,5,74.9,62,74.6,319,37.3,184,40.0,269,46.9,261,47.7,107,9.9,146,10.3,248
East Carolina,47.599999999999994,280,49.8,146,34.5,135,32.1,173,34.4,40,32.1,289,16.3,120,19.400000000000002,70,31.1,280,30.8,41,48.0,261,52.5,263,68.0,292,74.3,309,35.7,227,42.8,328,45.5,291,51.1,198,8.6,201,10.3,249
Tennessee Tech,48.199999999999996,264,53.800000000000004,322,33.7,159,25.7,28,17.7,362,28.199999999999996,140,17.299999999999997,167,15.1,309,29.9,324,35.5,283,50.0,190,54.2,315,72.4,155,76.8,356,34.3,263,40.6,285,41.9,333,54.4,280,6.5,304,10.3,250
Wisconsin,53.6,59,51.9,247,37.0,80,30.7,127,31.4,110,22.900000000000002,6,15.2,54,17.599999999999998,157,36.1,69,35.9,304,53.4,70,50.7,190,77.7,18,68.4,49,34.1,267,36.9,166,47.8,241,44.0,40,5.1,346,10.3,251
Texas Southern,42.5,357,48.8,107,26.5,326,40.9,325,29.299999999999997,176,33.6,326,17.5,186,17.2,183,28.4,343,33.6,183,42.5,357,47.8,83,67.2,307,68.9,65,36.8,200,36.6,154,44.3,305,54.7,284,11.1,88,10.4,252
Samford,56.49999999999999,16,50.5,179,32.6,188,37.8,285,32.9,68,31.6,276,19.0,279,22.6,11,40.4,6,35.3,266,53.8,61,48.9,112,72.8,134,71.2,178,39.4,126,38.8,237,58.7,36,54.2,275,10.9,96,10.4,253
South Dakota St.,55.2,27,51.5,225,28.799999999999997,278,31.0,137,25.3,304,28.4,151,17.8,204,17.1,194,35.8,83,36.5,318,56.2,22,48.7,107,68.3,285,74.2,306,40.7,95,46.9,355,49.3,207,50.9,191,10.0,142,10.4,254
New Orleans,45.1,336,55.400000000000006,351,38.0,59,39.4,310,27.500000000000004,234,33.900000000000006,331,17.7,199,18.6,99,31.8,254,33.3,165,44.1,346,58.2,358,70.2,230,68.1,41,27.2,351,34.0,75,38.7,357,55.0,290,9.1,181,10.4,255
Presbyterian,52.2,106,52.1,257,37.4,75,44.5,347,24.3,319,26.400000000000002,68,17.7,195,16.8,223,33.9,165,34.6,229,52.9,87,52.1,253,65.0,338,75.9,347,34.2,265,36.8,161,49.8,186,46.1,66,8.4,209,10.4,256
Holy Cross,50.2,187,53.800000000000004,321,24.099999999999998,352,30.3,119,24.099999999999998,322,31.1,257,17.7,197,13.100000000000001,358,34.3,150,38.2,354,49.4,216,51.4,226,65.9,325,73.7,285,37.8,167,39.9,267,44.4,303,51.9,213,8.1,224,10.4,257
Southern,48.1,267,53.400000000000006,312,31.2,219,44.3,345,24.4,318,34.8,344,18.2,230,22.0,16,30.5,299,32.0,93,49.6,206,56.9,353,65.7,326,68.3,47,38.4,154,39.1,247,50.3,174,58.9,335,7.8,243,10.4,258
Louisiana Tech,49.7,212,46.400000000000006,37,43.2,16,31.6,160,33.0,66,27.6,105,18.8,262,17.2,185,35.5,95,33.8,190,47.6,272,44.0,16,69.1,268,70.7,153,36.3,214,36.1,133,48.7,219,49.7,159,12.9,38,10.5,259
Towson,46.9,294,48.699999999999996,99,36.8,84,31.1,141,41.3,2,28.199999999999996,136,19.900000000000002,310,17.2,188,34.0,159,31.3,59,44.7,338,49.6,146,62.3,356,71.5,193,35.0,245,34.3,82,45.9,282,45.9,60,12.4,43,10.5,260
Iona,50.4,176,52.5,277,30.099999999999998,247,42.5,333,29.099999999999998,184,30.9,249,15.9,95,22.400000000000002,13,35.8,79,34.3,217,48.2,252,53.3,290,65.6,329,72.4,244,39.2,133,40.7,289,53.9,98,55.0,288,10.3,129,10.5,261
Merrimack,48.699999999999996,248,46.6,45,33.5,162,34.1,215,21.0,353,36.1,355,19.0,280,23.1,7,29.3,333,32.2,108,52.4,101,45.7,43,72.8,132,73.4,274,43.6,43,31.8,29,52.1,131,56.1,307,9.5,162,10.5,262
LIU Brooklyn,44.7,342,51.9,252,31.2,217,39.300000000000004,309,21.4,350,31.0,254,19.900000000000002,314,15.299999999999999,307,28.1,347,30.9,48,46.0,316,54.6,326,70.0,242,70.3,123,33.0,286,32.1,34,49.6,196,54.4,278,5.9,333,10.5,263
Miami OH,53.6,60,50.3,170,32.0,201,34.5,225,20.3,354,31.1,259,17.5,185,17.299999999999997,178,37.7,25,29.5,20,51.6,126,53.3,287,71.4,196,72.3,231,39.7,117,33.4,61,57.7,44,46.7,80,5.3,344,10.5,264
Army,46.7,298,50.2,168,25.900000000000002,338,34.599999999999994,226,29.5,164,25.8,52,19.900000000000002,308,17.2,187,31.8,256,32.4,120,45.8,322,51.1,210,59.5,362,69.1,73,47.1,21,37.2,178,57.4,46,53.0,242,10.8,101,10.6,265
Bucknell,50.8,158,52.300000000000004,267,30.0,250,31.8,164,25.6,294,28.299999999999997,149,19.8,304,15.6,293,34.9,123,35.0,248,49.6,209,52.2,256,75.7,49,71.1,170,43.1,48,42.2,315,53.0,113,59.2,340,10.5,115,10.6,266
Alabama St.,41.9,359,50.3,174,26.400000000000002,330,42.5,334,29.7,154,29.799999999999997,204,16.2,108,19.8,58,30.5,300,32.2,103,39.6,361,51.8,242,71.5,187,72.3,230,36.8,203,43.9,340,45.5,292,56.5,313,10.2,136,10.6,267
Xavier,49.8,201,46.400000000000006,36,32.1,197,30.2,115,33.800000000000004,52,30.0,208,16.400000000000002,126,16.0,264,35.1,113,32.1,95,48.5,239,45.5,36,73.4,107,69.8,97,32.3,294,35.5,115,61.2,18,61.0,351,9.7,154,10.6,268
UNC Greensboro,53.0,81,47.599999999999994,65,25.7,340,34.599999999999994,227,28.4,207,31.7,280,15.4,62,17.2,181,38.2,18,32.0,84,49.8,200,47.3,67,70.5,216,72.5,247,43.4,44,47.1,356,54.4,87,46.9,86,7.6,255,10.6,269
Wagner,44.5,345,49.6,138,27.500000000000004,304,29.299999999999997,96,28.000000000000004,216,28.999999999999996,172,15.9,92,18.0,137,32.0,247,30.5,35,42.2,358,52.4,262,69.2,267,67.6,32,38.9,137,41.7,307,55.1,76,61.3,354,6.8,297,10.6,270
UC Riverside,45.300000000000004,333,52.6,284,25.900000000000002,339,35.8,256,28.999999999999996,186,25.8,53,14.499999999999998,26,15.8,276,32.0,249,37.4,343,43.4,354,50.9,203,68.8,278,71.6,199,41.8,74,32.3,37,54.4,85,55.9,304,3.7,361,10.6,271
Illinois Chicago,52.2,105,47.3,56,23.7,354,33.7,207,23.599999999999998,329,28.799999999999997,166,17.5,182,16.8,222,36.2,64,29.4,19,50.6,160,49.0,115,65.1,337,74.5,317,41.4,85,34.2,76,56.0,67,46.8,82,14.7,15,10.7,272
Duquesne,49.1,234,48.699999999999996,98,34.5,134,35.9,258,31.7,98,31.3,263,17.4,177,19.900000000000002,55,33.5,184,34.3,219,48.3,249,47.4,69,69.3,262,70.1,112,42.4,60,33.4,60,50.6,164,49.4,153,11.7,64,10.7,273
Middle Tennessee,44.800000000000004,341,49.3,132,31.2,216,29.5,100,30.4,129,30.4,230,22.1,352,17.1,196,27.3,348,32.9,144,47.5,279,49.2,124,65.4,331,71.8,206,40.4,100,30.4,21,41.1,342,40.7,8,11.5,69,10.7,274
LSU,52.1,110,46.9,48,37.5,69,32.4,177,30.2,138,31.2,261,18.9,269,20.3,42,34.4,140,32.8,138,52.5,100,45.2,27,72.6,140,74.6,320,38.1,161,43.2,332,46.3,277,47.6,105,11.5,72,10.7,275
UNC Asheville,51.6,129,50.7,185,44.6,10,36.8,276,29.599999999999998,158,31.7,279,18.3,237,16.8,224,37.0,39,31.4,62,49.4,213,52.7,271,75.4,55,74.4,313,36.1,217,35.8,125,56.2,62,49.3,149,9.8,149,10.7,276
Oklahoma,54.400000000000006,38,45.4,17,34.1,145,29.5,99,32.300000000000004,81,25.4,42,18.4,240,18.0,141,34.1,154,28.5,13,56.3,19,46.9,58,76.1,40,75.4,333,37.4,178,36.0,128,50.9,154,46.6,78,9.2,173,10.7,277
Nebraska,53.300000000000004,67,47.099999999999994,50,34.300000000000004,142,25.2,22,30.4,128,29.299999999999997,185,15.9,93,16.400000000000002,243,35.9,75,32.7,130,52.8,89,45.6,37,75.7,47,69.0,69,44.9,27,41.9,311,60.1,25,53.1,247,7.8,242,10.7,278
Bowling Green,49.9,194,49.9,150,38.1,54,27.400000000000002,56,30.0,142,25.8,51,16.0,96,15.299999999999999,303,31.1,283,35.8,301,51.8,122,48.0,87,67.2,308,65.6,8,36.8,198,32.9,48,43.1,322,46.9,89,6.4,307,10.7,279
Brown,47.699999999999996,276,51.6,234,36.6,92,33.4,199,31.7,97,26.700000000000003,79,19.2,286,16.6,237,31.2,275,34.3,220,48.2,253,51.6,232,63.9,346,68.2,43,38.4,153,36.5,147,48.2,229,50.3,172,12.5,41,10.8,280
Saint Louis,49.4,222,53.2,304,35.9,111,34.8,233,25.6,295,28.7,162,17.2,159,13.600000000000001,346,35.3,105,34.4,223,47.3,289,54.5,322,73.7,95,71.9,210,37.3,182,42.1,313,48.9,216,49.1,145,7.2,276,10.8,281
Delaware,51.6,128,50.8,196,30.8,227,27.700000000000003,64,27.400000000000002,235,28.000000000000004,127,15.1,49,17.0,198,33.9,164,32.7,132,52.1,110,51.8,237,72.5,150,71.3,182,35.3,233,37.9,203,53.4,103,49.2,147,6.8,294,10.8,282
Alcorn St.,46.5,307,57.699999999999996,360,33.900000000000006,153,38.1,292,31.8,94,34.4,338,17.5,187,17.0,206,33.2,193,37.7,347,45.4,330,58.8,360,67.7,299,73.2,271,24.6,360,50.0,362,40.5,348,63.7,361,5.5,339,10.8,283
UAB,48.4,252,51.800000000000004,244,41.199999999999996,20,32.1,169,35.4,26,29.5,190,16.5,130,15.9,268,31.2,276,35.1,256,49.1,224,51.2,216,73.3,111,72.3,228,30.8,320,37.7,198,45.9,283,48.8,137,12.2,49,10.9,284
Texas Tech,53.5,63,48.8,100,33.800000000000004,154,21.6,7,31.5,107,30.099999999999998,216,15.7,81,18.5,104,36.7,49,32.8,134,52.5,99,48.6,105,77.4,22,67.0,24,41.0,87,40.7,287,54.3,89,43.8,37,9.4,164,10.9,285
Southeastern Louisiana,45.7,327,53.400000000000006,313,34.0,152,29.9,109,30.4,130,31.4,268,20.8,334,17.599999999999998,162,30.7,294,35.4,276,45.5,328,53.7,301,72.9,130,75.4,334,37.7,169,45.8,350,58.5,38,61.8,356,5.6,338,10.9,286
West Virginia,47.3,285,49.7,144,37.7,65,26.700000000000003,44,27.0,253,29.7,200,17.599999999999998,190,15.5,297,32.3,238,33.6,176,46.6,304,49.2,126,73.1,117,73.2,267,37.8,166,39.4,252,55.0,78,52.2,220,9.8,151,11.0,287
Sam Houston St.,46.2,310,52.800000000000004,291,36.8,86,36.4,269,28.9,188,26.900000000000002,86,17.8,202,19.5,65,32.2,240,33.9,202,45.0,335,54.1,314,71.5,189,68.5,55,35.0,242,39.4,255,50.1,178,56.7,315,6.7,299,11.0,288
Prairie View A&M,43.9,353,53.400000000000006,314,33.2,171,51.0,359,27.1,251,37.0,357,17.8,208,22.7,9,30.7,293,33.8,196,43.2,355,54.7,327,71.8,175,70.7,151,26.1,355,33.2,55,42.3,328,49.8,161,6.3,312,11.0,289
Loyola Marymount,49.7,211,47.8,72,35.3,124,29.799999999999997,106,30.7,122,26.900000000000002,85,17.2,158,13.3,354,34.8,128,31.5,71,47.9,265,48.0,88,74.9,64,74.8,324,41.0,88,28.3,11,46.7,265,50.6,181,6.3,313,11.0,290
Pittsburgh,50.8,160,47.3,57,32.6,187,30.099999999999998,114,33.5,57,23.9,13,14.7,33,17.4,169,34.0,158,30.2,29,50.7,154,48.7,109,68.5,283,75.7,344,44.3,36,40.5,282,53.4,104,52.7,228,15.1,11,11.1,291
Air Force,54.400000000000006,39,50.1,162,33.800000000000004,156,34.9,237,24.8,312,29.2,182,19.3,291,18.7,96,37.3,33,33.4,167,53.3,73,50.0,162,67.8,295,71.9,213,44.3,34,37.3,181,65.4,5,51.3,199,13.4,27,11.1,292
Louisiana Lafayette,52.6,93,51.6,230,27.1,313,41.9,329,30.5,127,34.599999999999994,341,17.2,162,21.4,27,35.8,80,28.2,8,52.0,114,56.0,345,74.3,77,72.4,237,36.2,215,32.1,32,45.8,284,47.7,108,10.4,118,11.1,293
South Carolina St.,43.8,355,56.39999999999999,356,34.1,148,50.5,357,36.0,24,32.800000000000004,305,19.7,303,21.099999999999998,33,30.0,321,36.5,321,43.4,353,57.5,356,69.0,274,75.5,336,27.7,346,41.2,300,53.9,99,60.9,350,9.1,182,11.1,294
College of Charleston,49.9,196,50.7,186,30.7,231,28.9,86,33.5,56,27.700000000000003,112,15.5,66,15.6,290,31.8,258,34.1,206,51.8,119,50.4,180,72.7,138,70.4,131,47.8,15,36.9,163,51.7,140,43.3,26,7.6,251,11.1,295
South Alabama,50.5,170,51.800000000000004,239,29.2,269,34.300000000000004,219,23.3,332,30.8,245,16.1,106,16.1,262,32.5,232,32.9,143,51.5,133,53.2,283,73.6,100,68.5,53,36.0,218,37.1,175,39.5,353,47.0,92,7.1,281,11.1,296
Furman,52.6,90,52.6,281,29.4,266,26.5,41,31.1,117,26.0,59,17.2,157,16.400000000000002,248,33.9,167,32.6,126,54.1,52,54.6,324,71.9,174,67.3,27,46.1,24,35.1,101,59.6,28,50.9,189,6.6,301,11.1,297
Saint Peter's,45.300000000000004,331,48.0,77,38.0,57,46.9,353,34.599999999999994,36,28.799999999999997,163,19.900000000000002,312,21.2,31,31.2,273,30.9,46,44.6,340,49.1,119,75.6,50,70.4,128,32.8,288,38.8,239,52.1,132,51.9,211,9.5,161,11.2,298
FIU,50.5,167,56.39999999999999,355,29.799999999999997,259,38.1,293,27.700000000000003,228,36.0,354,19.900000000000002,316,25.6,4,32.6,223,38.4,356,51.6,129,55.7,341,64.7,341,69.3,81,40.8,91,40.7,288,53.3,105,58.8,334,9.3,172,11.2,299
Portland St.,45.9,321,51.4,224,31.7,204,30.9,132,27.800000000000004,224,30.0,211,16.7,140,17.5,165,31.0,287,36.9,332,45.4,329,49.3,130,70.9,207,67.8,34,39.2,130,35.1,103,41.7,335,50.5,176,8.3,211,11.2,300
UC San Diego,51.6,127,50.6,184,33.5,165,28.199999999999996,74,27.1,246,28.1,132,15.1,50,18.5,102,34.3,146,35.2,260,51.7,123,49.3,128,75.0,61,70.0,104,41.6,80,36.4,141,45.6,289,53.8,264,8.0,229,11.2,301
Rhode Island,52.300000000000004,103,52.1,256,39.5,36,29.2,94,31.4,109,28.599999999999998,157,19.7,302,12.9,359,35.7,88,36.8,329,51.6,128,50.2,172,62.4,355,66.0,10,32.3,293,37.4,191,51.1,152,51.6,203,7.9,235,11.2,302
Seton Hall,49.9,197,48.8,102,32.0,200,27.800000000000004,69,38.7,7,29.7,193,19.0,275,18.2,129,32.9,206,34.2,212,50.1,185,46.9,60,78.0,15,77.4,359,28.7,336,41.5,306,47.5,246,58.2,328,13.5,26,11.3,303
Utah Valley,45.300000000000004,334,51.0,208,43.5,13,38.6,298,26.700000000000003,263,28.1,133,18.2,227,19.7,60,25.4,361,34.6,234,48.5,240,50.4,183,70.5,217,66.8,22,30.9,318,36.4,144,56.9,55,58.5,330,10.3,131,11.3,304
Louisiana Monroe,42.3,358,52.2,264,37.7,66,40.2,316,34.9,31,27.700000000000003,110,19.900000000000002,309,16.0,265,24.4,362,35.3,272,44.9,336,51.7,236,64.9,339,71.9,214,31.3,313,45.4,349,53.0,114,60.8,349,8.2,218,11.3,305
NJIT,45.0,338,51.800000000000004,246,32.4,193,41.699999999999996,328,29.599999999999998,159,37.2,358,18.0,217,18.0,140,30.5,301,37.2,341,44.6,343,49.7,152,70.0,240,68.7,61,40.0,111,34.9,97,45.1,297,53.9,267,9.3,171,11.4,306
Boise St.,50.5,171,48.8,101,34.699999999999996,131,32.5,181,30.599999999999998,124,23.9,14,17.8,200,17.8,149,34.4,141,29.0,16,49.8,198,51.5,227,72.1,164,71.6,196,37.3,181,33.3,58,46.5,269,43.5,29,6.2,317,11.4,307
Loyola MD,48.6,250,54.300000000000004,333,28.1,297,30.2,116,27.500000000000004,232,28.000000000000004,126,21.3,343,15.8,280,32.5,233,37.1,338,48.5,243,53.5,295,60.3,361,68.3,48,38.7,145,37.1,173,56.2,63,51.3,200,6.2,319,11.4,308
Memphis,53.400000000000006,65,48.4,88,38.3,50,28.199999999999996,73,31.6,100,33.0,313,17.9,212,18.8,94,35.4,100,33.0,146,53.6,64,47.6,73,73.9,87,71.3,180,38.9,138,43.7,337,47.9,239,53.0,245,14.6,17,11.5,309
Butler,52.2,107,48.4,89,30.599999999999998,234,22.7,10,29.099999999999998,179,30.7,239,14.6,31,16.6,230,34.9,122,31.4,63,52.1,108,49.2,121,78.3,13,70.8,156,36.0,219,40.0,270,51.8,137,46.8,83,9.2,174,11.5,310
North Carolina A&T,46.5,308,55.2,350,36.4,98,31.1,142,22.8,337,35.8,352,13.600000000000001,8,16.900000000000002,213,30.5,302,35.2,265,47.0,297,56.5,350,72.3,161,70.5,141,37.4,174,34.9,98,46.3,274,49.6,157,8.6,200,11.5,311
Southern Illinois,53.800000000000004,50,47.8,69,37.4,73,34.5,222,26.5,272,28.000000000000004,128,16.7,136,16.400000000000002,245,36.5,56,28.3,11,53.1,77,50.2,170,77.4,23,67.7,33,41.5,83,30.5,22,59.6,27,44.6,46,7.6,253,11.5,312
Penn,51.800000000000004,121,52.2,262,28.9,277,22.900000000000002,11,31.2,114,27.0,89,19.0,273,14.799999999999999,318,36.6,55,35.0,246,49.5,211,51.9,244,65.3,335,70.7,155,42.8,55,41.5,303,55.4,73,53.7,261,7.0,287,11.5,313
Binghamton,48.0,273,51.6,233,36.0,110,33.6,202,29.5,163,27.6,107,18.2,225,13.200000000000001,357,29.0,338,36.7,326,50.0,192,49.6,144,66.3,321,70.3,125,30.3,325,36.8,162,54.0,93,46.6,77,11.0,91,11.6,314
Harvard,51.2,140,49.1,121,36.3,100,26.1,34,25.7,292,32.1,291,17.0,150,15.299999999999999,306,35.5,98,30.5,33,50.0,189,51.3,222,70.5,218,64.0,4,39.3,127,40.4,279,51.9,135,49.4,152,10.4,122,11.6,315
Michigan,53.800000000000004,51,50.8,194,31.0,221,30.7,128,31.7,95,30.9,248,17.5,184,14.000000000000002,333,37.4,32,35.6,284,52.3,106,49.5,139,71.7,178,71.8,204,38.8,140,33.2,54,48.1,231,44.6,48,8.4,208,11.6,316
Texas A&M Corpus Chris,44.2,349,49.6,139,33.800000000000004,155,52.7,361,33.800000000000004,54,24.3,19,18.2,223,20.599999999999998,37,26.3,357,32.5,124,46.3,309,50.1,167,70.3,222,72.4,241,30.4,324,38.0,213,50.3,173,54.0,271,8.3,214,11.6,317
North Dakota St.,52.7,88,55.1,349,30.3,242,31.7,162,25.4,300,26.700000000000003,80,15.9,90,13.600000000000001,345,37.8,24,38.9,361,50.5,169,53.7,300,70.1,233,74.1,298,35.1,241,31.0,26,43.1,321,44.4,42,2.9,362,11.6,318
Utah Tech,49.2,230,49.3,131,37.7,64,43.2,339,27.200000000000003,245,32.2,293,21.3,346,18.6,101,35.1,109,33.4,169,47.4,283,48.7,110,63.5,349,70.3,126,35.0,244,37.4,188,54.1,90,52.0,215,13.2,30,11.7,319
St. Francis PA,46.2,311,53.900000000000006,326,30.599999999999998,236,33.6,205,32.5,76,33.4,320,21.6,349,17.4,175,31.8,255,36.3,314,45.3,332,53.6,299,63.8,347,70.0,108,37.5,172,36.3,136,53.0,112,52.8,235,10.3,127,11.7,320
Albany,49.4,224,50.0,157,33.5,164,37.1,281,33.800000000000004,53,30.8,241,19.2,288,17.0,208,31.9,253,28.7,15,50.2,177,52.7,270,71.7,179,70.5,142,35.5,230,27.6,5,46.5,268,45.7,57,7.5,260,11.7,321
Saint Joseph's,53.800000000000004,53,46.1,29,28.9,275,31.6,161,30.4,131,30.2,222,16.0,97,18.3,119,36.9,43,31.0,49,52.5,98,45.8,44,72.9,126,67.5,30,47.7,16,45.9,351,56.9,56,56.5,312,11.4,78,11.8,322
UT Arlington,49.8,207,51.0,206,41.5,18,37.9,286,32.4,80,30.099999999999998,215,22.3,354,17.599999999999998,163,33.6,179,38.1,351,49.3,221,47.7,79,71.6,181,73.2,269,44.4,33,35.2,104,61.6,15,55.0,286,10.2,135,11.8,323
Idaho,48.8,242,52.900000000000006,293,28.4,293,38.9,303,22.5,341,29.2,184,16.1,103,16.6,233,32.6,227,36.4,316,48.8,232,51.9,245,72.4,154,71.4,186,43.1,49,39.9,266,49.7,194,54.1,273,10.0,144,11.9,324
Manhattan,45.800000000000004,325,52.300000000000004,270,20.4,361,25.900000000000002,32,25.3,303,29.7,201,19.8,306,16.3,256,29.9,323,35.7,293,46.4,307,51.7,235,69.9,246,75.2,331,41.0,89,32.9,47,55.0,77,59.2,339,6.4,310,11.9,325
Liberty,54.1,42,49.9,149,24.099999999999998,350,30.9,134,27.3,239,26.8,83,15.0,44,17.0,197,35.4,103,32.1,94,55.0,37,50.8,195,66.4,319,74.1,300,47.9,12,33.3,56,59.3,31,41.6,12,4.6,352,11.9,326
North Carolina Central,46.6,303,49.1,123,40.2,29,38.1,290,28.7,197,35.099999999999994,347,17.599999999999998,194,17.9,146,28.1,346,28.2,10,49.3,217,53.4,293,69.7,254,72.8,255,37.4,176,39.4,253,42.0,329,60.2,344,7.7,250,12.0,327
Eastern Illinois,45.1,335,55.7,354,25.7,344,38.1,294,28.199999999999996,212,25.900000000000002,56,17.4,174,20.200000000000003,45,35.0,116,37.7,346,42.0,359,55.0,331,74.8,69,72.0,215,29.9,328,41.3,301,48.4,227,60.5,346,7.2,278,12.0,328
William & Mary,50.2,188,54.0,327,37.6,68,35.699999999999996,252,25.5,297,26.6,78,16.3,117,14.499999999999998,324,32.5,235,36.3,313,51.5,134,53.8,302,71.2,200,75.1,329,47.5,19,37.3,180,49.5,199,44.5,44,4.3,357,12.0,329
Alabama,57.4,5,48.699999999999996,96,37.9,60,34.9,236,34.8,33,28.000000000000004,124,17.4,176,16.3,253,38.8,13,31.1,53,56.8,16,49.9,156,78.5,10,71.4,185,47.4,20,37.8,199,50.9,157,44.8,49,10.7,103,12.1,330
Georgia,49.8,206,47.199999999999996,55,43.3,14,28.7,78,27.800000000000004,223,30.3,227,16.2,109,17.1,192,34.7,131,31.4,64,48.3,246,47.3,68,72.0,165,71.5,190,40.1,109,38.2,219,49.8,189,53.5,256,9.3,169,12.1,331
UT Rio Grande Valley,46.7,296,50.9,200,46.6,5,39.5,311,27.700000000000003,229,35.6,350,20.8,335,20.0,52,29.7,326,32.2,106,47.5,278,52.0,251,69.6,257,76.4,354,29.0,335,32.1,35,51.8,136,56.3,310,8.5,206,12.1,332
Northwestern St.,46.7,297,54.800000000000004,345,34.1,147,38.0,287,28.499999999999996,204,33.5,324,19.900000000000002,315,18.3,123,30.1,317,33.2,158,47.6,271,57.6,357,67.4,304,73.3,273,38.7,146,36.6,152,45.7,286,50.0,168,8.1,223,12.1,333
Tennessee St.,49.4,225,49.7,142,33.5,163,44.2,344,29.4,171,32.6,301,19.1,282,19.1,81,32.6,225,32.4,118,49.7,203,50.3,173,76.8,30,73.6,282,37.4,177,34.7,90,47.1,256,49.4,155,7.0,285,12.1,334
The Citadel,50.0,192,50.9,198,32.9,176,19.900000000000002,4,29.7,149,26.200000000000003,62,18.3,231,15.0,314,33.9,168,33.4,170,49.6,208,51.5,229,73.2,116,75.6,337,34.6,256,38.9,243,44.0,308,55.4,298,8.0,230,12.2,335
Wyoming,50.7,161,52.5,276,40.300000000000004,28,26.5,40,30.8,119,31.7,278,21.3,345,16.400000000000002,249,37.7,26,32.2,99,47.5,277,55.1,332,77.0,28,74.8,323,35.0,246,38.0,210,46.5,270,47.1,93,7.4,264,12.2,336
Georgia Southern,50.4,173,53.1,299,27.400000000000002,309,40.0,315,27.800000000000004,226,35.3,348,19.6,301,17.4,173,35.9,74,36.0,307,47.1,296,52.6,267,69.7,253,70.5,144,48.0,10,38.7,235,44.3,306,53.3,252,10.7,105,12.3,337
Columbia,50.9,152,51.800000000000004,238,28.999999999999996,273,27.700000000000003,65,26.0,287,27.400000000000002,101,17.299999999999997,166,16.900000000000002,215,37.2,35,32.6,125,48.0,263,54.1,313,78.6,7,74.4,310,37.3,183,44.3,343,60.6,20,55.4,297,6.1,325,12.4,338
Milwaukee,50.7,163,53.900000000000006,324,32.9,177,34.5,224,37.0,17,34.699999999999996,343,18.5,252,15.9,271,32.6,228,37.9,349,52.1,113,52.1,254,72.7,139,76.0,349,42.0,69,36.6,151,46.8,262,55.9,305,11.6,68,12.5,339
Tennessee Martin,50.2,186,51.5,227,29.9,256,27.6,62,25.7,293,27.700000000000003,115,15.7,80,13.700000000000001,341,36.8,46,34.1,205,47.2,293,51.8,239,74.2,79,71.2,177,37.4,175,42.8,326,44.6,302,51.6,206,6.8,296,12.5,340
Houston Christian,46.0,320,51.4,223,34.4,138,28.1,72,29.4,166,34.2,334,22.900000000000002,357,13.900000000000002,337,26.6,355,31.2,58,48.1,256,53.8,303,61.8,359,68.9,68,25.5,359,35.5,116,41.6,336,55.4,299,7.5,262,12.6,341
New Hampshire,48.699999999999996,247,48.199999999999996,85,29.9,255,26.700000000000003,45,23.9,325,27.0,93,16.7,134,15.9,269,33.7,176,28.0,6,47.3,288,51.9,247,72.3,160,74.4,315,43.0,52,37.4,184,47.0,258,50.1,169,4.5,354,12.6,342
Duke,55.1,28,49.9,147,36.3,101,27.700000000000003,63,29.5,160,24.2,17,13.5,5,18.9,88,37.8,23,34.3,216,54.2,50,48.9,111,74.6,70,68.7,58,36.8,199,37.0,169,56.6,59,51.1,195,11.1,86,12.7,343
South Carolina,51.4,135,46.0,27,32.800000000000004,179,31.2,146,34.699999999999996,34,27.800000000000004,117,16.1,102,15.9,267,34.3,148,32.9,141,51.3,138,44.4,21,72.3,157,72.4,238,42.7,57,31.8,30,58.6,37,46.8,81,8.9,190,12.7,344
Nicholls St.,48.4,256,50.1,165,36.199999999999996,105,37.0,279,27.400000000000002,237,35.9,353,18.7,261,16.900000000000002,219,35.0,119,31.1,54,45.7,324,52.0,252,74.2,80,66.4,13,39.4,125,35.8,123,43.5,316,50.9,192,11.1,85,12.8,345
Denver,52.900000000000006,82,53.7,318,38.3,52,29.599999999999998,102,30.3,133,28.299999999999997,144,13.8,12,13.4,350,38.4,16,35.4,274,50.2,179,54.0,311,73.0,123,69.7,94,36.4,213,34.2,79,46.1,280,45.7,58,9.3,167,12.8,346
Troy,49.3,227,49.9,151,41.099999999999994,21,38.9,301,34.0,48,29.099999999999998,175,19.900000000000002,313,20.4,40,36.1,66,35.5,278,45.9,321,48.2,95,72.5,146,69.0,70,40.7,94,34.0,70,53.9,95,46.2,68,8.1,220,12.8,347
SMU,52.400000000000006,97,41.699999999999996,2,28.499999999999996,288,31.900000000000002,167,37.5,12,32.1,288,17.8,207,19.400000000000002,71,35.8,81,26.0,1,51.6,125,43.3,10,68.2,287,70.0,107,35.8,223,38.3,223,57.5,45,53.0,241,14.9,14,12.9,348
Kennesaw St.,51.4,136,51.9,249,37.4,74,42.5,332,29.099999999999998,183,31.900000000000002,285,16.0,98,19.400000000000002,69,32.5,230,35.8,300,53.4,69,50.8,196,68.1,289,72.4,243,42.9,53,38.2,217,47.4,250,46.9,88,11.9,57,13.0,349
Incarnate Word,48.0,272,51.9,251,38.5,48,40.6,320,28.000000000000004,220,33.2,316,21.7,351,16.5,240,32.8,216,33.2,157,47.2,291,53.0,279,74.2,81,74.2,304,41.7,79,35.3,107,48.8,217,52.8,237,10.0,143,13.1,350
Indiana St.,61.3,1,49.1,120,35.8,113,26.6,43,24.0,323,25.7,50,17.299999999999997,164,17.0,204,41.1,2,33.3,160,61.0,2,48.6,103,78.3,12,74.0,294,50.2,4,32.8,42,60.1,24,39.3,6,4.3,355,13.2,351
UTSA,49.2,231,52.6,282,36.4,96,38.1,291,31.6,104,29.4,186,15.9,94,13.3,353,33.8,173,37.8,348,48.1,259,50.3,176,72.7,137,70.7,150,44.4,32,36.5,145,54.0,92,52.1,217,10.7,104,13.3,352
Texas A&M,44.3,347,48.5,94,38.0,58,32.2,175,43.7,1,27.800000000000004,116,14.499999999999998,27,17.7,152,26.5,356,33.6,184,47.2,292,46.9,61,69.9,244,72.6,249,39.7,118,44.2,342,45.7,288,60.2,343,9.2,177,13.3,353
North Florida,52.5,94,52.7,286,24.9,348,35.199999999999996,243,23.799999999999997,327,30.2,225,16.400000000000002,127,15.8,278,36.1,70,35.0,247,50.4,172,52.8,275,77.0,27,74.4,311,55.5,1,30.4,20,48.6,223,46.8,85,7.2,275,13.3,354
Navy,44.1,351,50.2,169,35.699999999999996,118,39.0,305,30.599999999999998,125,30.3,226,15.7,82,22.5,12,28.5,342,30.0,27,44.8,337,54.2,317,69.7,255,70.2,116,33.8,276,43.5,335,50.4,168,54.5,282,6.3,314,13.4,355
Queens,48.699999999999996,245,54.50000000000001,338,31.1,220,30.3,117,27.200000000000003,241,30.0,212,17.299999999999997,168,15.9,270,31.8,257,33.6,178,49.3,219,56.8,352,68.8,279,72.4,242,42.5,59,35.8,122,47.2,252,43.8,38,6.9,290,13.6,356
Arkansas St.,51.800000000000004,122,50.0,154,32.5,189,39.1,307,32.0,88,30.2,221,17.1,153,13.8,338,35.4,104,32.8,135,50.7,157,50.4,182,70.4,221,75.3,332,46.6,23,28.1,10,56.6,57,42.6,19,10.1,137,13.7,357
Villanova,50.0,190,48.9,111,31.8,202,27.500000000000004,58,28.599999999999998,199,24.9,28,15.1,48,16.7,228,32.6,226,33.3,164,50.9,146,48.2,93,81.6,1,70.0,102,48.4,9,40.6,284,48.9,215,55.2,294,6.2,320,14.2,358
Winthrop,51.7,125,48.0,75,52.6,1,32.6,182,30.7,123,33.300000000000004,318,19.5,297,18.099999999999998,134,35.4,101,28.7,14,50.8,151,51.4,225,70.3,224,75.9,346,39.5,124,40.5,283,45.7,287,49.3,151,6.9,292,14.4,359
Arkansas Pine Bluff,50.9,150,58.199999999999996,362,40.5,26,32.800000000000004,185,21.6,348,37.7,360,17.4,179,17.7,156,37.0,37,36.8,327,46.8,300,60.0,362,75.8,46,74.2,303,47.9,13,38.0,206,56.2,64,61.0,352,4.3,358,14.5,360
Stonehill,45.5,330,52.0,255,21.9,359,31.3,153,21.4,349,32.6,303,20.200000000000003,325,16.8,226,30.3,310,34.2,214,45.6,327,52.6,268,69.8,248,75.6,339,46.8,22,47.3,357,48.3,228,62.0,357,7.0,288,14.7,361
Green Bay,53.5,64,48.9,110,27.0,318,33.800000000000004,210,27.1,248,28.299999999999997,146,20.3,327,13.4,352,35.3,106,30.8,39,54.0,54,50.4,179,73.7,93,70.5,140,47.9,11,34.7,89,49.9,182,49.4,154,6.4,308,15.7,362
