,team,adjoe,adjde,TO%,FTR Def,3pD%,2p%,Adj_OtoD_Margin,gilgo_score,date
1,Purdue,127.10315778043535,93.75646669767858,16.7,22.9,30.9,54.9,33.34669108275678,14.569731560481635,2024-01-18
0,Houston,118.94577196926863,84.25071211407078,14.3,39.8,28.4,50.0,34.695059855197854,14.26828651167069,2024-01-18
2,Arizona,120.68080008748674,91.36959702486128,16.5,24.3,33.3,54.1,29.311203062625466,11.794783868201533,2024-01-18
3,Auburn,122.55550769179752,94.4326617994389,14.2,37.5,29.3,55.2,28.12284589235861,10.575085994338755,2024-01-18
4,Alabama,128.33541749035794,99.9048846797936,16.6,35.2,31.5,57.8,28.430532810564344,10.476625014444249,2024-01-18
6,BYU,118.99736014725084,94.28273257644366,15.2,28.7,27.2,58.9,24.71462757080718,9.42987281819238,2024-01-18
8,North Carolina,118.40869751673924,94.15650462967768,14.3,26.8,29.5,50.7,24.252192887061554,9.04663766110755,2024-01-18
7,Connecticut,123.556423876258,97.93042569623049,15.6,35.7,33.3,59.9,25.62599818002751,8.806108889816782,2024-01-18
14,Creighton,115.53569439956776,94.64420788449344,16.400000000000002,14.099999999999998,30.0,60.6,20.89148651507432,8.088256774195333,2024-01-18
5,Tennessee,117.57591558348456,92.78226347457068,15.9,37.7,30.3,52.3,24.793652108913875,8.072977786437463,2024-01-18
11,Illinois,120.1066419141314,97.3601832196998,16.7,23.4,31.4,54.8,22.746458694431595,8.013839803603274,2024-01-18
10,Michigan St.,118.66520210017828,95.58623396233894,15.7,30.2,30.3,53.5,23.07896813783934,7.7978705640819985,2024-01-18
16,Duke,120.78778335949627,99.32730704410017,13.3,26.6,33.6,54.4,21.460476315396107,7.313390552391624,2024-01-18
18,Kentucky,122.59867112171963,101.31294519334328,12.9,30.5,31.4,56.2,21.28572592837635,7.139342816309576,2024-01-18
9,Iowa St.,114.13299793062583,91.7255158337411,15.4,32.300000000000004,33.2,55.1,22.407482096884735,7.058314079099688,2024-01-18
12,Marquette,115.77025736083051,94.57821167291718,14.4,27.1,33.6,56.7,21.192045687913335,6.987097869627135,2024-01-18
13,Kansas,116.24042712756464,95.13539779439184,17.0,25.3,31.7,56.1,21.10502933317281,6.799517893235413,2024-01-18
17,Wisconsin,121.02793972350824,99.67983042102836,15.1,30.7,35.2,53.3,21.348109302479884,6.398096674512729,2024-01-18
21,Indiana St.,120.75905766294512,100.74222158468496,17.0,27.6,32.5,60.7,20.01683607826017,5.994670007738703,2024-01-18
20,Utah,118.25962597117122,98.59397040971928,16.1,24.4,34.2,53.7,19.665655561451942,5.884849892485684,2024-01-18
19,Baylor,120.22433896201488,100.09156896785018,16.3,31.2,29.7,53.4,20.132769994164704,5.851389696440471,2024-01-18
28,Dayton,120.6188947716293,101.84807588298202,16.8,19.8,32.2,54.1,18.770818888647284,5.823499522074843,2024-01-18
26,Gonzaga,115.89288309805134,97.77755885767952,16.3,27.200000000000003,32.4,56.3,18.11532424037182,4.865747786626809,2024-01-18
32,Florida Atlantic,119.5723593707142,101.61470828252072,16.6,25.6,33.2,57.3,17.957651088193472,4.834767163798018,2024-01-18
33,Texas Tech,117.72803625397788,100.21964270702831,16.1,22.7,32.7,52.9,17.508393546949563,4.823870063639233,2024-01-18
22,San Diego St.,113.99843732224232,95.55510870897442,15.7,32.5,28.8,51.7,18.44332861326791,4.821080454093423,2024-01-18
15,Saint Mary's,112.81298981381477,92.73139604489556,17.5,36.5,33.7,52.1,20.081593768919205,4.764022199040716,2024-01-18
24,Oklahoma,113.84369201099813,95.6663797465485,18.9,28.7,27.8,57.6,18.177312264449625,4.733510481314269,2024-01-18
34,Clemson,120.92150018198618,102.96804311674956,14.7,30.4,35.1,55.8,17.95345706523662,4.505608809794339,2024-01-18
23,St. John's,116.73252931225552,97.86267359554928,16.7,34.5,32.4,49.5,18.86985571670624,4.372261987190806,2024-01-18
29,TCU,117.12024578771047,99.0088413573002,17.2,32.5,30.6,54.2,18.111404430410275,4.297606702550268,2024-01-18
37,Colorado St.,118.0989214880474,101.02626326753465,15.0,28.9,34.7,59.3,17.07265822051275,4.1951715145127775,2024-01-18
27,Xavier,114.2018182512456,96.42618889815824,17.2,29.5,30.6,48.1,17.775629353087353,4.190283905383285,2024-01-18
35,Ohio St.,116.4479429287034,99.25464596438,16.1,26.9,32.7,50.1,17.193296964323395,4.154961148237269,2024-01-18
36,Villanova,114.39078090396656,97.51344713419904,15.1,26.700000000000003,33.9,50.1,16.877333769767517,4.052923599558184,2024-01-18
25,Mississippi St.,113.4063927778214,95.50605583838554,18.5,34.0,27.9,54.0,17.90033693943586,4.020205533055874,2024-01-18
30,New Mexico,113.45969424726349,95.95982853977324,14.4,37.2,31.3,52.7,17.499865707490244,3.854518081569048,2024-01-18
31,SMU,110.61739786881772,93.75516334973688,18.2,32.5,26.1,51.3,16.862234519080843,3.640613056639314,2024-01-18
39,Cincinnati,111.20535349725132,95.7100859178596,16.1,25.9,31.6,51.3,15.495267579391722,3.3366632234289506,2024-01-18
49,Miami FL,116.18690794017428,102.12851101991944,17.599999999999998,19.9,28.8,55.0,14.058396920254836,3.10417212135545,2024-01-18
38,Florida,117.85607521206605,101.05303623418928,17.5,32.9,33.8,52.4,16.803038977876767,3.101703776504829,2024-01-18
45,Utah St.,115.42983951947944,100.58606338905932,15.7,32.1,28.1,57.5,14.843776130420125,2.8927534395562757,2024-01-18
48,Nebraska,117.75903379207644,103.22162167264952,15.6,25.2,32.6,53.0,14.537412119426918,2.87282139285042,2024-01-18
50,Butler,115.61209167482548,101.7559610509677,14.8,23.1,31.6,51.9,13.85613062385778,2.8349896805532455,2024-01-18
58,Princeton,118.88562222425284,105.42156851724256,13.3,24.5,33.9,58.8,13.46405370701028,2.7399227612762704,2024-01-18
41,Nevada,110.77413846053769,96.22598495575154,14.2,32.5,30.1,52.4,14.548153504786143,2.614023637919546,2024-01-18
40,Colorado,115.06757536353646,99.22237619388372,19.2,29.2,34.8,54.8,15.845199169652744,2.569771493488175,2024-01-18
51,Iowa,117.12769704977202,103.19635662673184,13.4,29.0,32.4,54.1,13.931340423040183,2.56641765805451,2024-01-18
47,Wake Forest,115.6285908365056,101.0644143112754,16.3,30.1,33.4,53.3,14.564176525230195,2.2583976803904173,2024-01-18
43,Providence,107.52825691847536,93.60474800517352,18.0,26.5,32.0,55.5,13.923508913301845,2.0965904371141235,2024-01-18
55,Mississippi,116.58265862190888,103.21306955904058,14.6,29.3,31.4,49.6,13.3695890628683,1.9390993283496627,2024-01-18
46,Texas,114.93562580061698,100.25745726039447,18.1,33.0,33.4,54.4,14.6781685402225,1.7873828095357254,2024-01-18
44,Boise St.,109.374687130672,95.23102339471716,17.9,33.4,29.2,50.1,14.143663735954846,1.664534878932456,2024-01-18
65,Richmond,108.11077126099389,96.84081161159916,12.5,25.6,29.6,53.0,11.269959649394721,1.6030753861307785,2024-01-18
52,Texas A&M,115.71062228789803,102.027565980106,14.8,34.0,34.1,47.8,13.683056307792029,1.387264347753136,2024-01-18
54,Oregon,115.54218153835996,102.14725327164436,15.0,34.9,33.7,53.4,13.394928266715596,1.2937562426965123,2024-01-18
64,Drake,115.08791064805628,102.9245810986954,13.900000000000002,33.300000000000004,33.8,58.1,12.163329549360881,1.009881025110137,2024-01-18
53,Kansas St.,108.26956555863688,95.4953974050887,20.9,24.9,31.3,51.9,12.774168153548189,1.0058925736643953,2024-01-18
60,Saint Joseph's,112.6285787080374,100.27231393343509,16.0,32.4,30.6,53.1,12.356264774602309,0.9649215125074089,2024-01-18
42,North Texas,109.3085750847072,95.09448188793296,19.9,37.0,29.7,48.3,14.214093196774243,0.9408968500322881,2024-01-18
57,Washington St.,111.88764820137644,99.09686654482536,16.1,34.7,31.7,53.7,12.790781656551076,0.9281268104961555,2024-01-18
56,Northwestern,114.4680139569284,101.35645100390568,14.2,37.4,35.2,52.8,13.111562953022727,0.8835534013438633,2024-01-18
59,Seton Hall,115.1018189879846,102.0697265362832,19.7,27.800000000000004,34.2,51.9,13.032092451701402,0.8616763955378555,2024-01-18
73,UNLV,116.40745731824848,104.6819153336208,14.7,29.4,34.3,53.3,11.725541984627682,0.7890806106228863,2024-01-18
75,Virginia,104.89785974400858,94.62515864866872,13.1,24.6,31.4,48.6,10.272701095339869,0.7114476681573201,2024-01-18
68,Georgia,109.85116492719108,98.48310141800852,15.7,29.0,29.2,47.2,11.368063509182562,0.6654187406013632,2024-01-18
71,Memphis,113.7809582449045,102.10508435523616,17.7,26.700000000000003,32.6,53.5,11.675873889668338,0.6492330726976858,2024-01-18
62,St. Bonaventure,113.19711906860364,101.05402488989758,16.1,34.7,30.6,53.1,12.143094178706065,0.6030374490106984,2024-01-18
63,Virginia Tech,110.2561966343386,98.4360452323288,18.0,29.2,31.9,53.1,11.820151402009799,0.49709235522597695,2024-01-18
61,Washington,114.38892040199808,102.00918103999612,17.0,34.9,31.9,52.9,12.379739362001956,0.46749101082119293,2024-01-18
74,Michigan,115.8871701620323,104.24022326341654,18.2,29.2,33.9,53.2,11.646946898615766,0.20083760815561869,2024-01-18
67,South Carolina,112.09575414044708,100.4698699009996,16.2,32.6,33.3,51.3,11.625884239447487,0.19708938606296633,2024-01-18
80,Pittsburgh,109.07384437198226,99.2825487704484,14.499999999999998,28.9,29.4,50.6,9.79129560153386,0.0005403169356557047,2024-01-18
76,North Carolina St.,111.33811450912197,100.47589169875576,13.4,35.099999999999994,34.0,51.2,10.862222810366205,-0.09109408567661426,2024-01-18
86,Appalachian St.,106.01251614155268,97.5059514772843,15.5,22.2,31.1,55.5,8.506564664268382,-0.31369555479628763,2024-01-18
84,Boston College,114.98362937409432,105.24004154249096,14.000000000000002,27.800000000000004,36.0,51.9,9.743587831603364,-0.3307114227219481,2024-01-18
78,Syracuse,106.27834334190744,96.37009195124377,17.299999999999997,27.0,30.4,49.5,9.908251390663679,-0.3338666516951556,2024-01-18
82,Stanford,112.59317447964484,102.72201269124824,17.5,24.1,35.4,54.3,9.871161788396606,-0.37494130907807066,2024-01-18
69,Bradley,111.2743533143152,99.78894081366498,18.9,35.9,31.2,54.2,11.485412500650227,-0.39574837460336076,2024-01-18
83,James Madison,110.9817354152271,101.25964803400544,15.0,35.2,28.2,54.7,9.72208738122167,-0.4957266974547818,2024-01-18
70,San Francisco,108.66528968438423,97.48792985924956,18.8,37.5,30.7,57.9,11.177359825134673,-0.5654605066678504,2024-01-18
66,Samford,115.41172861624744,103.38849805564293,19.2,38.9,34.0,54.0,12.023230560604517,-0.6285793580312442,2024-01-18
81,Grand Canyon,111.9931546348796,102.04801583911714,18.1,32.0,31.9,55.5,9.94513879576246,-0.8532653345848997,2024-01-18
77,USC,112.27891994543737,101.54168308930645,18.8,31.1,36.0,50.6,10.73723685613092,-0.8785355177601397,2024-01-18
87,Southern Illinois,112.52413469093683,103.76547675545392,16.5,33.1,27.4,52.9,8.758657935482915,-1.129068659355421,2024-01-18
72,UCF,104.51883916735228,93.95403434848936,18.3,36.6,32.4,49.0,10.564804818862925,-1.1739690604936162,2024-01-18
88,Indiana,109.11784714182434,100.78692165508164,17.4,29.7,33.0,52.9,8.3309254867427,-1.6712854530869532,2024-01-18
99,McNeese St.,112.10865592086004,104.62933009008071,13.8,28.6,33.9,48.7,7.479325830779331,-1.6811112432246083,2024-01-18
79,Florida St.,108.95890811392306,98.86051617495784,16.6,41.4,33.5,49.3,10.098391938965221,-1.7006809172312158,2024-01-18
93,Minnesota,109.660613556911,101.94459837095704,17.9,27.6,33.0,57.9,7.716015185953964,-1.7840307365680828,2024-01-18
100,College of Charleston,111.7977031800057,104.38511512775064,15.8,27.800000000000004,32.9,52.4,7.41258805225506,-1.792021288124414,2024-01-18
98,Yale,110.51995329734264,103.00265031472983,14.8,28.5,35.6,50.1,7.517302982612804,-1.9105951806061905,2024-01-18
90,Northern Iowa,111.29775981402656,102.99015473382102,15.9,32.4,36.4,53.3,8.307605080205548,-1.9459609010746162,2024-01-18
85,UC Irvine,107.4525934262486,98.59634947102244,18.3,35.4,32.2,50.8,8.856243955226162,-2.033991187312041,2024-01-18
102,Charlotte,109.47483012266598,102.40580639865648,15.5,30.4,31.9,52.8,7.069023724009497,-2.1022955283542073,2024-01-18
89,LSU,107.88663389957104,99.67090027118226,18.9,31.9,33.1,53.4,8.215733628388776,-2.192252486682847,2024-01-18
97,Penn St.,110.4174840026124,102.86460484000182,15.3,34.0,33.1,53.0,7.55287916261058,-2.2001437108075472,2024-01-18
106,Arizona St.,104.30270798460478,98.09428536274672,15.2,25.5,32.0,48.6,6.2084226218580625,-2.252712200666582,2024-01-18
92,Western Carolina,108.4844454626159,100.74291658256512,15.2,33.900000000000006,34.7,50.6,7.7415288800507795,-2.258917383169025,2024-01-18
91,Maryland,104.96257599936038,97.1500640390986,17.4,32.300000000000004,33.2,50.2,7.812511960261787,-2.3276177042403106,2024-01-18
107,UC San Diego,111.29987825590108,104.73835235431798,14.8,29.0,34.4,52.2,6.561525901583096,-2.381369200034312,2024-01-18
96,Rutgers,100.40422862388812,93.46422895308136,16.400000000000002,29.2,32.9,43.8,6.939999670806756,-2.57000020080788,2024-01-18
108,Drexel,106.7212363257296,100.44818490232558,18.1,26.9,30.2,51.3,6.273051423404027,-2.6063886317235445,2024-01-18
94,Massachusetts,113.4014408254626,105.49118679324056,15.1,41.8,32.9,52.8,7.910254032222042,-2.667845040344554,2024-01-18
109,St. Thomas,109.18806592243644,102.86458876017564,15.9,31.5,32.6,53.6,6.323477162260801,-2.7591289310209115,2024-01-18
112,Liberty,110.43379078294294,104.41251966649676,14.9,32.7,32.1,55.1,6.021271116446172,-2.8026746189678353,2024-01-18
104,George Mason,108.359275097319,101.44850725952452,17.4,31.6,34.6,51.5,6.910767837794481,-2.885231618945367,2024-01-18
95,Louisiana Tech,107.30613474622623,99.84560627535222,19.0,31.1,34.3,46.7,7.46052847087401,-2.891927632766855,2024-01-18
114,Cornell,114.73491735699469,108.65212860566382,18.4,28.8,34.1,63.5,6.082788751330867,-2.8964988616881717,2024-01-18
105,Arkansas,109.42031381146086,102.5267667371125,16.3,36.0,32.8,51.7,6.893547074348362,-2.9723362846474988,2024-01-18
101,Duquesne,109.0059226874807,101.87276435845736,17.1,35.7,34.7,49.7,7.133158329023345,-3.14452341929576,2024-01-18
110,Georgia Tech,110.23240623657507,103.85843012891952,17.8,34.2,30.7,50.6,6.373976107655551,-3.2379745743301145,2024-01-18
103,VCU,109.75582635998477,102.73834777646876,19.4,36.6,30.7,53.7,7.017478583516009,-3.2456380640552345,2024-01-18
122,Tulane,112.86573614150714,107.96185203458651,14.8,29.6,34.4,58.9,4.9038841069206285,-3.2476306947784175,2024-01-18
117,Hofstra,108.50707810003544,103.00281624719253,16.1,29.5,35.4,55.0,5.504261852842916,-3.2874502697658223,2024-01-18
126,Weber St.,110.91189774001477,106.735831158221,14.8,24.3,34.2,51.3,4.176066581793762,-3.408049385105807,2024-01-18
113,Oklahoma St.,106.31326809087312,100.60567724884716,19.9,28.2,32.3,52.7,5.707590842025965,-3.501269586364161,2024-01-18
121,Akron,108.31272828186997,103.41063976286006,17.7,27.500000000000004,33.0,55.5,4.902088519009908,-3.5295760034039567,2024-01-18
116,Missouri,111.0601447247234,105.25538170190175,15.9,37.1,33.6,53.5,5.804763022821646,-3.682144556078797,2024-01-18
119,UNC Wilmington,112.29814708775388,107.07033750918526,12.5,36.7,36.1,50.4,5.2278095785686105,-3.7184861570731482,2024-01-18
118,High Point,116.99205413383264,111.38648364238612,16.1,35.4,37.1,53.9,5.605570491446514,-3.946302000217627,2024-01-18
132,Murray St.,111.41213728770096,107.76606407790746,13.7,27.800000000000004,35.8,52.1,3.6460732097934994,-3.977795342025966,2024-01-18
111,Loyola Chicago,103.59432211142322,97.70808927169509,19.2,33.4,35.8,52.9,5.886232839728137,-4.034897967765836,2024-01-18
129,Delaware,108.21624180403349,104.54479330719288,15.7,28.3,32.6,53.0,3.671448496840611,-4.062066416927227,2024-01-18
115,Seattle,104.08324502709412,98.6179769754484,19.8,36.9,27.3,51.9,5.465268051645722,-4.06973648849611,2024-01-18
124,Montana,110.35580550934804,105.96470406244585,14.6,33.300000000000004,34.8,53.2,4.391101446902198,-4.0757781173896594,2024-01-18
125,Wright St.,118.24591044686936,113.70528001254058,16.7,31.3,36.9,58.4,4.540630434328776,-4.162365435059447,2024-01-18
139,Vermont,108.49480078516532,105.8851204971502,13.900000000000002,24.9,35.0,53.7,2.6096802880151273,-4.260445024310774,2024-01-18
127,Davidson,106.36008505760545,102.6846101005349,16.900000000000002,28.6,33.1,52.0,3.6754749570705485,-4.359260276186966,2024-01-18
120,California,111.65260727454456,106.51827542885906,17.5,33.5,36.6,49.9,5.134331845685509,-4.371307574131841,2024-01-18
131,Youngstown St.,107.58971759656887,103.9588661490556,15.3,30.8,36.2,49.7,3.6308514475132796,-4.6403806170169,2024-01-18
134,Belmont,109.34349205487824,106.22005168041083,18.1,27.200000000000003,33.2,54.1,3.123440374467407,-4.711701371574882,2024-01-18
128,Santa Clara,107.13440388056104,103.4411248899338,19.3,30.0,31.8,52.0,3.6932789906272347,-4.778499815717387,2024-01-18
143,Missouri St.,104.54251244003584,102.444425904559,17.8,24.6,29.9,52.5,2.0980865354768383,-4.8276672133591285,2024-01-18
136,West Virginia,106.04962295754048,103.18793833781989,17.599999999999998,25.6,33.9,47.1,2.8616846197205916,-4.903772381970438,2024-01-18
135,Oakland,109.416920632203,106.37046285908256,16.900000000000002,29.0,35.2,52.3,3.046457773120437,-4.939360758396535,2024-01-18
130,Western Kentucky,102.34662934595956,98.88493578437726,18.3,34.0,28.7,48.9,3.461693561582294,-4.970766927434801,2024-01-18
144,Wichita St.,106.2540045776795,104.15824714795968,17.8,24.3,32.5,49.6,2.0957574297198107,-5.096037967870917,2024-01-18
133,UNC Greensboro,106.6616863517371,103.6041824429745,16.0,34.599999999999994,32.3,49.3,3.057503908762598,-5.163022615654815,2024-01-18
152,George Washington,107.07979661490688,106.17190780111927,18.8,20.8,31.1,51.8,0.9078888137876078,-5.48338782358956,2024-01-18
123,Eastern Washington,111.3002548097926,106.79998974718112,19.6,39.900000000000006,35.7,53.7,4.50026506261149,-5.523288311806993,2024-01-18
148,UMass Lowell,104.81580832706862,103.51823945867636,19.5,26.200000000000003,27.1,51.3,1.2975688683922613,-5.563182990280722,2024-01-18
162,Lipscomb,108.75470170969132,108.48252276792466,15.9,22.7,32.7,54.2,0.27217894176665425,-5.61762084552234,2024-01-18
140,Notre Dame,98.8197612350844,96.52331028080212,20.5,26.5,32.2,48.3,2.296450954282278,-5.64791491788781,2024-01-18
146,Winthrop,107.10315823673778,105.17918523565264,19.2,30.6,29.0,50.1,1.9239730010851446,-5.730076469338062,2024-01-18
154,Toledo,112.39257951916922,111.58070166768718,15.7,25.1,35.2,51.6,0.8118778514820377,-5.757204510595956,2024-01-18
147,South Dakota St.,109.60129280552042,107.66590889562444,18.5,31.7,36.6,55.7,1.9353839098959753,-6.148365814963456,2024-01-18
142,Louisiana Lafayette,107.84933342039032,105.684547281145,17.1,42.6,27.5,52.3,2.1647861392453223,-6.166380455060354,2024-01-18
155,Penn,108.97788827612897,108.19731836537,19.4,22.7,34.6,49.4,0.7805699107589703,-6.191502354437028,2024-01-18
141,UCLA,101.38145903681124,99.15063304035026,18.2,35.099999999999994,33.3,45.6,2.230825996460979,-6.274646142158803,2024-01-18
145,Morehead St.,105.8696568286669,103.96589348831743,19.5,36.5,30.8,55.1,1.903763340349471,-6.3384543623868215,2024-01-18
164,Furman,108.8849634582865,108.87166953114212,16.900000000000002,27.700000000000003,32.9,55.4,0.013293927144388817,-6.391040704441923,2024-01-18
150,Bryant,100.82285572192454,99.9123752842962,15.7,36.3,30.4,49.3,0.9104804376283369,-6.429256933046715,2024-01-18
156,San Jose St.,111.13110032002928,110.39215232220982,14.8,33.800000000000004,35.8,52.8,0.7389479978194515,-6.475941721330136,2024-01-18
153,Hawaii,102.0668193362207,101.21693772455352,18.8,32.0,32.2,52.7,0.8498816116671861,-6.6269722168830185,2024-01-18
138,UC Davis,104.50772684143526,101.98756949873923,20.0,41.7,31.6,51.8,2.5201573426960238,-6.695654020955427,2024-01-18
165,East Carolina,107.81042246972363,107.87248931354084,16.0,32.0,31.3,49.8,-0.06206684381720606,-6.727860774728496,2024-01-18
137,Troy,105.79461177252388,102.96400905510464,20.3,40.0,34.2,45.8,2.8306027174192394,-6.785732342374266,2024-01-18
151,Longwood,101.74622414672407,100.85230362998584,19.1,33.300000000000004,31.4,49.7,0.893920516738234,-6.79805848478968,2024-01-18
158,South Florida,105.94657064250896,105.37154893213844,14.9,37.4,33.2,49.3,0.5750217103705211,-6.8263367566739825,2024-01-18
160,Tulsa,102.031011302101,101.72226973539514,19.0,32.7,28.9,51.0,0.30874156670586217,-6.843117644309424,2024-01-18
167,Loyola Marymount,106.28363322565096,106.55572201846036,17.299999999999997,30.0,30.8,48.7,-0.2720887928093987,-6.880374163613732,2024-01-18
171,Denver,113.5534661193279,114.50162436341536,13.5,29.2,36.2,49.4,-0.9481582440874661,-6.990576528893354,2024-01-18
177,Bowling Green,104.35291083835054,105.73621233538006,15.6,27.500000000000004,34.1,52.7,-1.383301497029521,-7.182863913188008,2024-01-18
159,UNC Asheville,108.4792676757119,107.92111245413854,18.5,36.9,30.2,47.8,0.5581552215733581,-7.199675314840252,2024-01-18
169,Illinois Chicago,100.98283143357004,101.44912192828204,18.4,33.1,28.3,50.5,-0.46629049471199835,-7.21948720177432,2024-01-18
166,Rhode Island,108.6451320459978,108.74773740380247,19.9,28.000000000000004,35.1,52.4,-0.10260535780467706,-7.259789268260854,2024-01-18
168,Georgetown,109.27231001446629,109.76924209279784,19.2,28.8,32.1,47.9,-0.49693207833155384,-7.352528567782249,2024-01-18
172,Cal Baptist,102.2969835384639,103.1585341559678,17.4,30.3,31.8,47.2,-0.8615506175038945,-7.409795876677375,2024-01-18
157,Oregon St.,105.62912570255598,104.97546953039875,19.8,36.8,33.0,50.2,0.6536561721572269,-7.502469734984091,2024-01-18
163,Jacksonville St.,100.17990120599814,100.01453524717634,20.4,34.9,31.0,49.2,0.16536595882179483,-7.593476765118704,2024-01-18
161,Kent St.,107.41628307912733,107.12556970869,18.7,33.800000000000004,36.9,49.1,0.2907133704373308,-7.603564844033229,2024-01-18
181,Fairfield,105.76448753994252,107.54547256995818,17.2,27.0,32.9,50.8,-1.780985030015657,-7.608500868309551,2024-01-18
187,Quinnipiac,102.12140551939352,104.23593401176586,17.4,25.8,32.9,47.9,-2.1145284923723437,-7.820362380347131,2024-01-18
184,Chattanooga,105.89348666355524,107.88145430531712,17.2,28.6,34.2,55.5,-1.987967641761884,-7.847360261474749,2024-01-18
175,Radford,108.3812776795576,109.75179821619312,16.400000000000002,34.8,31.5,49.0,-1.3705205366355244,-7.89501752734767,2024-01-18
174,Monmouth,103.34074486698454,104.49892458113844,17.599999999999998,32.4,32.3,45.5,-1.1581797141539028,-7.91168962563388,2024-01-18
170,Arkansas St.,110.42926014658838,111.01091113879416,17.4,38.8,32.8,50.9,-0.5816509922057804,-8.002807105245525,2024-01-18
179,UAB,109.26895977640784,110.84368478161456,16.5,31.6,35.2,48.8,-1.5747250052067159,-8.039182253176097,2024-01-18
180,Ohio,109.4727568295819,111.19395711053237,14.000000000000002,38.1,34.2,51.9,-1.7212002809504696,-8.143282171379786,2024-01-18
203,Harvard,104.1845960733487,107.66787431389308,16.7,25.4,31.4,50.2,-3.4832782405443794,-8.311299726732072,2024-01-18
178,Saint Louis,111.50844732997516,113.0068046986154,17.2,34.7,33.6,47.0,-1.4983573686402423,-8.326047994870548,2024-01-18
176,Towson,102.80304576578156,104.13135510914483,20.7,31.2,32.2,44.3,-1.3283093433632729,-8.452068699451596,2024-01-18
185,Northeastern,109.36675717342068,111.56600327459068,20.4,26.3,36.8,55.1,-2.1992461011700044,-8.518790121713701,2024-01-18
217,New Hampshire,103.90435138194351,107.85745010573856,15.7,28.4,28.6,46.2,-3.9530987237950512,-8.606390221514982,2024-01-18
209,Fort Wayne,104.83201412843292,108.51148328465014,14.099999999999998,32.800000000000004,31.4,52.6,-3.6794691562172233,-8.614076185292507,2024-01-18
195,Georgia St.,106.47576076020424,109.377154586943,14.2,38.7,29.4,49.8,-2.9013938267387687,-8.631900234310649,2024-01-18
193,Canisius,105.12928489083195,107.8559588128744,18.0,31.8,30.2,48.1,-2.726673922042451,-8.633571092445896,2024-01-18
182,Eastern Kentucky,105.86263452760208,107.72301671336514,17.0,30.3,40.2,46.2,-1.8603821857630578,-8.653883133315468,2024-01-18
173,Cal St. Northridge,103.31478144170867,104.4517687985764,19.7,41.1,30.6,51.4,-1.1369873568677207,-8.75201228768931,2024-01-18
205,Stony Brook,104.71084555672672,108.31549790226742,16.6,24.4,36.9,47.5,-3.6046523455407,-8.796037930779825,2024-01-18
183,Marist,99.70382046315189,101.51724669794112,18.2,40.8,30.9,51.8,-1.8134262347892331,-8.896590003221432,2024-01-18
186,Merrimack,97.41992251357584,99.42172014090956,19.9,34.599999999999994,33.3,52.1,-2.0017976273337155,-8.900396552673564,2024-01-18
213,Colgate,103.05648485264362,106.85083215713344,17.9,26.5,32.7,49.1,-3.7943473044898184,-8.942501855738788,2024-01-18
191,Cleveland St.,106.90282270591418,109.52875408589694,15.5,38.8,31.8,45.8,-2.6259313799827595,-9.003618141789483,2024-01-18
218,Evansville,102.68533542545958,106.60925760508786,16.5,26.5,36.0,50.2,-3.9239221796282777,-9.017342529573249,2024-01-18
206,Marshall,101.69589431022136,105.2284184467201,16.900000000000002,29.8,33.9,47.8,-3.5325241364987363,-9.05833972326423,2024-01-18
216,Temple,102.35280385262703,106.24192338533072,14.9,29.8,34.4,43.8,-3.8891195327036883,-9.099862914949249,2024-01-18
232,The Citadel,104.374146297216,109.47927057869492,17.9,19.6,33.5,49.3,-5.105124281478922,-9.154925811702144,2024-01-18
202,Northern Colorado,110.51568376986876,114.01633984044608,16.2,30.5,39.5,55.9,-3.500656070577321,-9.191750203052166,2024-01-18
214,La Salle,107.33689840012175,111.30870222546316,14.2,31.5,36.3,48.3,-3.9718038253414107,-9.20865033345826,2024-01-18
192,Sam Houston St.,103.43143868275772,106.03242092943462,18.2,36.6,33.0,44.4,-2.6009822466769066,-9.374299170472913,2024-01-18
211,Stetson,110.69422404771214,114.71861131601864,17.599999999999998,30.3,33.4,50.5,-4.024387268306498,-9.401726233666963,2024-01-18
220,Northern Kentucky,104.96502210517389,109.12569695027972,17.7,30.0,33.3,52.1,-4.160674845105831,-9.417611655514555,2024-01-18
208,Louisville,106.13523834489789,109.8476247385893,17.7,31.6,33.5,48.5,-3.7123863936914177,-9.417755700151764,2024-01-18
149,Stephen F. Austin,101.2768988315076,100.29563548237653,23.4,51.7,34.8,50.8,0.9812633491310692,-9.426579357030048,2024-01-18
219,UC Santa Barbara,104.2512996834564,108.27457967136333,20.5,28.000000000000004,31.8,53.8,-4.023279987906932,-9.44620079262323,2024-01-18
194,Tarleton St.,103.51794709859752,106.27493875128016,18.6,35.7,34.2,46.6,-2.7569916526826432,-9.482514908136414,2024-01-18
207,Wyoming,104.46908635688013,108.11827753152562,21.6,26.6,32.1,47.1,-3.6491911746454946,-9.496906616533751,2024-01-18
215,Vanderbilt,102.09815569776424,105.94573189671956,16.3,30.7,37.5,48.2,-3.8475761989553234,-9.509871481362747,2024-01-18
201,Wofford,110.30327339501962,113.78191408750976,16.0,35.9,37.0,53.1,-3.4786406924901456,-9.533620822418989,2024-01-18
228,Oral Roberts,107.3460183860938,112.30539227506748,13.7,30.6,35.0,48.3,-4.959373888973673,-9.538918072273942,2024-01-18
198,Long Beach St.,106.15979173479352,109.29073708823672,18.7,35.6,34.7,51.8,-3.1309453534432095,-9.602076665600357,2024-01-18
190,Iona,103.67618998478984,106.19305782481084,16.0,43.3,35.2,48.2,-2.5168678400209927,-9.641839382412806,2024-01-18
231,Columbia,106.71617298810996,111.75582364400736,17.1,27.6,32.6,47.6,-5.039650655897404,-9.707586900097418,2024-01-18
225,South Alabama,104.26968142316986,109.05074872031096,15.6,33.900000000000006,32.1,51.1,-4.781067297141107,-9.741901051256075,2024-01-18
200,Kennesaw St.,104.72330129573078,108.01682394198276,16.3,42.4,33.0,52.9,-3.2935226462519864,-9.764848814213712,2024-01-18
233,Central Connecticut,101.97783354795676,107.00449433926548,17.0,29.3,34.2,50.6,-5.026660791308714,-9.879813082698316,2024-01-18
199,Southern,100.33397883311775,103.4094431919418,18.0,42.8,31.2,49.4,-3.07546435882405,-9.915833258882671,2024-01-18
204,Gardner Webb,101.5578927898905,105.03392480712763,14.499999999999998,43.2,33.8,46.1,-3.476032017237131,-9.91657953051465,2024-01-18
230,Rice,104.83141148346522,109.74094247976603,18.4,27.6,37.0,52.0,-4.909530996300816,-10.066613907743497,2024-01-18
188,Fordham,102.20641364189628,104.35804115972849,19.0,44.5,35.6,47.7,-2.1516275178322104,-10.08224278587765,2024-01-18
226,Fresno St.,103.76570310302426,108.55091780506751,20.4,25.7,37.5,54.3,-4.785214702043248,-10.12013096824638,2024-01-18
235,Miami OH,104.68435379186826,109.89762653579402,17.7,34.0,29.3,51.7,-5.2132727439257565,-10.125696373794712,2024-01-18
227,Albany,103.57967979045296,108.3646141110694,19.3,36.2,27.6,50.4,-4.784934320616443,-10.24190993557603,2024-01-18
210,Mount St. Mary's,103.97213845383988,107.72502940988684,21.0,37.2,32.1,53.9,-3.7528909560469685,-10.246463483188652,2024-01-18
212,Pepperdine,105.54472072477309,109.42777237808804,17.4,36.5,38.2,49.0,-3.8830516533149506,-10.290611508522119,2024-01-18
224,Green Bay,103.7866824131383,108.2629409634679,20.9,33.900000000000006,31.5,54.1,-4.476258550329604,-10.30836771570106,2024-01-18
221,East Tennessee St.,102.95093541816864,107.23832642646752,17.1,37.9,33.8,46.8,-4.287391008298883,-10.331758515062319,2024-01-18
196,Norfolk St.,105.13961585304044,108.10450901628968,18.4,45.3,32.7,46.4,-2.9648931632492435,-10.359334829582039,2024-01-18
189,UT Arlington,106.66375470746767,109.1786706558052,22.5,38.0,38.3,50.9,-2.5149159483375314,-10.404098728485895,2024-01-18
222,Air Force,102.22610194469846,106.48369627351768,19.4,35.5,35.5,52.5,-4.2575943288192235,-10.440582540579728,2024-01-18
243,Maine,98.8130663396542,104.55013876199962,16.400000000000002,33.800000000000004,32.8,52.0,-5.73707242234542,-10.479114177630708,2024-01-18
238,Portland St.,100.45435284358312,105.95270597369615,16.6,30.3,36.8,44.8,-5.498353130113031,-10.57584540936895,2024-01-18
197,Saint Peter's,98.28468053551592,101.0705454135122,20.8,46.3,30.9,43.7,-2.785864877996289,-10.683827575577736,2024-01-18
239,Western Illinois,99.91852926435698,105.40097974618924,21.8,28.4,30.4,45.7,-5.4824504818322595,-10.723094793917678,2024-01-18
237,North Dakota St.,109.6101016773647,115.2776963073254,15.8,33.0,39.1,50.7,-5.667594629960703,-10.804132724276029,2024-01-18
234,Cal St. Fullerton,99.76022319026733,104.70636822192212,19.1,35.0,33.5,45.8,-4.946145031654794,-10.804448469309424,2024-01-18
236,Utah Valley,98.39518199522834,103.32294308311862,18.1,37.7,34.2,49.2,-4.927761087890275,-10.83168426361307,2024-01-18
248,Nebraska Omaha,103.02946725980948,109.57328728429631,15.7,33.2,32.4,49.6,-6.543820024486834,-10.83753021493697,2024-01-18
251,Tennessee Martin,104.63153118663708,111.6437879429385,15.8,28.4,33.6,47.0,-7.012256756301426,-10.86527662134387,2024-01-18
244,Montana St.,99.9724077955664,105.81571677730764,17.599999999999998,40.0,30.0,53.9,-5.843308981741245,-11.04421847886216,2024-01-18
229,Abilene Christian,102.32740646457064,107.0733396175346,17.5,43.1,33.5,45.3,-4.745933152963957,-11.185869223308014,2024-01-18
247,Austin Peay,101.0150003394618,107.40024733315197,14.9,39.1,31.1,44.9,-6.38524699369016,-11.195050666150998,2024-01-18
223,Jackson St.,103.33148852547976,107.7600989178828,20.200000000000003,39.3,35.5,45.9,-4.428610392403044,-11.232602339365856,2024-01-18
245,Northern Illinois,106.47951766276051,112.86870682390602,18.0,32.2,36.3,49.6,-6.389189161145509,-11.348105388298762,2024-01-18
258,Illinois St.,97.27446391193396,104.32312186822332,17.7,29.3,35.8,49.7,-7.048657956289361,-11.38583135333651,2024-01-18
241,San Diego,101.4004690403108,107.08637080822726,20.3,36.3,32.2,47.7,-5.685901767916462,-11.417850078429044,2024-01-18
253,American,108.72203601342042,116.13599462133628,17.4,30.9,36.6,54.4,-7.413958607915859,-11.630864750828676,2024-01-18
255,SIU Edwardsville,104.13475249689694,111.3704121124635,15.6,34.4,34.6,45.8,-7.235659615566561,-11.644952365495602,2024-01-18
262,Southern Utah,108.42270608070427,116.6092853520462,15.6,31.5,33.3,50.4,-8.186579271341927,-11.711863355518574,2024-01-18
249,Nicholls St.,102.88936177993872,109.587561842029,18.5,37.7,31.3,46.1,-6.6982000620902795,-11.839852037875069,2024-01-18
246,Mercer,101.01240856939268,107.34023365428747,17.2,40.8,34.8,47.0,-6.327825084894798,-11.938373301785827,2024-01-18
252,Milwaukee,109.7801561941135,117.23695731692226,17.8,33.5,37.2,51.5,-7.456801122808756,-12.102298684913343,2024-01-18
256,North Florida,104.9988202998492,112.4850184072686,16.400000000000002,37.2,35.2,49.1,-7.486198107419398,-12.142980845525834,2024-01-18
250,Texas St.,98.78028125877536,105.29406367934672,20.5,39.8,30.5,46.6,-6.51378242057136,-12.180707276548528,2024-01-18
264,Southern Miss,100.41586211634146,108.19001487774467,17.1,33.300000000000004,36.7,45.5,-7.774152761403215,-12.299583184455962,2024-01-18
281,Middle Tennessee,93.27586201460014,101.91450015139816,20.9,27.0,31.8,47.0,-8.638638136798022,-12.439269263446793,2024-01-18
275,North Carolina Central,98.72546574137698,107.3478811983458,17.0,37.7,28.6,48.7,-8.622415456968824,-12.467623428750983,2024-01-18
265,Ball St.,104.5208255544127,112.97629247058924,19.3,29.8,35.8,50.6,-8.455466916176547,-12.532534818867695,2024-01-18
257,Little Rock,107.40806077447591,115.08580317586154,16.5,42.7,34.9,51.1,-7.677742401385629,-12.706872864845234,2024-01-18
254,Utah Tech,100.49634660643709,107.37742852714258,21.3,40.0,33.0,47.5,-6.881081920705498,-12.730859971630354,2024-01-18
276,Niagara,107.91909509287498,117.3731473568282,16.1,31.5,35.1,49.7,-9.454052263953216,-12.734021881011461,2024-01-18
277,Sacred Heart,100.94399763815088,109.8328958262863,17.2,33.2,35.2,49.6,-8.888898188135428,-12.744027894762613,2024-01-18
272,Brown,99.81445142822642,108.29127614944544,19.3,33.1,33.9,47.4,-8.476824721219018,-12.798113079943601,2024-01-18
274,Elon,106.4371542267815,115.67024898982098,17.299999999999997,33.2,33.3,48.1,-9.233094763039475,-12.863787805454079,2024-01-18
286,Queens,101.8032190067311,111.84377813181575,17.5,28.4,32.7,48.5,-10.040559125084656,-12.88114106630164,2024-01-18
240,UTEP,96.63511993735924,101.98945635687664,22.8,50.1,32.6,50.0,-5.354336419517409,-12.88889521590562,2024-01-18
270,UC Riverside,102.75328597126622,111.4183611433649,14.6,37.6,37.4,44.8,-8.665075172098682,-12.902095854980198,2024-01-18
278,Old Dominion,100.3406931737122,109.2211750328151,14.9,37.4,37.1,48.5,-8.8804818591029,-12.930193934052769,2024-01-18
261,Howard,107.60031425293258,115.51340291227125,20.8,35.7,35.4,50.9,-7.913088659338669,-12.964334082196588,2024-01-18
284,Valparaiso,98.65623697817485,108.03388871421282,17.599999999999998,30.9,34.4,45.1,-9.377651736037976,-12.965317558983164,2024-01-18
268,Idaho,101.79728714495468,110.32642441875063,16.3,38.0,37.3,47.9,-8.529137273795953,-13.041173737015532,2024-01-18
259,FIU,101.42450486773592,108.86489537086106,20.200000000000003,39.0,37.5,51.2,-7.440390503125144,-13.04273820690634,2024-01-18
279,Idaho St.,103.75401416707292,112.97665898098734,19.8,32.7,33.6,54.2,-9.222644813914414,-13.071663336487795,2024-01-18
267,UTSA,106.88799785688089,115.78382281680932,16.1,37.4,36.0,47.7,-8.895824959928433,-13.077153225556344,2024-01-18
273,Chicago St.,99.37675449624504,107.93135305596894,20.200000000000003,36.0,32.3,46.2,-8.5545985597239,-13.17590512143158,2024-01-18
271,North Alabama,104.00429527724548,112.7957612259366,16.1,39.7,36.0,46.8,-8.791465948691126,-13.255544228701588,2024-01-18
289,Coastal Carolina,102.14952077724178,112.64534057315294,19.2,28.5,32.3,51.3,-10.49581979591116,-13.337800075505807,2024-01-18
282,Alabama St.,94.165888918758,102.97602828044444,16.2,42.5,32.2,39.6,-8.810139361686439,-13.457535010628726,2024-01-18
283,Binghamton,102.66500093623507,112.37140817641912,18.2,33.4,36.2,49.7,-9.706407240184049,-13.50640841651227,2024-01-18
280,Texas Southern,95.74511186223006,104.58554545076024,16.900000000000002,41.0,34.0,42.1,-8.840433588530175,-13.522364489003408,2024-01-18
291,Portland,102.01767443584478,112.57907467327786,19.2,27.800000000000004,35.5,52.4,-10.561400237433077,-13.535354144834177,2024-01-18
263,Lamar,105.46981596641828,113.6141681425554,18.8,43.3,36.2,48.2,-8.144352176137119,-13.625004827443645,2024-01-18
301,Bellarmine,100.68022052955732,111.94674474257384,16.2,28.8,34.1,45.9,-11.266524213016524,-13.63797976994008,2024-01-18
300,Lafayette,93.4344512718916,103.84996020855544,18.9,29.7,34.7,47.2,-10.41550893666384,-13.665610451364941,2024-01-18
260,Texas A&M Corpus Chris,100.06953356227709,107.4174124336795,18.1,54.50000000000001,31.9,46.0,-7.347878871402415,-13.790756111555474,2024-01-18
295,Boston University,95.6911295878459,105.74501076342244,18.2,35.5,33.0,45.0,-10.05388117557655,-13.799717517101696,2024-01-18
299,North Dakota,101.12624822421137,112.12512077234211,16.8,32.1,35.4,49.8,-10.998872548130748,-13.871062254359757,2024-01-18
242,New Mexico St.,101.07634269383776,106.9151706686698,21.0,57.2,36.1,48.3,-5.838827974832043,-13.876885064647547,2024-01-18
266,UMKC,102.21325427281654,110.71952708290334,19.2,43.6,35.4,47.5,-8.506272810086799,-13.898026414152948,2024-01-18
285,New Orleans,101.47117911052229,111.22827636205696,18.7,37.7,32.9,44.3,-9.757097251534674,-13.92137932343615,2024-01-18
287,Bucknell,101.54666349661268,111.89146548921047,20.1,31.2,35.6,50.2,-10.344801992597795,-13.946329215484655,2024-01-18
311,Wagner,96.04531801524112,108.1975794196854,15.5,29.8,30.1,40.2,-12.152261404444275,-14.005179456711009,2024-01-18
269,Tennessee St.,101.3240248003452,109.86352546857304,19.8,46.5,33.8,49.4,-8.539500668227845,-14.105245407618987,2024-01-18
293,Lehigh,98.12528107393946,108.37779331198,17.9,35.7,37.7,50.2,-10.252512238040538,-14.109182465204727,2024-01-18
292,DePaul,100.89995796646728,111.43796442888792,19.8,31.8,36.5,48.2,-10.53800646242064,-14.20188394207659,2024-01-18
294,Florida Gulf Coast,102.12384435291987,112.79844479556698,18.7,31.9,37.4,47.3,-10.674600442647105,-14.208756270014735,2024-01-18
302,Central Michigan,98.9941006570274,110.2826812152012,19.0,31.3,33.1,48.1,-11.288580558173791,-14.209584140486013,2024-01-18
312,Campbell,96.13214002583464,108.71359549880734,19.1,25.7,30.3,49.0,-12.581455472972692,-14.240437838513342,2024-01-18
305,Navy,97.04602525015513,108.61222119921612,15.8,39.0,28.8,45.3,-11.566195949060997,-14.301279528927209,2024-01-18
298,Western Michigan,102.6045594323188,113.63016501211766,19.7,31.1,35.9,50.0,-11.025605579798864,-14.315069403677306,2024-01-18
290,Rider,100.90358832310211,111.29321875735248,18.4,40.6,33.9,44.0,-10.389630434250364,-14.616974564892722,2024-01-18
310,Eastern Michigan,100.15316930148737,112.57426351937865,17.4,33.2,34.6,50.3,-12.42109421789128,-14.86326747291368,2024-01-18
297,Robert Morris,102.2937918737243,113.24746834900176,21.0,37.1,34.1,51.2,-10.953676475277462,-14.870592649919255,2024-01-18
303,Southeastern Louisiana,99.64926368065926,111.05560782115064,20.9,32.0,35.5,45.0,-11.406344140491385,-14.951069925699743,2024-01-18
296,Cal St. Bakersfield,100.59802575728172,111.34930669318784,17.5,42.8,36.1,45.9,-10.751280935906124,-15.011081370902735,2024-01-18
288,USC Upstate,103.1548455071952,113.72697871513076,16.7,47.0,35.6,46.7,-10.57213320793555,-15.096101256840686,2024-01-18
322,Dartmouth,92.05817744702571,105.41565021082164,19.0,25.8,36.0,49.0,-13.357472763795926,-15.162358385915512,2024-01-18
321,Tennessee Tech,98.23839752656936,112.42693313859688,17.5,25.7,34.2,50.0,-14.188535612027522,-15.233956723336789,2024-01-18
306,Texas A&M Commerce,96.87586676187394,108.57522391268918,18.4,40.6,34.3,49.0,-11.699357150815246,-15.2979078619973,2024-01-18
304,Delaware St.,94.63904645872364,105.801533114937,21.8,36.5,38.3,45.4,-11.16248665621336,-15.586266860290147,2024-01-18
307,UT Rio Grande Valley,98.77294531084344,110.82512598677032,20.5,40.400000000000006,32.0,47.2,-12.052180675926877,-15.717230212315393,2024-01-18
318,South Dakota,101.08634887436216,115.08459810458088,19.8,26.4,36.5,48.4,-13.998249230218718,-15.801732030433419,2024-01-18
308,Grambling St.,95.59301421627332,107.27476766986814,21.5,35.3,40.5,46.8,-11.681753453594823,-15.874419606692843,2024-01-18
317,William & Mary,103.42327203915468,117.51317211802449,16.1,35.3,37.2,52.2,-14.089900078869803,-16.01018904811058,2024-01-18
309,Sacramento St.,98.4797395215004,110.64603922666149,24.8,34.2,35.8,51.4,-12.16629970516108,-16.10754282014826,2024-01-18
313,Eastern Illinois,97.2661546886934,110.32479715537772,17.7,38.5,36.9,42.3,-13.058642466684319,-16.222121904677437,2024-01-18
316,Charleston Southern,100.69410098159564,114.4019383332142,18.9,35.3,35.1,44.5,-13.707837351618565,-16.310530784487323,2024-01-18
314,Alcorn St.,102.8255969613873,116.66422662335744,17.4,38.6,38.2,44.2,-13.838629661970131,-16.70386409380178,2024-01-18
327,North Carolina A&T,103.3068965437352,119.78812563621968,13.6,29.8,38.0,47.0,-16.48122909248447,-16.754649746415524,2024-01-18
332,Army,92.85343292806394,107.95745553102672,19.6,33.800000000000004,33.2,45.0,-15.104022602962786,-16.972553787807296,2024-01-18
324,Presbyterian,99.71377793445964,114.20707143863336,17.8,42.7,34.6,52.4,-14.493293504173721,-17.01975903754597,2024-01-18
337,Le Moyne,98.28934887658588,114.79199299265188,17.9,27.9,34.3,46.2,-16.50264411606601,-17.040462910800265,2024-01-18
328,UMBC,103.30021316702948,119.81540971895114,18.5,29.9,32.7,50.7,-16.51519655192166,-17.072919896672214,2024-01-18
315,Jacksonville,99.87915665609802,113.43154449002736,20.9,42.6,36.4,49.6,-13.552387833929345,-17.1852565786969,2024-01-18
320,NJIT,98.00691762709891,112.07882718636398,18.2,42.7,37.3,44.9,-14.071909559265066,-17.27091483115169,2024-01-18
340,Manhattan,93.04113089942716,109.7509037174494,19.8,26.9,33.8,45.8,-16.709772818022245,-17.36451141899357,2024-01-18
323,Georgia Southern,101.76676699319806,116.54434030925282,19.7,40.0,36.8,47.4,-14.777573316054756,-17.5859197227934,2024-01-18
325,Louisiana Monroe,95.16275731258702,109.5622039710344,20.0,42.9,34.8,44.1,-14.399446658447388,-17.615812461652908,2024-01-18
335,Fairleigh Dickinson,99.47189514932074,116.04657776038516,18.0,33.300000000000004,35.8,47.3,-16.574682611064418,-17.693106392749296,2024-01-18
333,Northern Arizona,96.44851272822824,112.17151827757117,19.5,39.0,33.3,49.1,-15.723005549342929,-17.70453338509919,2024-01-18
326,Southern Indiana,91.06787456600172,105.50983283886104,21.2,45.4,33.2,43.9,-14.441958272859324,-17.955094546444187,2024-01-18
343,Buffalo,95.9853127480476,113.79216927683666,21.5,27.1,34.2,52.2,-17.806856528789055,-18.178032482561324,2024-01-18
334,Central Arkansas,99.42093550081565,115.7789531343217,19.1,35.2,38.0,44.1,-16.35801763350605,-18.19539075643869,2024-01-18
329,Incarnate Word,99.65910241991682,115.7578630843984,21.0,39.2,33.7,47.3,-16.098760664481574,-18.29044400533376,2024-01-18
336,Cal Poly,94.4724502191918,110.29446352756251,18.3,43.3,36.2,44.6,-15.822013308370714,-18.332378118106135,2024-01-18
319,Bethune Cookman,97.20641648000884,111.05699576567972,21.4,50.7,37.8,47.2,-13.850579285670875,-18.392503364259234,2024-01-18
342,Loyola MD,94.2729464520506,111.51917183841957,21.5,31.1,35.4,48.1,-17.246225386368963,-18.429047485685068,2024-01-18
330,Prairie View A&M,93.87188491906308,109.04582242123676,18.2,50.1,33.7,41.6,-15.173937502173686,-18.446051876325946,2024-01-18
341,Arkansas Pine Bluff,100.51184013556332,118.7884471110126,17.299999999999997,33.800000000000004,36.3,45.1,-18.276606975449283,-18.766430255024062,2024-01-18
339,Lindenwood,93.61751780080584,110.30548376375772,19.2,46.0,33.0,44.0,-16.68796596295188,-19.026259237400645,2024-01-18
347,Houston Christian,92.03389939047034,110.91779883971309,23.0,29.0,31.1,47.1,-18.883899449242747,-19.169678664038077,2024-01-18
338,Florida A&M,95.48672728035837,111.68087600034642,21.1,42.7,38.2,42.2,-16.19414871998805,-19.205680719192713,2024-01-18
344,Hampton,95.87240390620364,114.2611602161108,20.0,36.3,35.1,48.2,-18.38875630990715,-19.33319134904336,2024-01-18
331,South Carolina St.,99.20655655234894,115.30483469818247,20.1,50.6,36.9,42.9,-16.098278145833532,-19.592849668958458,2024-01-18
348,Siena,92.0333933384955,110.94706937394427,23.6,28.7,36.6,47.2,-18.913676035448773,-19.697592381623753,2024-01-18
349,Holy Cross,99.69125671300748,120.42468275611708,18.0,29.6,37.9,48.8,-20.733426043109603,-20.00698988629686,2024-01-18
345,Northwestern St.,96.44992536526114,115.54033236152456,20.4,38.5,34.1,46.3,-19.090406996263425,-20.01109826772069,2024-01-18
350,LIU Brooklyn,92.2971744379366,111.82528364726387,20.6,39.5,30.9,45.8,-19.52810920932727,-20.164196617689637,2024-01-18
353,Maryland Eastern Shore,90.46807872996172,110.19911831609916,19.1,35.8,34.6,38.1,-19.73103958613744,-20.21703414754384,2024-01-18
351,Pacific,95.73198829190292,116.2949380865515,18.1,36.0,34.6,48.9,-20.562949794648574,-20.251199374735634,2024-01-18
346,Morgan St.,96.3346953885832,115.7554520298053,20.6,39.1,34.7,45.7,-19.4207566412221,-20.36831155114548,2024-01-18
356,Stonehill,91.53645135888954,112.95647326166625,19.5,30.9,35.2,45.5,-21.42002190277671,-20.682363360693795,2024-01-18
354,IUPUI,95.9681805070936,117.11016281514352,21.3,33.6,36.4,49.8,-21.14198230804992,-21.03460920791045,2024-01-18
355,St. Francis PA,93.46109698827712,114.94884410158907,22.4,33.5,34.9,45.2,-21.487747113311954,-21.438975739120288,2024-01-18
358,Detroit,91.6371849762563,114.2738983492665,20.1,33.4,37.7,47.3,-22.63671337301021,-21.90509515753623,2024-01-18
352,Alabama A&M,95.82882687746482,116.43692460045868,22.8,46.6,38.4,46.1,-20.60809772299386,-22.447439611026255,2024-01-18
360,Coppin St.,82.63778462459906,105.8306050752462,23.7,33.1,33.2,42.1,-23.192820450647133,-22.617070474894753,2024-01-18
359,VMI,89.2736028157504,113.1183584584754,23.200000000000003,31.2,35.4,47.1,-23.844755642725005,-22.779100942062254,2024-01-18
357,Southeast Missouri St.,93.2554601026164,116.06303425083571,19.0,48.7,36.3,45.5,-22.807574148219317,-23.197070230413786,2024-01-18
361,Mississippi Valley St.,88.04561174209515,118.5615350842702,26.1,37.8,37.5,40.7,-30.515923342175057,-28.312813238726783,2024-01-18
