,Team,Adj OE,Adj DE,Barthag,Record,Wins,Games,eFG,eFG D.,FT Rate,FT Rate D,TOV%,TOV% D,O Reb%,Op OReb%,Raw T,2P %,2P % D.,3P %,3P % D.,Blk %,Blked %,Ast %,Op Ast %,3P Rate,3P Rate D,Adj. T,Avg Hgt.,Eff. Hgt.,Exp.,Year,PAKE,PASE,Talent,,FT%,Op. FT%,PPP Off.,PPP Def.,Elite SOS,Team
1,Duke,137.6,92.9,0.989,10–1,10,11,61,45.7,30.6,25.9,12,17.7,36.3,29,66.7,58.3,45.9,43.2,30.3,9.7,10.2,56.2,44.7,41.7,37.5,66.3,79.783,82.241,0.962,"2,025",0,0,80.841,,82,74.7,1.344,0.969,30.695,Duke
2,Auburn,132.1,97.7,0.97,8–3,8,11,55.8,49.1,39.4,44.2,12.3,16.9,31.7,32.8,70.7,55.4,52.2,37.6,29.1,14,8.9,54.1,46.7,40,36.4,68.3,78.414,81.041,2.562,"2,025",0,0,34.543,,75.3,75,1.217,1.087,53.2,Auburn
3,Alabama,132,98,0.969,6–4,6,10,59,50.4,36.7,36.9,16.9,12.4,31.9,28.7,76.4,59.1,51.2,39.2,32.7,7.9,13,51.4,47,43.4,36.5,75.7,78.083,82.601,1.834,"2,025",0,0,57.994,,74.9,69.3,1.204,1.111,59.083,Alabama
4,Houston,125.2,93.5,0.966,10–1,10,11,52.3,49.3,28.8,37.8,15.7,20.1,34.6,30.3,61.3,48.5,47.2,40.3,34.6,11.8,8.3,43.5,56.6,31.8,44.3,61.3,76.865,79.614,2.28,"2,025",0,0,75.75,,75.8,75.4,1.144,1.021,46.567,Houston
5,Florida,127.3,95.2,0.966,9–2,9,11,55.4,48.4,32.3,35.8,14.3,15.6,32.5,28.1,70.4,55.6,47.9,36.8,32.9,11.3,10.1,56.7,46.3,48,35.5,69.7,77.883,81.705,1.887,"2,025",0,0,28.9,,70.1,70.8,1.181,1.041,50.324,Florida
6,Texas Tech,128.1,97.2,0.96,8–3,8,11,54,48.9,29.3,35.3,13.3,15.6,30.1,27.7,65.9,51.6,49.8,37.5,31.3,8.2,9.6,59.1,43,50.4,30.4,66.7,76.402,79.854,1.985,"2,025",0,0,36.83,,78.8,71.3,1.181,1.035,47.614,Texas Tech
7,BYU,128.2,98.4,0.955,9–2,9,11,58,50.1,31.5,28.1,17.8,15.6,28.8,28.8,69.4,60.5,49.7,37,33.8,7.6,7.8,60.3,51.9,49.2,41.8,68.7,78.183,80.621,1.873,"2,025",0,0,36.432,,69.4,75.4,1.155,1.058,46.29,BYU
8,Clemson,120.6,92.6,0.954,9–1,9,10,53.8,47.7,26.1,24.6,15,19.6,34.4,31.5,63.6,54.3,47,35.3,32.7,12,9.4,53.3,43.2,36.3,36.6,64.3,77.867,81.69,2.503,"2,025",0,0,51.7,,74.5,62.7,1.158,0.97,28.763,Clemson
9,Tennessee,121,93.4,0.952,8–2,8,10,54.7,46.9,35.8,32.5,15.3,13.8,28.1,27.6,65.3,53.8,48.5,37.4,30,16.4,7.6,63.3,50,40,46.7,63.8,77.145,81.334,2.649,"2,025",0,0,51.77,,69.4,74.7,1.128,1.034,50.495,Tennessee
10,Missouri,134.3,104.1,0.949,5–6,5,11,57.5,54,39.8,43.2,14,17.9,34.4,34.1,69.8,58.4,55.5,37.5,34.2,6,11.6,48.2,48.2,42.7,37,68.8,78.297,81.606,2.183,"2,025",0,0,66.502,,74.2,76.2,1.234,1.146,50.062,Missouri
11,Gonzaga,122.9,95.8,0.946,7–2,7,9,55.8,45.8,29.6,29.3,13.2,17.7,31,27.9,68.9,59.8,45.1,31.4,31.3,7.7,7.4,63.9,46.4,31.3,39.1,69.3,77.317,80.86,2.521,"2,025",0,0,61.284,,80.4,69.9,1.201,0.961,30.307,Gonzaga
12,Wisconsin,123.8,96.8,0.944,7–3,7,10,52.5,50.8,29.6,22,13,13,28,24,67.4,55.7,48.5,32.8,36.2,5.9,13,50.7,54.5,48.1,39.6,67.1,78.105,81.769,2.219,"2,025",0,0,24.898,,81.1,68.9,1.152,1.051,39.67,Wisconsin
13,Michigan St.,115.3,91,0.938,8–3,8,11,49.7,46.2,33.6,35.7,16.4,15.3,34.1,23.5,67.7,50.1,51.9,32.6,25.8,11.7,7.9,56.1,49.2,33.6,43.3,66.6,78.065,81.937,1.758,"2,025",0,0,74.7,,73.9,75,1.082,0.985,49.357,Michigan St.
14,UCLA,120.1,94.9,0.938,6–3,6,9,53.3,49.5,27.8,29.4,14.7,20.4,31.7,30.6,64.4,52.3,51.5,36.7,31.3,11,8.3,67.5,53.9,36.5,43.7,64.3,78.111,81.382,1.851,"2,025",0,0,70.661,,70.6,85.2,1.122,1.034,41.508,UCLA
15,VCU,124.4,98.3,0.938,9–1,9,10,56.2,44.3,28.8,36.4,17,17.6,41.6,28.5,63.6,54.6,42.5,38.6,31.9,14.8,7.2,55.5,49.3,47.9,34.1,64.8,78.021,81.551,2.225,"2,025",0,0,34.211,,82.1,74.7,1.248,0.97,14.657,VCU
16,Maryland,114.2,90.4,0.936,7–2,7,9,51.3,46.2,38,24.4,16,17.1,29.6,24.2,71.5,49.6,47.5,36.4,29.1,10.7,7.5,45.6,49.1,34.7,32.3,70.5,77.505,80.934,1.637,"2,025",0,0,65.898,,76.7,82.2,1.088,0.968,36.545,Maryland
17,Arizona,124.5,98.7,0.935,6–5,6,11,50.7,50.4,38.9,29.1,16.6,13.5,37,27.5,70.7,53.5,49.5,30.3,34.5,13,7,59.7,55,34.9,40.4,71,78.036,80.826,1.92,"2,025",0,0,65.722,,83.3,73.8,1.137,1.093,53.846,Arizona
18,Saint Mary's,115.3,91.6,0.934,8–1,8,9,50.3,47.5,29.5,24.1,13.9,14.9,35.9,23.4,61.8,51.4,48.3,32.2,30.5,10.2,8.4,53.5,55.5,35.5,29.1,61.2,78.387,81.4,1.975,"2,025",0,0,48.761,,69.1,70.9,1.123,0.979,29.795,Saint Mary's
19,Texas A&M,117.5,94,0.929,6–4,6,10,46.6,50.3,41.9,36.6,19,18.5,39.7,27.8,66.4,46.8,46.3,30.8,36.5,12.5,16.7,48.7,64.1,37.3,47.6,66,77.369,79.76,2.761,"2,025",0,0,69.321,,72.1,80.1,1.065,1.049,50.558,Texas A&M
20,Kentucky,124.1,99.4,0.928,6–5,6,11,56,53.9,36.3,32.9,16.1,14.3,25.5,23.2,71.9,54.9,56.3,38.5,33.8,8.9,7.4,52.9,45.3,40,41.7,70.9,78.766,82.166,2.359,"2,025",0,0,46.39,,76.3,73.3,1.148,1.1,48.235,Kentucky
21,Georgia,120.7,96.7,0.928,5–5,5,10,51.4,50.9,38.4,34.1,16.8,15.7,32.6,33.1,68,51.5,50.7,34.1,34.1,15,9.1,43.4,54.6,36.4,42.8,66.8,78.779,81.864,1.396,"2,025",0,0,64.73,,72.1,69.5,1.095,1.1,51.103,Georgia
22,Louisville,116.9,93.8,0.926,9–1,9,10,57.9,46.6,32,24.2,17.4,18,26.8,28.3,69.6,58.8,47.6,37.8,30.2,6.8,6.7,48.9,42.3,42.4,42.2,70.1,77.95,81.12,2.555,"2,025",0,0,20.184,,77.5,67.6,1.15,0.963,17.636,Louisville
23,Purdue,129.9,104.7,0.923,4–5,4,9,58.2,56.4,27.2,40,15,13.5,31.5,26.4,66.5,56.4,64.1,40.7,30.8,3.6,9.2,51.1,57.3,40,43.2,65.2,77.055,80.651,1.48,"2,025",0,0,73.827,,76.1,69.2,1.198,1.162,47.358,Purdue
24,Xavier,118.2,95.6,0.92,8–1,8,9,56.6,54.4,34.7,22.9,15.7,19.3,20.9,19.9,70.1,55.5,56.4,39,34.4,6.1,7.3,65.9,57.3,37.1,42.1,71,77.006,80.423,2.523,"2,025",0,0,43.118,,83.4,67.5,1.137,1.007,22.912,Xavier
25,Iowa St.,114.2,92.4,0.92,6–5,6,11,51.3,48.9,41.8,33.8,19.7,22.6,28.4,31.3,68.1,49.9,49.7,35.7,31.6,10.1,11.3,58.8,50.8,40.6,38.7,67.9,77.799,81.04,2.408,"2,025",0,0,36.297,,77,75.4,1.045,0.985,41.375,Iowa St.
26,Colorado St.,123.7,100.2,0.919,8–2,8,10,59.1,51.3,35,34.8,17.5,16.2,30.6,24.4,64.7,55.1,50.1,43,35.6,8,8.3,61.6,50,41.7,36.5,65.5,76.87,79.227,2.034,"2,025",0,0,33.873,,80.2,67.6,1.208,1.035,27.681,Colorado St.
27,UC San Diego,119.4,96.8,0.918,10–0,10,10,58.7,44.9,27.2,25.1,11.3,23,25.2,29.4,66.6,55.7,43.8,40.9,31,7.1,7.5,62,51.6,52.8,41.4,65.8,77.477,78.918,2.444,"2,025",0,0,14.09,,72.7,80.6,1.221,0.915,10.695,UC San Diego
28,Santa Clara,119.1,97,0.914,6–3,6,9,58.8,47.4,28.3,33,15.9,17,31.2,21.5,71.2,52.9,50,43.4,28.9,8.9,11.3,62.6,57.4,47.8,39.4,70.5,78.415,81.554,2.442,"2,025",0,0,19.88,,72.8,76,1.204,0.97,20.033,Santa Clara
29,Kansas,114.9,93.8,0.912,5–6,5,11,52.6,47.7,26.1,26.6,18,14.8,26.5,29.6,69,53.3,48.5,34.3,31.1,12.6,12.1,62.2,51.4,35.8,42.2,69.1,77.952,82.004,2.517,"2,025",0,0,66.083,,66.7,72,1.039,1.034,48.096,Kansas
30,St. John's,113.2,92.5,0.911,9–1,9,10,47.9,49.3,32.7,31.5,15.3,21.8,38.9,31.2,68.9,49.3,50.8,29.9,31.6,12.8,11.1,58.8,61.7,31.6,45,70.4,78.203,80.544,2.112,"2,025",0,0,64.386,,66.8,69.8,1.089,0.983,34.701,St. John's
31,West Virginia,110.7,90.7,0.908,6–5,6,11,49.9,47.3,20.5,34.3,15.7,18.4,24.3,29.5,64.6,50.7,48,32.6,30.7,10.5,8.1,60,49,45.4,37.9,64.7,77.101,80.398,1.882,"2,025",0,0,39.179,,66.2,74.3,1.002,1.004,43.204,West Virginia
32,Arkansas,115.4,94.7,0.907,7–4,7,11,53.4,49.1,43.3,29.6,16.3,15.8,24.3,29.3,71.1,53.8,49.7,35.2,32.2,14.3,6.8,55.2,51,35.2,37.5,69.9,78.1,81.813,1.353,"2,025",0,0,74.92,,74.1,73.3,1.078,1.055,50.062,Arkansas
33,North Carolina,126.4,104.3,0.901,7–3,7,10,58.5,54.1,32.1,29.2,15.1,15.4,32.9,26.9,67.4,55.3,51.2,42.6,39.3,9,11.2,51.5,49.1,37,36.5,68.8,76.393,79.954,1.612,"2,025",0,0,87.196,,71.7,78.7,1.211,1.125,35.932,North Carolina
34,Illinois,127.1,104.9,0.901,6–4,6,10,53.9,52.4,31.6,27.7,14.4,12,33.2,32,69.2,61.3,48.8,30,40.5,8.1,7.5,51.9,48.1,45.4,30.4,69.6,78.834,82.021,1.183,"2,025",0,0,74.26,,77.2,77.5,1.165,1.172,47.936,Illinois
35,Connecticut,121.7,100.7,0.898,7–3,7,10,52.4,47.1,34.2,34.5,21.9,13.6,41.8,28.8,64.7,54.1,46.8,33.3,31.7,16.8,11.9,61,45.8,41.4,36.4,65,78.165,80.84,1.637,"2,025",0,0,87.521,,80.6,71.1,1.13,1.036,35.227,Connecticut
36,Oregon,118.4,98.6,0.891,7–3,7,10,50.9,50.8,28.8,28.2,14.3,17.4,32.7,28.1,67.1,49.2,53.7,35.7,30.6,12.8,10.2,52.6,46.8,38.1,37.7,66.4,77.423,81.525,2.453,"2,025",0,0,59.657,,79.2,75.9,1.118,1.053,37.796,Oregon
37,Northwestern,116.8,98.3,0.879,4–6,4,10,49.9,50.7,26.3,36.8,14.4,19.1,30.4,31.7,64.5,48.5,49.5,35,34.9,9.8,8.7,55.3,58,34.9,40.6,64.4,78.31,81.165,2.235,"2,025",0,0,35.611,,77.1,79,1.084,1.072,39.051,Northwestern
38,Mississippi,123.8,104.5,0.875,5–5,5,10,50.1,57,40.9,44.2,11.2,15.6,24.5,31.7,69.7,49.6,55.5,34,39.4,9.1,11.3,48.1,61.5,36.1,43.8,68.9,76.178,79.481,2.696,"2,025",0,0,56.41,,74.6,71.7,1.118,1.189,53.004,Mississippi
39,Creighton,117.9,99.6,0.874,7–3,7,10,55.3,47.4,27.8,17.5,17.4,9,28,25.4,66.6,62.2,45,32.3,34.3,10,11,65.7,46.8,50.2,37.2,67.2,78.946,83.088,1.959,"2,025",0,0,59.701,,70.9,70.2,1.112,1.047,32.132,Creighton
40,Baylor,117.3,99.3,0.872,5–6,5,11,48.4,50.2,37.4,32.7,18.4,16.9,34.1,30.8,65.3,48.6,49.9,32,33.7,5.6,9.4,53.9,56.5,41.3,39.3,65.9,76.978,79.621,1.863,"2,025",0,0,56.599,,77.7,73.8,1.061,1.058,47.459,Baylor
41,Vanderbilt,123,104.4,0.868,4–7,4,11,49.5,57.8,33.3,43.2,16.2,16.2,32.6,31.4,69.3,50.1,56.6,32.3,39.7,9.4,13.3,47.2,47.9,39.5,40.3,68.7,76.251,78.992,1.973,"2,025",0,0,36.793,,76.8,74.1,1.088,1.197,56.722,Vanderbilt
42,Cincinnati,116.3,98.9,0.866,5–6,5,11,51.5,52.6,20.5,20.6,16,18.6,30.4,29.9,65.5,52.1,52.3,33.5,35.4,9.4,8.6,47.8,51.7,35.7,35.8,65.8,78.301,81.559,2.119,"2,025",0,0,54.587,,69.4,77.7,1.061,1.061,42.504,Cincinnati
43,Villanova,116.8,99.6,0.862,6–4,6,10,53.4,50.6,26.1,23.4,14.5,16,22.1,26.8,62.7,49.2,52.3,39.5,32.6,6.3,10,47.9,61.5,41.9,48.8,62.8,77.314,80.294,2.436,"2,025",0,0,60.099,,84.9,67.9,1.095,1.047,30.792,Villanova
44,Marquette,115.8,98.9,0.86,4–6,4,10,50.6,49,23.7,31.1,14.8,19.6,32.7,34.9,65.5,53.1,48.4,31.7,33.3,10,11.9,48.3,57,45.6,38.7,66.2,77.733,80.586,2.08,"2,025",0,0,62.582,,67.8,71.9,1.088,1.04,37.069,Marquette
45,Indiana,112.9,96.6,0.857,5–4,5,9,50.4,48.8,32.9,33.5,14.1,16.8,27.1,26.5,66.2,52.2,49.5,31.6,31.8,8.1,9.9,56.3,52.4,37,40.5,65.9,78.702,81.536,2.054,"2,025",0,0,79.159,,68.6,79.5,1.065,1.034,44.402,Indiana
46,Boise St.,114.7,98.2,0.856,8–2,8,10,50.9,49.5,39.5,31,16.5,16.2,33.2,20.9,65.6,55.4,51.1,30.2,30.9,7,10.4,57,39.7,44.4,33.6,65.4,78.047,80.212,1.907,"2,025",0,0,13.763,,78.9,70.1,1.122,0.992,21.797,Boise St.
47,Utah St.,126.8,108.6,0.856,6–4,6,10,56.5,54.7,38.8,40.4,14.3,19.3,33.9,30.6,66.5,57.2,55.5,37,35.9,9.2,10.2,55,55.1,41.8,47,66.1,77.307,80.503,2.079,"2,025",0,0,17.997,,69.2,75.5,1.199,1.124,27.143,Utah St.
48,SMU,121.4,104,0.856,6–4,6,10,56.2,50.3,37.5,31.3,17.9,17.6,35.9,33.7,67,55.6,50.9,38.2,33.1,7.9,10.5,54.7,63.2,37.7,43.8,67.6,77.847,82.293,2.221,"2,025",0,0,59.123,,67.8,75,1.159,1.088,24.394,SMU
49,New Mexico,111.2,95.8,0.847,8–2,8,10,52.8,49.6,42,36.7,15.9,20.2,30.1,23.1,71.9,52.9,50.7,35,32,14.5,9,46.6,61.6,33.8,39.7,73.7,78.32,81.24,2.039,"2,025",0,0,45.874,,69.8,66.3,1.109,0.962,26.764,New Mexico
50,Kansas St.,106.4,91.7,0.847,6–5,6,11,47.2,47.8,25.6,33.3,17.9,18.8,27.7,30.5,69.1,48.8,53.6,29.7,26.1,10.1,12,56.7,62.2,37,40.3,67.9,77.263,81.163,2.3,"2,025",0,0,47.723,,69.4,72.7,0.98,0.989,45.437,Kansas St.
51,San Diego St.,111.3,96,0.846,7–3,7,10,52.7,47.8,37.1,33.8,16.6,19.8,27.8,31.6,65.5,56.5,47.2,31.6,32.4,19.3,9.3,53.6,45.2,42.5,44.8,65.9,78.126,81.946,1.611,"2,025",0,0,41.525,,65.3,69,1.076,0.992,24.623,San Diego St.
52,Liberty,110.4,95.3,0.844,8–2,8,10,56.5,45.9,33.8,22.5,15.1,16.4,16.6,25,66.4,56.3,49.2,37.7,27,8.2,10.2,65.4,43.9,51.8,37.9,66.2,75.671,79.402,2.266,"2,025",0,0,2.606,,67.4,74.2,1.077,0.958,14.291,Liberty
53,Michigan,109.6,95,0.838,7–4,7,11,49,48.1,35.6,25.1,19.8,14.7,30.1,31.8,70,54.9,46.4,26.3,33.7,7.4,7.8,49.1,46,38.8,40.8,69,79.115,83.398,2.228,"2,025",0,0,57.812,,70.9,72.9,1.003,1.05,45.281,Michigan
54,Ohio St.,120.1,104.2,0.837,4–6,4,10,50.9,53,35.3,42.3,14.2,16.8,27.9,35.7,67.8,48.1,55.4,36.9,32.1,8.4,8,46.4,47.4,39,33.7,67.1,76.668,79.614,1.601,"2,025",0,0,67.449,,77.7,76.9,1.11,1.139,41.211,Ohio St.
55,Oklahoma St.,111.7,97.1,0.834,5–6,5,11,48.4,50.6,40,36.6,17.2,20,25.9,34.6,73.1,49.2,51,31.3,33.4,9.8,11.4,52.9,59.2,35.5,45.4,72.9,77.025,80.148,2.525,"2,025",0,0,37.964,,73.8,74.4,1.005,1.074,43.994,Oklahoma St.
56,San Francisco,110.8,96.4,0.832,7–2,7,9,49.5,50.4,33.8,36.3,15.2,17.5,29.7,26.6,69.4,53.3,58.2,29,24.7,6.6,6.6,47.3,52.8,38.6,36.9,68.6,77.587,80.991,1.758,"2,025",0,0,26.654,,76.1,66.7,1.088,1.009,28.096,San Francisco
57,Oklahoma,116,101,0.831,4–7,4,11,52.1,54.4,44.9,41.1,17.6,15.7,25.6,27.8,71.6,51.4,57.2,35.4,33.8,4.6,12.8,48.5,51.8,39.5,42.8,70.7,77.14,80.397,2.26,"2,025",0,0,48.332,,79.5,75,1.079,1.139,52.738,Oklahoma
58,Drake,113.1,98.6,0.829,11–1,11,12,53,52.1,43.2,34.4,16.8,21,34.1,24.2,58.2,54.5,55.4,33.6,31.6,8,7.9,54.8,51.8,36.2,41.1,58.3,77.41,79.116,2.226,"2,025",0,0,0.2,,71,72.3,1.137,0.994,12.556,Drake
59,Mississippi St.,118.3,103.7,0.82,4–6,4,10,49.6,56.4,33.9,34.1,15.6,16.4,31.5,28.4,70.5,53.5,54,29.5,39.4,15.4,8.6,52.4,57.3,42.2,48,69.1,77.214,80.473,2.058,"2,025",0,0,58.108,,71.2,72.1,1.08,1.152,50.173,Mississippi St.
60,Utah,116.9,102.9,0.813,4–7,4,11,49.4,51.8,38.5,35.3,17.9,14.9,36.3,26.4,68.4,50.6,50.3,32,36,7.7,13.2,61.3,53.4,45.2,41,68,79.632,82.384,2.129,"2,025",0,0,53.727,,66.4,71.6,1.073,1.091,42.141,Utah
61,Loyola Chicago,111.7,98.4,0.811,9–2,9,11,55.8,46.5,26.4,30.9,17.6,16.6,26.6,27.4,66.8,54.7,45.7,38,31.7,15.1,10,63.8,51.8,47.1,39.7,67.8,77.776,80.181,2.287,"2,025",0,0,13.901,,67.3,79.1,1.089,1.003,14.868,Loyola Chicago
62,Rutgers,117.8,103.8,0.811,4–6,4,10,50,55.3,36.7,29.9,16.1,17.5,30.8,36.2,69,50.3,55.5,33,36.6,10.2,9.9,43.2,48.3,36.3,36.7,68.1,78.55,81.28,1.277,"2,025",0,0,51.7,,76.4,68.1,1.087,1.145,41.975,Rutgers
63,Penn St.,113.4,101,0.791,3–6,3,9,52.2,53.6,36,29.3,19.9,16.5,25.5,28,68.2,53.4,50.6,33.5,39.3,11,10.8,57.9,68.2,38.8,35.3,68.9,77.903,81.137,2.275,"2,025",0,0,57.579,,78.2,76.3,1.045,1.095,40.167,Penn St.
64,Wake Forest,113.9,101.5,0.79,6–4,6,10,50.9,50.4,41.9,34.6,15.8,17.7,26.2,33,67.2,52.1,54.2,32.1,30.5,8.8,8.9,46.8,57.9,29.9,46,68.2,77.69,80.776,2.214,"2,025",0,0,69.85,,78,77.2,1.084,1.08,29.166,Wake Forest
65,USC,119,106.1,0.789,3–8,3,11,55.5,55,33.6,35,19.3,17.1,28.7,35.5,68.5,52.8,55.2,40.2,36.4,10.1,10.1,54.3,59.9,36.1,36.9,68.8,78.274,79.84,2.22,"2,025",0,0,49.132,,76,74.1,1.101,1.155,43.956,USC
66,Butler,120.5,107.7,0.784,4–5,4,9,55.6,53,29.1,17.7,15.6,11.2,25.5,25.8,69.3,53.5,54.8,39.1,33.6,6.7,10.2,51.6,57.4,40.6,41.6,69.3,78.858,81.963,2.366,"2,025",0,0,48.766,,74,77.9,1.126,1.128,33.25,Butler
67,Iowa,120.1,107.6,0.78,3–7,3,10,52.6,56,22.5,30.9,13.4,14.1,26.6,29.5,67.9,52,55.6,35.7,37.6,8.3,10,58.8,54.7,39.8,43.3,67.4,78.122,80.637,1.768,"2,025",0,0,54.528,,76.8,75,1.105,1.185,45.989,Iowa
68,High Point,119,106.7,0.778,11–0,11,11,57.5,49.3,32.3,35.1,14.8,17.3,35.6,29,68.3,59.3,50.2,36,31.8,7,6.7,40.3,40.2,33.8,36.7,67.3,77.06,80.787,2.445,"2,025",0,0,17.054,,75.2,70.9,1.235,1.03,7.566,High Point
69,Syracuse,118.1,106.1,0.774,4–6,4,10,53.5,54.4,33.1,36,18.2,13.5,35.8,28.4,66.4,51.6,55.5,38.6,35.2,6.6,10.5,53.4,45.1,30.9,39,67.2,77.701,80.897,2.16,"2,025",0,0,61.457,,76.1,70.7,1.13,1.152,27.825,Syracuse
70,South Carolina,114,102.6,0.771,2–8,2,10,47.6,56.2,44.9,33.1,16.3,14.3,25.5,25.6,67,50,54.4,29.2,39.4,7.2,14.4,52.3,54.7,39.8,37.9,66.6,77.526,80.746,2.058,"2,025",0,0,40.924,,75.7,73.1,1.025,1.146,50.805,South Carolina
71,UNLV,104,93.9,0.764,6–4,6,10,49.1,45.3,32.2,33,17.4,15,24.7,23.8,66.1,50.4,50.5,30.9,25.1,11.5,12.3,45,57.6,33.2,40.7,67,77.884,80.889,2.003,"2,025",0,0,42.678,,72.2,71.7,1.003,0.964,21.7,UNLV
72,Memphis,113.7,102.9,0.759,9–1,9,10,54.6,49.9,32,31.4,17.5,17.2,37.9,27.9,71.3,54,50.4,37.4,32.8,13.8,7.6,54.5,51.5,31.2,38.1,70.6,76.965,80.835,2.43,"2,025",0,0,53.621,,68.5,69.6,1.154,1.027,11.699,Memphis
73,Virginia,118.9,107.8,0.755,5–5,5,10,55.4,55,26.5,32.3,14.4,14.9,22.3,29.3,61.9,54.3,54,37.9,37.9,10.6,10.9,62,47.3,42.9,34.2,62,78.354,81.621,1.417,"2,025",0,0,72.983,,77.1,73.3,1.121,1.148,33.205,Virginia
74,Georgia Tech,108.8,99,0.748,7–3,7,10,49.8,48.2,28,24.2,18.4,14.9,34.6,30.5,65.4,49.5,46.3,33.6,33.7,9.3,12.6,51.5,57.3,35.7,42.9,66.6,77.85,81.124,1.544,"2,025",0,0,33.324,,69.4,74.2,1.054,1.038,27.749,Georgia Tech
75,Texas,114.8,104.5,0.747,3–7,3,10,49.8,52.1,33.8,47.6,15.4,15.2,30.5,27.5,70.5,47.8,51.1,35.6,35.8,10.8,7.5,46.9,48.7,35.6,37.6,68.8,78.02,80.714,2.182,"2,025",0,0,60.413,,73,76.1,1.073,1.127,43.206,Texas
76,Colorado,108.2,98.6,0.744,3–8,3,11,48.6,49.2,32.4,38,20.8,13.6,29.3,26.7,66.9,52.7,46.8,28,35.5,12.5,11.7,54.3,57.3,38.8,37.3,67,79.004,81.625,1.877,"2,025",0,0,43.749,,72.7,68.1,0.982,1.059,49.274,Colorado
77,Saint Joseph's,113.1,103.1,0.744,7–3,7,10,54.4,46.9,33.1,28,16.4,16.4,30.3,29.7,66.5,54.1,46.9,36.6,31.3,13.3,9.2,54.1,41.4,47.7,27.9,66.6,77.445,80.661,1.833,"2,025",0,0,43.75,,74.2,72,1.128,1.003,14.987,Saint Joseph's
78,Arizona St.,117.4,107.1,0.742,1–10,1,11,50.8,55.5,34.4,36.8,13.8,15.2,20.1,33,70.2,48.1,55.5,36.3,37.1,9.2,11.6,48.9,59,43.2,42.1,70,78.248,81.468,1.914,"2,025",0,0,57.808,,76.3,76.4,1.056,1.198,49.492,Arizona St.
79,TCU,107.2,98,0.737,6–5,6,11,45.5,52.5,35.7,26.1,18.6,19.8,32.7,29.4,67.1,47.7,55,27.3,32.7,12.2,9.8,50,63.1,32.9,41.2,67.1,77.821,80.733,1.656,"2,025",0,0,48.827,,69.1,76.4,0.979,1.044,38.616,TCU
80,Dartmouth,102.1,93.4,0.736,6–3,6,9,53.8,42.5,27.5,19.9,16.8,11.6,22.4,22.9,72,54.1,47.6,35.7,22.1,10.7,7.1,63.1,49.8,47.4,35.3,71.4,76.251,79.201,2.003,"2,025",0,0,0.2,,75.7,68.3,1.066,0.918,7.25,Dartmouth
81,Nebraska,113.9,104.3,0.734,4–6,4,10,51.3,53.4,36.7,27.8,14.8,15.4,25.4,30,67.2,53.7,53,31.7,36,8.2,7.5,52.5,53.2,39.5,39.1,66.8,78.023,81.147,2.501,"2,025",0,0,38.883,,75.8,71.4,1.088,1.109,36.718,Nebraska
82,Dayton,114.6,105,0.732,7–2,7,9,50.5,48.9,43.7,33.8,16.4,17.6,33.2,32.2,66.6,50.5,55.5,33.6,26.8,9.4,9.1,54.8,49.3,41.5,43.3,67,76.397,81.09,2.404,"2,025",0,0,30.926,,80.6,74.7,1.125,1.054,20.288,Dayton
83,North Alabama,116.3,107.1,0.721,10–2,10,12,54.1,48.9,34.9,25.2,10.6,16.9,34.3,29.7,66.2,51.5,47.6,40.1,33.9,10.9,10.4,40.3,50.8,30.3,42,66.2,75.78,78.984,2.118,"2,025",0,0,6.3,,66.8,68.7,1.213,1.029,7.558,North Alabama
84,North Texas,108.2,99.7,0.719,7–3,7,10,52.3,45.7,32.5,39.3,16.8,16.7,28.9,28,60.1,52.4,48.6,34.7,26.5,7.2,9.3,48.3,40.8,38.3,33.3,59.7,77.09,80.706,2.75,"2,025",0,0,29.759,,78.7,75,1.092,1.004,12.36,North Texas
85,Yale,113.5,104.6,0.719,8–1,8,9,56.2,47.6,29.3,22.4,11.9,15.5,29.1,28.3,69,56.5,45.5,37.1,33.2,12.9,6.2,49.1,62.2,30.6,49.2,67.9,77.678,79.613,1.868,"2,025",0,0,9.585,,71.8,75.4,1.195,1.016,9.014,Yale
86,Saint Louis,113.6,104.7,0.719,5–4,5,9,57.1,50.5,20.4,22.3,18,13.9,24.8,26.6,66.3,57.4,46,37.9,37.9,7.7,12.4,56.5,55.6,51.7,41.9,66.4,76.875,80.274,2.242,"2,025",0,0,11.099,,73.6,68.8,1.097,1.066,19.561,Saint Louis
87,Minnesota,110.9,102.3,0.717,4–6,4,10,49.4,50.9,29.1,36.7,17.9,16,32.2,32.1,63.5,50.1,48.7,31.9,37.3,10.2,10.8,57.7,57.8,34.1,30.7,62.8,77.621,81.279,2.532,"2,025",0,0,41.39,,70.6,74.8,1.038,1.106,38.489,Minnesota
88,UC Irvine,109.3,101,0.713,8–2,8,10,53.3,47.9,37.4,24.8,18.2,18.6,28.4,27.6,67.7,53.2,42.2,35.7,38.8,9.1,7.8,58.8,56.3,36.5,35.5,68.3,76.603,80.403,1.838,"2,025",0,0,7.328,,79.9,76.4,1.1,0.984,9.361,UC Irvine
89,Georgetown,113.3,104.7,0.713,3–6,3,9,51,56.1,25.6,34.3,13.3,17.5,27.3,27.9,68.5,51,59.5,34,34.3,9.3,10.9,54.3,58,44.2,41.9,69.5,78.567,81.659,1.241,"2,025",0,0,67.848,,69.2,76.7,1.085,1.125,34.685,Georgetown
90,Florida Atlantic,112.9,104.4,0.711,6–4,6,10,55.3,45.4,32.5,32.2,17.5,13.7,31.2,30.9,68,54.7,45.6,37.5,30.1,13.6,8.4,55.9,46.2,41.9,30.3,68.2,77.493,81.405,1.76,"2,025",0,0,46.262,,71.5,80.8,1.128,1.056,14.967,Florida Atlantic
91,Troy,106.7,98.7,0.71,8–3,8,11,49.3,44.1,37.4,34.5,17.7,19.5,38.8,31,66.3,52.7,43.9,30.2,29.6,15.3,9.2,51.5,43.8,46,38.1,66.7,77.802,80.146,1.66,"2,025",0,0,0.2,,71.7,73,1.104,0.95,9.596,Troy
92,Nevada,113.1,104.7,0.708,5–5,5,10,54.1,52.5,35.6,39.5,12.3,19.8,17.6,27.2,65.3,59.2,50.7,30.1,36.5,11.7,6.7,55.2,63.9,36.5,44.9,65.7,78.834,81.338,2.328,"2,025",0,0,30.291,,72.3,70.8,1.101,1.043,23.533,Nevada
93,George Washington,107.5,99.7,0.704,5–5,5,10,50.1,49.5,37.2,22.3,19.8,20.2,32.4,32.7,65,52.6,49.4,30.7,33.1,9.1,13.5,54.2,56.4,38.1,41.7,64.9,77.701,80.831,1.513,"2,025",0,0,38.336,,68.5,72.2,1.04,1.002,17.463,George Washington
94,Nebraska Omaha,115.8,107.5,0.702,9–2,9,11,56.4,51.8,37.5,33.8,13.7,14,29.3,25.3,69.5,56.8,49.3,37.2,36.5,8.2,8.8,51.9,47.9,38.5,45.2,68.5,77.229,79.995,2.432,"2,025",0,0,0.2,,75.8,73.5,1.201,1.088,9.513,Nebraska Omaha
95,McNeese St.,112,104.1,0.699,9–1,9,10,54.1,49.3,30.9,22.6,15.7,21.2,36.2,28,65.4,51.9,47.6,39.1,34.1,11.8,8.6,52.1,53.7,33.3,46.6,65.5,76.815,78.906,2.509,"2,025",0,0,25.823,,67.2,71.2,1.166,0.969,6.922,McNeese St.
96,New Mexico St.,103.7,96.7,0.691,5–5,5,10,44,46.7,40,38,13.6,15.6,30.8,22.7,64.7,44.7,50.4,28.4,28.6,8.3,8.7,44,51.2,36.3,49.5,63.7,76.3,80.266,2.566,"2,025",0,0,2.519,,69.3,70.9,1.005,0.973,14.589,New Mexico St.
97,LSU,109.5,102.3,0.686,2–9,2,11,48.6,52.9,26.5,31.8,16.2,14.7,21.8,35.7,67,51,54.9,30.5,32.8,8.9,11.4,49,49.2,46.1,35,66.7,77.083,80.575,1.897,"2,025",0,0,58.039,,62.5,72.6,0.977,1.145,48.475,LSU
98,Arkansas St.,112.1,104.8,0.685,7–4,7,11,51,46.8,32.2,34.3,15.6,16.4,37.9,28.1,69.9,53.3,45.6,32.2,33,11.3,10.5,56.2,53.3,45.6,32.2,70.5,77.152,79.749,2.225,"2,025",0,0,35.571,,73.9,72.6,1.147,1.003,9.169,Arkansas St.
99,Grand Canyon,104,97.3,0.683,7–2,7,9,52.6,45.5,37.2,32.4,21.7,20.3,33.6,30.1,71.6,55.9,44.7,30.5,31.2,14,10.3,48.8,48.1,32.4,35,71.9,77.793,80.507,2.464,"2,025",0,0,26.74,,69.8,74.9,1.036,0.952,9.762,Grand Canyon
100,Northern Iowa,107.1,100.4,0.678,7–3,7,10,53.4,50.4,34,25,15.7,16.3,26.5,23.9,64.8,52.4,46.6,36.8,37.3,9.3,8.7,53.1,40.2,35.1,40.5,65.7,78.009,80.571,1.936,"2,025",0,0,14.052,,66.8,68.1,1.086,1.012,12.841,Northern Iowa
101,Utah Valley,108.9,102.1,0.677,8–1,8,9,52.9,43.5,46.4,30.7,15.9,17.2,29.6,28.9,68.4,51,40.7,37.9,33.3,14.3,11.7,60.6,48.1,31.9,30,67.8,78.049,80.751,1.511,"2,025",0,0,2.636,,65.4,71.7,1.1,0.945,8.467,Utah Valley
102,George Mason,104.3,97.8,0.677,8–2,8,10,50.8,49.2,38.1,33.6,18.9,19.7,27,27.2,64.4,46.8,51.7,38.6,31.1,11.8,12.1,49.1,54.1,35.7,49.3,64.4,77.521,80.671,2.591,"2,025",0,0,30.374,,70.9,68.3,1.016,0.996,19.926,George Mason
103,UNC Wilmington,114.4,107.4,0.674,8–2,8,10,56.1,52,31.3,26.1,17.2,16.3,36.3,25.7,65.2,56.6,49.2,36.7,37.1,12.2,8.1,56.5,49,32.3,43.1,65.4,77.624,80.482,2.558,"2,025",0,0,0.2,,74.7,67.3,1.181,1.047,7.906,UNC Wilmington
104,Kent St.,115.6,108.7,0.67,8–2,8,10,55,49.9,35.2,36,18.8,16.3,41.2,29.6,68.5,53.7,50.4,38.5,32.8,9,8.2,46.7,52.4,32.7,39.2,67.1,75.381,79.219,2.387,"2,025",0,0,0.2,,80.5,79.5,1.191,1.082,9.467,Kent St.
105,Northern Colorado,112.5,105.8,0.67,9–2,9,11,60,49.4,36.1,32.4,15.9,15.2,23.7,21.7,68.7,56.3,48.1,43.7,35.1,5.7,9.9,52.9,35.6,40.2,29.9,69.6,76.956,79.66,2.474,"2,025",0,0,0.2,,70.5,74.5,1.172,1.024,6.222,Northern Colorado
106,Furman,111.4,104.8,0.669,8–3,8,11,55.9,47.7,39.8,24.8,16.5,15.3,28.6,30.1,66.9,51.4,47.2,40.1,32.2,9,11.1,64.1,47.3,52.1,39.6,66.8,77.849,81.437,2.038,"2,025",0,0,4.156,,70.3,75.7,1.15,1.034,10.465,Furman
107,Montana,115,108.3,0.666,9–1,9,10,60.9,49.7,42.1,31.7,16.4,15.2,22.4,27.2,65.7,61.3,50.1,40,32.7,8.3,7.1,48.6,41.3,34.2,35,66.4,76.561,78.54,2.14,"2,025",0,0,0.2,,75.3,67.8,1.177,1.048,7.918,Montana
108,UAB,120,113.3,0.659,7–3,7,10,50.8,54.9,29.1,29.7,11.8,15.1,39,31.9,67.7,49.9,54.8,35.7,36.8,12.3,7.7,51.8,48.3,26.2,30.5,68,76.608,80.463,2.715,"2,025",0,0,4.646,,76.3,68.9,1.194,1.148,12.941,UAB
109,South Alabama,111.2,105,0.659,7–3,7,10,51.2,50.8,40.8,24.2,13.4,20,30.4,32.8,63.3,54.3,50.2,30.6,34.1,9.3,10.3,46.3,71.8,36.8,59.6,62.8,75.958,78.38,2.281,"2,025",0,0,23.227,,72.4,67.6,1.129,1.04,11.805,South Alabama
110,Lipscomb,115,109.1,0.647,11–1,11,12,59.2,49.6,35.2,21.9,12,13.5,21,23.5,65.8,57,51.8,40.8,30.3,7.5,11.1,51.6,37,52,34.9,66.1,76.309,80.035,2.583,"2,025",0,0,0.2,,85.3,72.8,1.227,1.04,5.919,Lipscomb
111,Seattle,101.6,96.4,0.647,5–4,5,9,44,46.4,44.8,43.5,14.8,25.4,30,26.6,66.1,43.5,46.9,29.8,30.3,12.3,13.3,51.8,55.8,35.8,38.8,65.7,76.725,80.187,2.147,"2,025",0,0,18.633,,69,77.3,1.008,0.902,8.646,Seattle
112,UCF,112.2,106.5,0.646,3–8,3,11,47.6,52.9,34.6,32,17.9,17.4,32.7,33,73.6,50.2,57.1,29.1,31.2,12.2,10.5,47.2,56.9,40.1,40.1,73.3,78.003,81.863,2.003,"2,025",0,0,51.864,,78.9,73.5,1.037,1.113,36.564,UCF
113,Providence,111.7,106.3,0.639,1–9,1,10,53.8,54.3,25,32.1,19.5,14.5,26.8,29.4,68.3,49.2,51.2,39.5,39.2,8.1,8.6,57.8,58.2,45.2,41.5,68.2,77.124,79.998,1.695,"2,025",0,0,65.728,,63.6,77.4,1.033,1.156,38.625,Providence
114,Kennesaw St.,106.2,101.1,0.638,6–4,6,10,51.1,48.4,38.3,50.4,20,16.2,28,22.1,69.6,52,49.8,33.3,30.7,10.9,13.4,55,46.7,46.1,37.7,69.4,77.401,79.821,1.349,"2,025",0,0,7.204,,73.6,69.5,1.036,1,15.208,Kennesaw St.
115,Winthrop,111.3,106,0.637,9–2,9,11,57.4,51.8,41.4,32.9,18.1,16.7,31.4,28.1,73.9,55.3,51.4,40.5,34.9,8,8.6,50.6,45.5,38.4,37.4,73.6,77.079,79.654,2.408,"2,025",0,0,5.755,,68.4,72.8,1.156,1.068,8.093,Winthrop
116,Cal St. Northridge,112.4,107.1,0.635,8–2,8,10,52.6,50.4,35.3,40.8,18.3,19.4,36.6,27.2,72.2,50.9,45.6,37.6,37,7.8,7.6,60.1,61.5,30.4,47.9,72.1,77.364,79.363,2.464,"2,025",0,0,28.793,,78.1,77,1.142,1.032,11.391,Cal St. Northridge
117,Wofford,112.5,107.5,0.628,7–4,7,11,52.7,49.7,36.1,37,16,16.1,37.5,25.7,64.7,53.5,52.4,34.5,30.7,8.9,7.8,50.7,43.4,48,43.2,64.8,76.151,79.156,2.085,"2,025",0,0,0.2,,69.7,67.7,1.161,1.029,6.601,Wofford
118,Duquesne,108.4,103.6,0.627,4–6,4,10,50.7,52.9,32.6,39.5,18.3,21.8,32.7,29.2,66,53.3,51.8,31.6,36.6,11.9,10.3,56.8,49.6,43.8,36.2,66.4,76.823,80.152,2.084,"2,025",0,0,0.2,,67.2,73.4,1.053,1.037,18.588,Duquesne
119,Belmont,110.6,105.8,0.625,7–4,7,11,54.8,52,23,28.6,15.9,18.7,24.5,31.9,68.2,50.4,53.4,40.1,33.5,9.7,10.7,62.8,57.6,44.7,42,69.9,78.105,80.895,2.04,"2,025",0,0,13.381,,66.9,71,1.094,1.061,12.633,Belmont
120,Florida St.,106.7,102.1,0.624,4–6,4,10,49.5,50.5,39.3,34.1,18,16.6,27.8,32.7,68.7,51.4,50.4,30.5,33.8,10.9,8,45.7,54.4,34.1,39.8,69.4,79.206,82.025,1.51,"2,025",0,0,52.239,,72.2,77.3,1.017,1.105,36.077,Florida St.
121,Sam Houston St.,110.9,106.3,0.619,5–5,5,10,53.3,50.5,38.1,29.8,18.9,17.1,26.3,29.2,67.1,47.9,47.2,41,36.6,10.2,9.8,46.9,45.5,39.4,42.5,67.2,76.493,80.28,2.168,"2,025",0,0,7.01,,75.1,73.6,1.056,1.066,16.019,Sam Houston St.
122,Hampton,107.2,102.9,0.616,7–4,7,11,50.5,48.1,28.5,42.6,15.2,18.5,35,26.7,64,49.6,51.3,34.6,27,6,8.6,38,44,35.6,29.1,65.8,76.592,79.39,1.804,"2,025",0,0,11.307,,68.1,75.3,1.096,1.012,9.101,Hampton
123,St. Thomas,112.9,108.4,0.615,7–4,7,11,56.7,53.8,35.2,34.3,12.4,19.2,21.1,28.4,68.3,57.8,54.1,36.9,35.7,9.2,10.1,52.7,46.1,47.4,41.7,67.8,76.395,79.186,1.794,"2,025",0,0,5.92,,78.1,79.5,1.166,1.099,8.308,St. Thomas
124,Jacksonville St.,107.1,102.9,0.613,6–4,6,10,47.9,48.5,29.8,33.3,15.1,15.1,27.9,25.6,65.2,47.1,48.4,32.8,32.4,12,8.6,39.3,49,38.9,37.8,64.8,77.775,80.712,2.005,"2,025",0,0,0.2,,77.7,70.2,1.046,1.016,15.838,Jacksonville St.
125,Radford,112.2,107.9,0.611,6–4,6,10,54.3,51.3,43.9,36.4,16.2,16.8,29.5,30.2,62.8,53.7,48.2,36.9,38.5,7,6.1,42.6,37.1,36.5,32.6,62.1,77.509,80.532,2.551,"2,025",0,0,9.896,,79.1,72.7,1.157,1.083,8.485,Radford
126,Robert Morris,107.3,103.2,0.61,8–1,8,9,56.8,48.9,35.4,23.3,18.3,18.4,34.2,29.1,66.9,58.7,48.5,35.9,33,11.6,8.2,63.1,49.6,39,34.2,66.9,76.677,79.537,1.887,"2,025",0,0,0.2,,69.5,73,1.147,0.996,6.338,Robert Morris
127,Bradley,111.6,107.4,0.609,8–4,8,12,56.1,49.9,29.9,36.2,16.1,14.4,25.5,27.5,63.7,52.9,46,40.5,36.9,11.7,8.9,50.5,55.7,40.9,42.4,65.6,76.823,81.281,2.329,"2,025",0,0,1.302,,68.9,71.4,1.111,1.083,15.989,Bradley
128,Middle Tennessee,110.1,106,0.607,7–3,7,10,50.9,49.3,34.6,26.6,16.1,14.3,30.5,26.2,69.2,53,46.4,32,36.3,11.5,8.9,52.5,46.8,41.7,35.7,69,77.203,80.598,2.45,"2,025",0,0,11.075,,68.1,72.3,1.07,1.048,15.326,Middle Tennessee
129,Stanford,104.8,100.9,0.607,4–6,4,10,45.6,51.2,23.7,37.1,17.4,16.7,30.1,30.2,65.9,45,48.6,31.1,37.3,10,6,52.4,45.7,40.1,34.9,65.9,78.66,82.485,1.76,"2,025",0,0,42.225,,82,73.2,0.985,1.086,33.888,Stanford
130,Abilene Christian,100.8,97.1,0.606,7–2,7,9,49.2,47.4,34.8,45.1,19.2,26.4,29.6,35.2,71.9,48.5,50.9,34.1,26,8,12.5,50.4,48.4,23.2,29.6,71.2,77.328,79.616,1.819,"2,025",0,0,16.651,,76.8,64.6,1.012,0.932,6.536,Abilene Christian
131,Wichita St.,105.2,101.4,0.604,7–3,7,10,47,48.1,35.5,29,17.5,14,38,24.8,66.4,49.5,50.6,26.4,28.9,11.4,10.6,37.1,46.1,25,34.6,66.6,76.839,80.171,2.803,"2,025",0,0,25.325,,73.3,69.6,1.056,1.019,15.018,Wichita St.
132,Pittsburgh,111.6,107.6,0.603,3–8,3,11,49.3,55.7,36.7,38.9,15.4,17.9,30,27.9,64.9,48.3,53.8,33.7,38.8,11.6,8.5,53.9,60.8,42.6,44,65.1,78.131,82.016,1.863,"2,025",0,0,38.066,,76.9,75.1,1.089,1.12,28.893,Pittsburgh
133,Portland,114.2,110.3,0.599,5–4,5,9,55.2,52.6,26.7,18.4,14.1,12.8,21.5,28.9,68.7,53.7,52.7,38.1,35,6.8,9.4,61.3,52.3,43.7,38.9,68.6,78.769,82.191,1.308,"2,025",0,0,2.689,,78,81.3,1.123,1.13,16.717,Portland
134,UC Santa Barbara,113.1,109.3,0.597,6–4,6,10,58.1,50.4,29.6,32.8,17.5,18.3,25.6,30.4,68.1,52.9,52.9,42.7,30.4,9.2,6.1,59,44.6,46.7,33.8,67.4,77.832,80.735,2.483,"2,025",0,0,25.955,,78.2,81.9,1.139,1.076,11.813,UC Santa Barbara
135,Chattanooga,119.2,115.2,0.597,10–1,10,11,58.7,50.6,33.1,32.7,13.5,16.8,27.5,34.3,66,56.9,49.3,40.6,34.9,12.3,7.1,58.9,44.2,44.1,43,65.9,76.216,80.203,2.293,"2,025",0,0,0.2,,77.5,72.7,1.231,1.091,8.553,Chattanooga
136,South Carolina St.,106.3,102.8,0.595,8–1,8,9,54.3,46.7,48.6,40.3,20.6,25,43.2,35.7,71.5,52.7,48,38.2,29.3,8.2,6,60.7,56,33.8,32.2,70.6,77.255,79.804,1.842,"2,025",0,0,0.2,,74.6,72.2,1.154,0.962,3.875,South Carolina St.
137,Washington,113.1,109.5,0.592,3–8,3,11,52.7,58.5,30.3,38.2,18,14.5,25.3,27.1,66.7,49.6,55.1,38.7,42.4,11,9.7,49.6,55.3,36.4,39.7,66.5,77.896,80.754,2.047,"2,025",0,0,32.957,,71.7,76.7,1.047,1.205,36.601,Washington
138,Towson,111.7,108.3,0.588,9–1,9,10,51.5,51.5,24.9,26.3,12.8,17.6,37,28.4,63.1,48.6,51.1,37.2,34.7,10.6,9.8,43.7,46.3,39.4,39.5,64,77.199,79.704,1.969,"2,025",0,0,2.032,,71.5,68.1,1.162,1.048,6.08,Towson
139,Miami OH,106.3,103.3,0.582,8–3,8,11,54.6,48.2,27.8,33.5,17.5,19.1,27.4,31.9,70.5,51.6,50.1,38.9,29.7,9,8.9,62.1,45.4,44.4,33.8,69.8,77.371,80.53,1.132,"2,025",0,0,19.226,,70.8,73.2,1.093,1.013,6.541,Miami OH
140,UC Riverside,113.6,110.4,0.581,7–3,7,10,51.7,50.9,29.7,33.8,14.5,16.8,35,28.9,68.5,50.8,50.1,35.2,34.7,6.1,7.3,46.6,44.6,43.4,38.3,67.4,77.096,81.3,1.532,"2,025",0,0,0.2,,81.3,77.9,1.154,1.084,11.219,UC Riverside
141,California,108.4,105.4,0.58,2–8,2,10,45.3,54.2,37.6,35.4,15.4,16.1,31.6,25.7,68,44.2,50.5,31.3,41.8,10,9.6,43.5,40.6,38.9,30.2,68.2,76.917,80.284,1.856,"2,025",0,0,42.769,,73.9,76.9,1.04,1.105,32.573,California
142,DePaul,107.9,105,0.578,3–6,3,9,51,51.9,20.8,27.8,16.5,15.3,23.8,31.8,66.6,55.4,53.2,30.3,33,11.5,7,56.3,52.2,45.1,35.1,66.8,77.158,80.052,2.056,"2,025",0,0,38.1,,72.2,72.5,1.012,1.108,34.273,DePaul
143,Notre Dame,107.7,105,0.573,4–7,4,11,49.7,52.9,36.7,33.9,17.6,15.1,29.2,27,65.2,50.1,56.7,32.6,31.1,4.7,7.6,42.5,50.7,37,37.8,65.3,77.498,81.235,1.85,"2,025",0,0,57.224,,72.3,77.6,1.035,1.115,26.13,Notre Dame
144,UTSA,106.2,103.6,0.571,3–7,3,10,49.8,51.1,28.6,48.7,15.4,22.4,27.1,34.1,68.7,47.4,52,35.1,33.2,9.6,14.6,45.5,54.9,45.6,36.7,69.5,76.455,79.639,2.36,"2,025",0,0,4.818,,74.6,73,1.053,1.043,13.386,UTSA
145,Vermont,107.4,104.8,0.57,10–0,10,10,55.6,46.5,28,23.5,15.7,13.7,28.9,24.4,61.8,55.6,45.3,37,32.2,15.9,11.5,49.6,47.1,42,41,61.2,77.711,79.717,2.32,"2,025",0,0,0.731,,68.9,69.2,1.139,0.979,3.924,Vermont
146,St. Bonaventure,102.2,99.8,0.568,5–4,5,9,48.8,51,26.3,27.8,16.1,20.2,23,28.7,66.4,53.2,55.6,26.9,30.4,7.8,10.3,42.8,60,34.1,46,65.5,78.276,80.998,1.42,"2,025",0,0,16.374,,73.5,71.2,0.982,1.019,15.755,St. Bonaventure
147,Cornell,112.7,110.2,0.564,5–4,5,9,57.1,53.7,24.6,29.8,15.4,15.6,26.5,26.2,72.7,57.1,57.7,38.1,32.1,5.6,8.7,63.3,58.9,51.2,42.2,72.4,77.014,79.599,2.025,"2,025",0,0,2.877,,76.3,65.9,1.146,1.088,11.468,Cornell
148,Bucknell,110.7,108.4,0.56,9–2,9,11,60.4,49.8,37.3,39.2,17.7,14.8,28.3,22.8,66.4,60.3,46.6,40.4,36.1,10.6,8.4,51.4,50.8,36.8,42.9,67.5,76.594,80.691,2.139,"2,025",0,0,0.2,,67.7,68.3,1.172,1.026,3.44,Bucknell
149,Akron,112.9,110.6,0.559,9–1,9,10,57.4,50.5,27.3,34.1,16.5,15.4,32.8,29.1,71.6,61.1,54,35,30,9.3,4.8,58.2,41.1,42.7,38.5,71.5,75.082,77.539,2.378,"2,025",0,0,16.319,,72.9,71.9,1.171,1.078,6.362,Akron
150,Drexel,106.9,104.8,0.557,6–5,6,11,54.5,49.1,25.7,26.6,18.1,14.8,30.1,32.1,62.4,52.7,48.6,38.4,33.3,12.3,8.4,49.3,48.6,36.9,36.9,62.5,77.628,79.438,1.607,"2,025",0,0,0.2,,68.6,60.8,1.094,1.046,8.402,Drexel
151,Southeast Missouri St.,103.4,101.4,0.556,9–2,9,11,53.6,44.9,27.7,37.9,15.5,19.7,23.8,26.4,68.9,53.9,46.1,35.3,27.9,9.9,9.3,47,37.8,36.3,27,69.4,75.531,79.478,2.02,"2,025",0,0,4.131,,73.4,74,1.065,0.938,4.76,Southeast Missouri St.
152,Illinois St.,111.6,109.5,0.554,6–5,6,11,55.4,54.2,28.1,33.2,15.6,17.1,23.2,25.8,66.6,58.4,53,34.8,37.5,7,9.1,57.2,50.2,48.1,38.5,67.4,76.17,79.309,1.789,"2,025",0,0,1.811,,74,75.5,1.107,1.097,12.425,Illinois St.
153,Lamar,104.8,103,0.55,7–3,7,10,49.6,48,27,32.8,19.1,18,35.9,30.1,64.3,45.7,47.5,38.1,32.4,14.1,9.7,57.3,58,33.7,40.2,64.9,77.048,81.082,2.387,"2,025",0,0,0.2,,71.6,64.8,1.059,0.994,8.286,Lamar
154,Portland St.,99.4,97.7,0.549,6–4,6,10,49.4,47.1,34.4,33.2,18.4,20.1,33.9,29.9,66.9,50.1,50.6,31.6,28,13.9,8.6,42.1,49.4,27.3,40.4,67.7,77.743,80.001,2.693,"2,025",0,0,9.286,,61.8,71.9,1.026,0.971,7.178,Portland St.
155,Louisiana Tech,106.4,104.7,0.546,5–5,5,10,51.2,48,36.1,37.2,18,15,25.4,25.9,64.7,49.2,45,36,35.8,9.2,10.7,57.9,43,42.9,35,64.1,76.96,80.096,1.84,"2,025",0,0,46.843,,78.3,72.2,1.046,1.033,15.567,Louisiana Tech
156,Marshall,109.4,107.8,0.542,7–3,7,10,49.9,47.6,28.7,42.9,15,14.4,33.9,28.1,67.9,50.1,48.3,33.1,30.8,18,7.8,55.4,36.5,37.4,31.9,69.3,77.267,79.726,2.587,"2,025",0,0,4.118,,69.1,70.2,1.099,1.042,9.557,Marshall
157,Texas A&M Corpus Chris,105.1,103.7,0.539,6–5,6,11,52.5,48.1,32.4,36.5,18.4,18.7,31.6,30.5,64.8,54.1,45.2,32.6,35.5,9,12.3,53.7,53.8,31.1,36.1,65.3,77.099,80.019,2.084,"2,025",0,0,6.984,,65.6,69,1.064,1.008,9.925,Texas A&M Corpus Chris
158,Indiana St.,113.6,112.1,0.538,4–6,4,10,55.4,53.5,34.6,38.5,15.7,13.2,24,25.5,70.3,55,53.5,37.3,35.6,6.5,13.8,60.4,53.1,47.3,37.5,71.3,77.469,79.566,1.625,"2,025",0,0,0.2,,77,72.4,1.14,1.121,15.325,Indiana St.
159,Rice,111.9,110.5,0.536,2–8,2,10,49.4,51.2,41,31.4,14.9,11.8,32.6,31.1,65.3,46.8,49.7,36,35.8,7.8,13.5,50.2,55.4,35.9,35.6,65.2,77.571,80.653,2.393,"2,025",0,0,17.235,,68.1,71.1,1.098,1.138,16.145,Rice
160,N.C. State,106.6,105.5,0.53,3–8,3,11,46.5,53.9,29.7,34.9,14.2,16.1,26.9,29.1,67.3,44.1,52.3,33.2,38.5,7.7,8.5,54.1,46.8,42.2,28.9,67.1,76.861,79.817,2.541,"2,025",0,0,55.802,,75.1,77.8,1.013,1.127,28.269,N.C. State
161,Eastern Kentucky,112.6,111.5,0.528,7–3,7,10,54.1,51.6,23.5,32.1,12.7,16.4,31.2,31.3,66.3,50,52.5,39.6,33.2,7.7,5.3,49.1,47.5,43.1,34.7,66.1,76.782,79.742,1.822,"2,025",0,0,8.128,,78.2,70.7,1.181,1.077,7.619,Eastern Kentucky
162,Oregon St.,116.1,115.1,0.525,4–5,4,9,51.7,55,43.5,32.7,15.6,13.3,34,27.8,63.3,51.6,50.8,34.6,41.2,6.6,9,53.6,59.3,32.6,38.2,63.2,77.765,80.955,1.9,"2,025",0,0,0.609,,78.8,76.9,1.155,1.162,19.963,Oregon St.
163,Cal Poly,107.6,106.8,0.521,6–4,6,10,57.1,51.1,25,28.3,18.9,20.4,25.4,31.9,75.9,58,54.6,37.6,30.9,6,7.5,48.5,47.9,54,43.2,76.2,76.424,77.879,2.096,"2,025",0,0,1.954,,80.6,74.7,1.119,1.032,10.693,Cal Poly
164,Northern Kentucky,112.6,111.9,0.518,8–3,8,11,55.2,52.8,29.9,33.4,14.9,18.3,31.1,32.2,68.4,53.9,53.1,38.2,34.9,8.8,7.8,52.7,53.7,38.4,39.8,68.5,77.398,79.493,2.373,"2,025",0,0,8.079,,69.2,77,1.153,1.092,8.534,Northern Kentucky
165,Harvard,104.9,104.5,0.511,5–4,5,9,51.1,54.4,21.9,22.3,15.6,17.9,21.9,27.1,65.6,52.6,58.1,32.3,31.6,6.9,7,55.4,46,36.6,34.6,63.9,76.634,78.17,1.305,"2,025",0,0,26.556,,82.3,72.8,1.037,1.069,10.054,Harvard
166,Nicholls St.,109.2,108.8,0.511,7–3,7,10,51.3,49.7,35.9,28.6,13.1,17.4,30.9,29.2,67,48.4,50,37.4,32.7,8.8,11.1,41.7,45.3,36.6,36.7,67.5,76.467,79.347,2.613,"2,025",0,0,6.858,,66.5,67.5,1.115,1.033,7.144,Nicholls St.
167,Missouri St.,100.9,100.6,0.509,2–8,2,10,52.2,53.1,29.7,33.7,22.2,18.8,30.6,24.9,64.3,51.8,55.4,35.3,33.3,12.1,10.4,51,59.8,35.6,42.7,65,75.802,77.624,1.724,"2,025",0,0,0.2,,62.8,68.6,0.995,1.035,14.166,Missouri St.
168,Tulane,109.4,109.2,0.505,7–3,7,10,54,50.3,33.8,26.8,15.8,15.3,26.3,31.6,65.3,55.6,48.8,34.2,34.7,13.6,9.9,49,57.4,37.1,44,66.2,78.368,80.134,1.155,"2,025",0,0,59.696,,75.5,75.3,1.111,1.088,12.438,Tulane
169,Idaho St.,110.4,110.3,0.503,6–4,6,10,49.9,55.7,33.4,30.3,12.2,17.6,35,24.8,66.3,49.5,54.4,33.8,38.5,10.6,7.9,46.1,47.3,35.1,37.6,66.9,77.832,80.5,2.102,"2,025",0,0,0.2,,75.4,68.5,1.144,1.085,7.452,Idaho St.
170,Queens,109.6,109.7,0.497,6–5,6,11,55.1,51.6,36,30.8,16.2,15.5,29.2,27.3,66.3,52.7,48.9,38.9,37.7,13.8,9,58,47.1,41.7,35.2,67,77.9,80.646,2.112,"2,025",0,0,8.048,,73,77.9,1.137,1.092,10.085,Queens
171,Washington St.,111.3,111.5,0.495,4–6,4,10,55.4,53.4,27.6,37.1,18.9,16.1,27.6,36.4,71.6,56.3,52.1,36.1,36.8,13.2,7.4,58.5,55.2,40.8,39.5,71.2,78.372,81.713,1.656,"2,025",0,0,4.198,,65.6,76.7,1.065,1.18,27.94,Washington St.
172,Murray St.,101.5,101.7,0.494,5–6,5,11,45.9,49.2,38.3,35.7,16.4,17.5,30,27.1,64.2,44.9,48.9,31.6,33.3,8.3,10.5,47.7,39.2,40.3,30.6,64.8,76.777,78.696,2.769,"2,025",0,0,12.13,,75.9,70.5,1.022,1.018,13.486,Murray St.
173,Virginia Tech,104.6,104.9,0.492,4–6,4,10,52.7,53.9,25.4,28.4,19.6,16,26.6,28.7,64.9,52.9,56.4,35,33.2,7.2,9.1,50.2,59.1,43.8,38.3,65.9,77.334,80.432,1.344,"2,025",0,0,44.562,,69.8,77.6,1.027,1.118,27.845,Virginia Tech
174,Miami FL,109.8,110.2,0.49,3–7,3,10,50.5,56.5,22.6,28.8,16.2,15.1,26.9,32.4,68.4,53.9,54.3,29.7,39.9,9.7,7.3,47.1,57.9,36.3,39.9,68.2,77.812,80.412,2.021,"2,025",0,0,55.277,,74.3,76.2,1.039,1.179,34.315,Miami FL
175,Rhode Island,112.3,112.8,0.487,3–6,3,9,56.6,54.4,35.1,27.1,18.4,15.7,24.3,28.8,70.1,57.3,51.5,37.1,38.4,9.5,8.1,48.2,52,39.1,46.4,69.7,77.332,80.882,2.25,"2,025",0,0,20.943,,67.8,76.5,1.095,1.129,17.695,Rhode Island
176,East Tennessee St.,103.7,104.2,0.486,7–3,7,10,49.6,49.3,37,25.7,14.9,17.4,29,28.1,63.7,48.6,46.1,34.1,35,14.4,8.6,48.7,53.1,39.6,49.4,64,76.589,79.827,2.459,"2,025",0,0,9.656,,69.5,67.4,1.062,1.021,8.472,East Tennessee St.
177,Iona,104.7,105.3,0.484,7–3,7,10,52,49.8,24,32.8,18.8,20.4,37.6,28.9,67.6,51.4,53.3,35.4,30.2,10.7,12.3,61.8,64.8,36,43.4,68,76.454,79.746,1.696,"2,025",0,0,5.896,,69.8,71.9,1.083,1.005,4.571,Iona
178,Davidson,106.3,107,0.481,3–8,3,11,48.5,51.3,26.2,25,15.5,15.5,25.4,29.5,64.6,51.3,52.3,29.8,33.3,8.6,9.2,56.1,50.2,42.2,41.3,65.1,78.581,81.165,1.697,"2,025",0,0,12.588,,79.8,72.8,1.03,1.075,19.323,Davidson
179,Cleveland St.,105.4,106.1,0.481,4–5,4,9,49.3,51.6,28.1,40.5,17.3,21.4,33.3,34.8,66.4,51.1,48.5,30.4,37.7,14.4,5.1,52.3,54.7,33.7,38,66.4,76.339,79.842,2.078,"2,025",0,0,0.2,,74.8,72.8,1.059,1.054,6.653,Cleveland St.
180,James Madison,112.4,113.4,0.475,7–3,7,10,50.8,49.8,33.3,34.5,12.8,16.4,32.4,38.3,63.2,50,48.1,34.5,35.7,8.3,8,42.9,37.9,46.7,31.4,63.3,76.764,80.638,2.103,"2,025",0,0,22.469,,77.6,75.5,1.16,1.124,7.135,James Madison
181,Boston College,102.1,103.2,0.469,3–8,3,11,47.7,50,29,35.6,16.5,16.1,25.2,32.9,67.1,47.1,50.1,32.5,33.2,10.3,7.8,45.5,46,35.8,34.9,67.5,76.874,79.675,1.655,"2,025",0,0,40.091,,70.8,70.4,0.986,1.084,25.552,Boston College
182,Georgia St.,112.8,114.1,0.467,6–5,6,11,54.8,47.4,35.6,25.9,14.8,12.6,30.9,33.8,68.3,53,47.2,39.2,31.8,9.3,5.8,40.8,50.7,30.9,40.4,69,78.217,80.817,2.035,"2,025",0,0,29.534,,69,71.1,1.149,1.088,7.14,Georgia St.
183,Southern Illinois,107.8,109.2,0.463,4–7,4,11,54,52.1,32.8,31.7,17.6,12.8,28.4,26.8,66.8,50.5,50.3,40.5,36.5,8.2,7.3,51.2,53.6,34.7,41.9,67.5,77.801,79.638,1.53,"2,025",0,0,37.238,,66.3,69.6,1.071,1.124,13.839,Southern Illinois
184,Temple,113.9,115.4,0.463,4–6,4,10,50.3,53.7,44.8,38.1,13.9,13.7,30.1,33.2,66.2,47.9,55.5,37.5,33.5,8.3,9.2,39.8,55.5,28.9,34.1,66.5,77.677,80.299,1.812,"2,025",0,0,34.509,,75.8,71.7,1.125,1.171,14.384,Temple
185,Denver,100.7,102.3,0.455,3–6,3,9,52.3,53.1,32.1,52.4,20.3,18.7,28.2,26.4,68.1,52.8,50.2,34.2,38.5,11.8,6.8,38.2,45.5,32.3,38.4,67.3,76.356,79.985,1.39,"2,025",0,0,0.2,,76.3,68.4,1.035,1.065,11.646,Denver
186,SIU Edwardsville,104,105.8,0.451,8–3,8,11,50.5,45.6,35.5,28.9,17.1,16.1,32.7,29,66.8,49.5,45,34.8,31.1,11.6,8,52.7,44.2,34.9,34.4,66.7,77.165,80.792,2.225,"2,025",0,0,7.282,,68.9,70.6,1.08,0.981,4.092,SIU Edwardsville
187,Youngstown St.,109,111.1,0.445,6–3,6,9,53.9,50.3,37.4,33.1,17.9,17,33,31.9,70.1,56.4,51.8,34,31.9,13.2,5.7,50.4,52.5,46.3,38.6,70.3,76.846,80.675,2.266,"2,025",0,0,12.405,,79.5,72.8,1.137,1.075,6.603,Youngstown St.
188,Montana St.,107.5,109.6,0.445,5–4,5,9,55,48.3,36.3,30.9,14.3,13.3,21.4,29.9,65.2,56.6,48.4,35.1,32.1,10.1,6.6,51.3,45.9,39.9,30.2,65.7,78.431,80.17,2.572,"2,025",0,0,22.065,,71.3,73,1.109,1.07,7.975,Montana St.
189,Charleston,104.8,107,0.441,7–3,7,10,53.4,51.3,35.8,22.8,15.4,16.1,25.9,27.2,67.9,54.1,52.1,34.8,33.5,7.6,8.5,57,55.9,39.6,41.9,67.8,77.2,80.77,2.093,"2,025",0,0,0.2,,63.5,74.3,1.08,1.054,8.538,Charleston
190,Ohio,108.3,110.6,0.44,5–6,5,11,54,52.2,33.9,35.7,13.5,16.6,20.7,27.6,70.7,53.7,52.6,36.3,34.4,4.9,7.9,49.7,44.3,40.9,33.3,70.1,76.005,78.852,2.025,"2,025",0,0,17.486,,77.9,75.2,1.107,1.09,8.655,Ohio
191,UNC Greensboro,104.4,106.7,0.438,6–4,6,10,50,48.2,30.6,39.1,13.6,15.7,28.9,26.2,64.8,49.6,45.4,33.8,34.4,10.8,6.3,47.2,41.3,39.1,45.3,64.7,76.559,79.782,2.55,"2,025",0,0,0.2,,73.3,73,1.087,1.039,7.228,UNC Greensboro
192,Tennessee St.,105.9,108.3,0.436,7–4,7,11,52.7,48.2,46.5,38.7,19.9,17.4,33.7,28,68.6,52.4,47.8,35.5,32.7,12.9,10.6,48.6,50.8,33.8,39.1,69.1,77.735,80.176,2.111,"2,025",0,0,11.019,,71.7,68.2,1.09,1.008,5.026,Tennessee St.
193,Samford,109.8,112.3,0.436,5–5,5,10,52.1,56.3,29.3,51.9,16.7,22.2,36.2,30.9,72.6,52.6,53.7,34.3,39.3,10.8,13.6,51.6,59.9,47.4,49.4,73.4,76.608,79.83,1.714,"2,025",0,0,19.421,,72,70.5,1.136,1.09,8.841,Samford
194,UTEP,103.1,105.5,0.434,2–8,2,10,46.3,52.1,37.1,39.9,15,18,25.7,29.8,70.2,48.6,50.9,28.1,35.9,7.6,11.8,48.2,56.2,34.9,40.6,70,76.865,79.417,2.154,"2,025",0,0,8.479,,69.1,65.2,0.999,1.054,17.538,UTEP
195,Central Connecticut,101.8,104.2,0.433,10–0,10,10,56.5,48.1,27.2,18.6,16.8,18.9,25.4,24.6,66.9,56,51.5,38.2,29.1,11.9,6.6,48.9,53.3,35.3,42.8,67.5,75.571,79.544,2.408,"2,025",0,0,0.2,,83,66.1,1.127,0.941,1.79,Central Connecticut
196,Cal Baptist,99.3,101.7,0.432,5–4,5,9,48.2,49.6,29.2,33.6,19.8,20.8,31.8,33,67.5,45,50.9,36.5,31.3,7.2,10,43.6,35.1,32.6,32.4,66.6,76.709,80.098,2.298,"2,025",0,0,10.765,,76.3,57.6,1.003,0.985,10.188,Cal Baptist
197,Western Kentucky,106.7,109.3,0.431,4–6,4,10,48.9,50,26.5,39.2,13.3,15.6,23.7,29.1,69.3,46.8,50,34.6,33.3,7.4,9.6,47.1,56.7,42.6,44,69.8,76.043,80.053,2.652,"2,025",0,0,14.108,,70.1,76.7,1.038,1.086,14.917,Western Kentucky
198,Loyola Marymount,104.1,106.7,0.43,4–7,4,11,51.1,49.9,29.1,32.3,14.1,16.1,19.7,32.4,68.8,51.9,51.2,33.2,31.9,10.8,8.7,45.9,52.2,38.5,38.6,67.5,78.912,82.016,2.437,"2,025",0,0,23.973,,76.6,74,1.041,1.087,22.1,Loyola Marymount
199,Bryant,102.9,105.5,0.429,8–2,8,10,49.8,46.9,32,23,14.9,15.6,35.5,25.8,71.2,52.1,45.5,30.4,32.9,17.5,6,51.4,42.5,35.1,36.9,71.3,78.787,80.382,2.506,"2,025",0,0,33.567,,70.5,67.1,1.11,0.973,4.294,Bryant
200,Valparaiso,106,108.8,0.426,5–7,5,12,48.5,54.1,27.2,28,12.6,15.7,23.5,26.8,66.9,46.5,52.3,34.4,37.9,11.7,9.3,50,60.4,38.3,37.9,67,76.829,80.229,1.475,"2,025",0,0,0.2,,82,72,1.057,1.101,11.79,Valparaiso
201,Brown,97.7,100.3,0.425,4–5,4,9,49.4,46.7,28.3,29.6,15.9,16.1,27.2,29.5,68.3,55.7,48.8,25.9,29.4,17.2,8.6,54.2,52.5,37,43.7,67,75.988,78.526,2.035,"2,025",0,0,3.81,,60.3,71.7,1.005,1.004,8.254,Brown
202,East Carolina,108.1,111,0.425,6–4,6,10,51.2,53.7,37.1,32.4,14.9,16.4,32.2,30.9,67.3,51.3,50.8,34,39.5,12.8,9.5,52.8,48.7,34.2,34.9,67.1,76.742,78.797,2.591,"2,025",0,0,41.618,,75,78.4,1.118,1.13,11.596,East Carolina
203,Florida Gulf Coast,108,111.3,0.414,6–4,6,10,53.3,53.1,24.3,29.6,14.4,12.6,33.4,21.6,65.9,53.5,49.5,35.3,38.5,7.3,7.7,50.3,45.7,34,42.7,65,77.137,79.675,2.066,"2,025",0,0,12.024,,70.9,69.2,1.145,1.097,6.435,Florida Gulf Coast
204,Presbyterian,103.6,106.9,0.411,5–4,5,9,51.8,51.3,28.9,41.8,13.7,19.7,27.4,29.9,65.9,50.8,53.6,36.1,31,7.8,7.3,45.5,44.1,30,32.6,65.2,77.497,79.808,1.836,"2,025",0,0,2.177,,70.4,71.9,1.086,1.051,8.584,Presbyterian
205,North Dakota St.,111.3,115.1,0.405,5–4,5,9,57.8,53.4,28,27.8,15.9,12.9,23,30.7,67.1,56,48.1,39.8,41.1,4.1,7.7,51.6,45.9,50,39,65.5,76.356,80.076,2.214,"2,025",0,0,6.917,,81.4,75.6,1.155,1.156,11.489,North Dakota St.
206,Wyoming,103.6,107.2,0.403,1–9,1,10,49.1,52.6,27.3,50.1,18.9,14.8,28.3,26.9,65,49.2,53.1,32.6,34.5,9,10.9,49.4,48.1,40.5,38,65.3,77.738,80.459,2.279,"2,025",0,0,23.566,,60.9,68.1,0.977,1.112,27.069,Wyoming
207,Purdue Fort Wayne,102,105.6,0.402,4–5,4,9,52.2,50.7,29.3,35.2,15.4,19.8,19.9,30.6,72.3,54,57.1,33.5,26.5,6,12,39.7,43.8,45.7,37.1,72.1,75.153,79.742,2.255,"2,025",0,0,0.2,,73.2,72.6,1.037,1.031,9.563,Purdue Fort Wayne
208,William & Mary,105.7,109.5,0.4,4–6,4,10,52.5,55.3,33,32.6,17.8,19.3,25.6,30.4,69,52.6,54.6,34.9,37.4,5.2,13.5,63.4,52.8,51.6,43.2,70,77.446,79.527,2.367,"2,025",0,0,12.835,,67.9,70.4,1.046,1.104,8.596,William & Mary
209,San Jose St.,105.1,109,0.397,4–6,4,10,51.4,53.2,27.9,29.3,19,16.7,26.7,33,67.8,52.1,54.1,33.7,34.2,9.2,11.3,53.2,49.1,46.2,32.6,68.5,76.878,79.517,2.105,"2,025",0,0,20.617,,67.7,73.7,1.011,1.125,23.785,San Jose St.
210,Incarnate Word,106.2,110.3,0.393,7–4,7,11,49.9,49.9,32.1,26.8,18.4,16.4,37.6,31.3,61.9,46,49.4,37.9,34.4,8.9,11.5,47.1,42.1,35.9,24.6,62.3,77.403,79.767,2.129,"2,025",0,0,2.191,,66.8,69.5,1.075,1.054,9.786,Incarnate Word
211,Milwaukee,105.7,109.9,0.39,6–4,6,10,50.9,53.6,36.7,31.4,18.1,18.8,37.8,28.2,68.1,54,51.3,29.4,38.2,9.7,10.1,58.1,55,31.1,38.3,68.9,76.387,80.04,2.654,"2,025",0,0,2.571,,71,74.2,1.104,1.06,7.176,Milwaukee
212,North Dakota,106.9,111.3,0.386,4–6,4,10,53,52.8,32.8,34.4,17.1,14.7,29.6,29.3,69.6,51.9,53.8,36.6,34.3,7.6,8.6,48.2,51.8,36.7,41,68.9,77.479,79.942,1.949,"2,025",0,0,11.284,,71.5,76.2,1.094,1.134,11.901,North Dakota
213,Norfolk St.,108.3,112.8,0.385,7–2,7,9,53.5,50.5,40.9,37.9,17.7,18.6,36.2,33.9,68,55.3,46.2,32,38.9,8.9,5.3,52.3,57.5,23.9,35.4,66.8,76.728,80.231,2.597,"2,025",0,0,7.297,,76.2,68.7,1.151,1.057,3.961,Norfolk St.
214,Northwestern St.,102,106.3,0.384,6–4,6,10,51.8,46,34.2,33.9,22.9,19.4,34.4,35.3,64.1,48.7,42.9,37.8,33.6,10,9.4,51.1,54.6,38.1,40.6,64.4,76.437,79.773,2.002,"2,025",0,0,12.685,,74.4,74.6,1.035,1.019,9.321,Northwestern St.
215,Merrimack,99.6,103.8,0.383,6–4,6,10,49.4,48.2,26.7,24.8,11.9,25.5,23.7,40.1,65.5,52.7,48.1,29.7,32.4,12.1,7.3,46.7,61.6,39.9,30.9,66.1,75.365,78.579,2.219,"2,025",0,0,0.2,,70.9,74.1,1.05,0.97,4.29,Merrimack
216,Texas St.,109.1,113.8,0.381,4–6,4,10,51,48.4,30.5,43.9,17.7,15.7,38.4,35.4,65.2,50,47.1,35.5,33.8,9.3,11.3,58.1,46.2,30.1,35.5,66.2,76.379,78.926,2.527,"2,025",0,0,14.887,,70.8,77,1.1,1.116,8.085,Texas St.
217,Jackson St.,105,109.6,0.379,9–2,9,11,53.7,47.4,37.5,28.2,16.7,17.5,34.5,25,67.8,56.7,49,31.1,29.9,10.3,8.1,53.8,51.1,30.5,38.5,67.3,76.043,79.949,1.812,"2,025",0,0,18.801,,72.2,72.1,1.143,0.967,2.894,Jackson St.
218,South Dakota,104.7,109.3,0.379,6–4,6,10,47.9,52.7,42.7,37.2,11.1,17.7,26.6,32.1,75.9,48.8,57.3,31.1,29.9,7,8.8,36.2,47.5,40.6,36.7,76.3,77.257,79.388,2.334,"2,025",0,0,10.379,,74.5,74.4,1.095,1.103,11.201,South Dakota
219,Southern,101.7,106.2,0.378,8–3,8,11,49.6,48.4,46.9,41.7,16.3,20.4,33.7,25.8,69.2,48.2,50.5,34.9,29.9,10.2,11.2,50,57.6,34,37.1,68.3,76.142,79.011,2.099,"2,025",0,0,0.2,,67.1,71,1.056,0.976,2.923,Southern
220,Eastern Michigan,105.8,110.6,0.375,6–5,6,11,52.1,50.7,33.7,34.9,19.4,18,33.8,31.4,66.1,53.1,48.4,33.5,36.3,12.2,8.6,47.3,47.1,36.8,38.2,65.8,77.097,79.953,2.213,"2,025",0,0,27.871,,79,76,1.081,1.081,7.265,Eastern Michigan
221,UT Rio Grande Valley,103.3,108.2,0.37,4–6,4,10,52,49.8,18.7,27.2,19.7,16.9,27.5,34.8,72.1,51.2,48.9,35.2,34.4,8.1,10.7,62.3,54.2,48,35,73.2,76.061,78.527,2.41,"2,025",0,0,0.2,,74.4,71.6,1.025,1.071,10.774,UT Rio Grande Valley
222,Pepperdine,109.3,114.5,0.37,4–8,4,12,50.7,56.2,29.5,23.2,14.3,14,29.1,31.4,69.9,49.1,55.2,35.6,38.5,6.6,8.9,60.2,56,36.5,39.4,68.9,78.496,81.598,1.798,"2,025",0,0,21.198,,70.6,76.5,1.078,1.198,18.794,Pepperdine
223,Southeastern Louisiana,107,112.1,0.369,6–5,6,11,48,52.9,37.4,30.4,13.8,17,33.6,28.5,65.6,47.7,51.2,32.5,36.8,6.7,8.8,41.6,49.3,30.6,40.9,66.4,76.767,80.056,1.977,"2,025",0,0,0.2,,75.8,66.7,1.102,1.079,7.859,Southeastern Louisiana
224,Manhattan,108.6,113.8,0.369,7–3,7,10,52.3,50.2,32.3,23.9,16.1,15.6,32.1,30.2,67.6,49.3,53.3,37.7,31.1,8.3,13,60.5,61.7,40.9,45.5,67.5,75.138,78.815,1.524,"2,025",0,0,6.604,,78.8,67.3,1.135,1.053,4.374,Manhattan
225,Richmond,107.1,112.3,0.367,3–7,3,10,50.1,54.8,22.4,29.9,16,15.8,21.7,32.5,60.8,49.1,53.3,34.4,37.5,6.7,9.8,47,55.2,39.7,51.6,61.3,76.63,81.272,2.047,"2,025",0,0,4.965,,81.8,73.1,1.015,1.162,24.104,Richmond
226,Central Michigan,109.1,114.4,0.367,5–6,5,11,52.9,53.6,44,28.7,15.4,18,32.3,29.6,68.3,52.7,51.1,35.5,38,7.7,8.1,49.3,49,29.1,42.2,67.2,77.895,79.814,2.035,"2,025",0,0,0.2,,75.5,72.3,1.138,1.09,7.689,Central Michigan
227,LIU,97.9,102.7,0.366,7–2,7,9,48.8,45,26.4,38.9,19.6,21,36.1,25.7,62.5,50.5,46.4,30.4,28.6,15.5,4.2,40.9,55.5,33.9,39.8,63.4,76.764,79.215,2.019,"2,025",0,0,0.2,,78.9,77.2,1.046,0.925,2.092,LIU
228,South Dakota St.,107.6,112.9,0.365,5–4,5,9,51.9,55,37.7,26.8,17.1,11,36.2,18,70,51.2,54.2,35.5,37.4,6.4,9.6,48.2,35.4,36.8,45.1,69.3,77.176,80.923,1.029,"2,025",0,0,14.988,,73.2,79.5,1.135,1.137,7.428,South Dakota St.
229,Monmouth,107.7,113.1,0.363,7–4,7,11,50.1,49.6,37.8,29,14.3,15.6,28.5,35.7,64.6,47.8,47,36.3,35.9,14.3,9,54.3,48.6,34.5,38.6,66.4,78.243,80.568,1.565,"2,025",0,0,4.93,,75,75.7,1.099,1.099,7.564,Monmouth
230,Massachusetts,100.3,105.4,0.361,3–7,3,10,43,52,25.9,25,16.6,16.9,35.7,30.9,67.5,44.1,53.2,27.2,33.6,8.1,10.1,49.2,58.6,32.6,42.4,68.3,76.847,80.28,1.619,"2,025",0,0,36.775,,67.7,66.4,0.971,1.067,20.305,Massachusetts
231,South Florida,101,106.2,0.36,2–8,2,10,46.7,49.7,39,40.5,15.2,18.3,27.3,36.4,69.9,49.4,46.6,27.9,36.6,10.6,11.8,56,48.7,34.8,36.6,68.7,76.61,79.923,1.999,"2,025",0,0,28.337,,70.4,72.6,1.008,1.1,19.482,South Florida
232,Sacred Heart,107.5,113.1,0.358,6–5,6,11,51.3,49.4,24.3,27.9,15.9,16.4,31.6,34.2,70.9,53.7,49.9,32.5,32.4,8.6,10.3,65.3,53.4,47.8,36.9,71.6,76.816,78.932,1.796,"2,025",0,0,0.2,,73.3,74,1.096,1.076,4.997,Sacred Heart
233,La Salle,105,110.5,0.357,2–8,2,10,44.5,55.4,29.2,29.7,16,16.6,30.9,31.6,65.7,42.7,57,32,35.6,10.1,11.1,44.5,55.8,33.6,44.2,65.8,77.36,80.542,2.098,"2,025",0,0,23.528,,76,70.8,0.992,1.136,22.415,La Salle
234,Bowling Green,99.4,104.7,0.355,7–4,7,11,50.8,49.3,34.7,28.7,17.1,16.5,23.5,23.4,68.2,49.3,52.5,35.4,30,10.5,11.3,47.6,55.2,39.2,43.5,67.8,76.201,79.488,2.142,"2,025",0,0,5.375,,73.2,77.8,1.038,1.01,4.744,Bowling Green
235,Siena,102.9,108.4,0.355,5–5,5,10,48.6,50.4,40.3,33.6,15,19.8,29.4,29.2,70.2,50.5,52.2,30.1,30.8,12.3,10.2,45.9,44.4,36.9,30.6,70.8,76.955,80.709,1.435,"2,025",0,0,8.693,,76.6,79.4,1.081,1.021,4.17,Siena
236,Tulsa,102,107.5,0.353,3–7,3,10,51.2,50.1,28.8,32.9,15.8,13.5,21.3,31.3,65.7,53.1,50.4,32.1,33,5.5,9.5,54.7,46.9,38.6,35.1,65.6,76.879,80.155,2.018,"2,025",0,0,33.917,,63.9,72.5,1.009,1.107,18.719,Tulsa
237,UMKC,99.8,105.2,0.353,3–7,3,10,48.4,50.2,29,32.8,18,16.8,36.8,30.3,64.9,48.4,50.3,32.2,33.3,12.9,6.4,48.1,45.3,40.5,38.4,64,77.496,79.281,2.302,"2,025",0,0,4.219,,73.1,75.3,1.046,1.07,10.259,UMKC
238,Cal St. Bakersfield,106.6,112.4,0.352,4–6,4,10,47.7,55.5,31.5,36.4,18,19.8,35.3,31.1,67,45.9,53,34.9,39.2,8.9,7.5,42.1,55.4,28.5,42.4,66.3,76.594,78.575,2.201,"2,025",0,0,0.2,,80.2,73.4,1.057,1.11,12.144,Cal St. Bakersfield
239,Appalachian St.,98.4,103.9,0.349,5–5,5,10,47.6,47.1,34.8,19.8,14.9,13.5,27.9,28.7,63.1,47.3,45.8,32,33,9.3,12.8,48,52,39.5,35.3,61.9,77.42,81.799,2.381,"2,025",0,0,14.593,,63.7,69.7,1.019,1.015,6.883,Appalachian St.
240,Oakland,107.2,113.4,0.344,6–4,6,10,55,50.9,41.4,27.4,18.4,14.3,30.7,29.4,68.8,56.3,51.2,35.3,33.8,6.6,9.1,60.2,61.5,40.5,45.6,68.2,76.984,78.86,2.339,"2,025",0,0,5.83,,73,73,1.126,1.087,7.095,Oakland
241,Alabama St.,99,104.8,0.342,8–3,8,11,47.1,46,28.1,35.6,12.6,19.7,26.8,30.4,67.8,46,47.2,32.4,29.3,10.8,8.1,42,48.6,41.8,36.7,67.4,76.481,79.611,2.342,"2,025",0,0,3.942,,73.8,63.8,1.047,0.943,3.28,Alabama St.
242,Georgia Southern,105.4,111.6,0.341,6–5,6,11,52.6,48.5,23.1,37.3,17.8,17,33.9,32,67.7,51.1,48.3,36.2,32.6,8.8,12,55.8,46,46.3,36.6,68,77.228,80.286,2.032,"2,025",0,0,12.772,,64.3,72.1,1.085,1.06,6.48,Georgia Southern
243,Albany,104.2,110.8,0.33,6–4,6,10,49.9,52.7,25.9,28.9,15.7,20,34.8,28.2,66.2,49.5,50.8,33.8,37.4,9,13.9,49.8,44.5,37.7,35.4,66.8,75.272,78.279,2.328,"2,025",0,0,16.527,,70.4,75.5,1.08,1.045,5.33,Albany
244,Campbell,102.6,109.4,0.323,4–6,4,10,50.2,54.6,25.3,25.2,15.3,18.9,27,29,64.6,52.2,55.4,31.4,35.4,10.3,11.4,52.6,53.9,39.4,34.8,64.5,77.542,79.607,2.448,"2,025",0,0,7.673,,74.8,73.4,1.044,1.089,7.291,Campbell
245,Western Michigan,103.6,110.5,0.323,6–5,6,11,48.2,54.6,29.6,33.9,15.8,19,34.4,29.7,69.8,49.5,54.2,30.6,36.7,6.9,8.6,45.4,60.8,36.4,38.6,68,77.51,80.297,1.879,"2,025",0,0,13.765,,68.3,68.4,1.051,1.093,7.77,Western Michigan
246,Lafayette,99.3,106.1,0.318,5–6,5,11,52.4,49.5,31.6,19.8,17,16.1,21.6,25.2,65.2,53.6,46.3,33.7,36.3,8.4,5.8,60.8,54.6,42.1,38.6,66.6,75.914,79.906,1.324,"2,025",0,0,1.282,,70.6,75.6,1.036,1.009,4.173,Lafayette
247,Northeastern,102.9,110.1,0.315,5–5,5,10,50,49.7,28.5,30.1,16.2,19.3,28.8,36.1,65.2,50.6,50.8,32.7,31.7,12.6,10.5,47.2,43,38,33.7,65.7,77.613,79.248,1.814,"2,025",0,0,0.2,,72.4,75.1,1.056,1.05,6.379,Northeastern
248,Jacksonville,99.7,106.7,0.314,6–5,6,11,49.4,50.8,27.8,34.3,16.2,16.7,35.6,29.7,67.3,48,48.4,35.1,36.3,10.9,7.5,48.3,46.5,30.9,39.5,66.7,76.874,79.98,1.903,"2,025",0,0,22.593,,66.3,72.3,1.065,1.06,8.754,Jacksonville
249,Princeton,100.4,107.5,0.313,5–4,5,9,50.1,55.4,20.2,27.7,15.7,15.8,22.8,19.3,67.3,51.6,56.1,32.5,36.2,8.4,12.3,51.4,57.2,52.9,41.9,66.6,76.177,79.178,1.682,"2,025",0,0,12.093,,75.9,75.2,1.02,1.073,10.929,Princeton
250,Mount St. Mary's,103.8,111.2,0.312,7–3,7,10,55.5,47.3,27.3,24.2,21.7,14.2,32.9,24.9,66.9,54.4,45.5,38.1,32.9,9.4,9.8,57.1,54.2,38.9,47.5,68.1,77.093,80.394,2.002,"2,025",0,0,0.789,,76.8,79.6,1.078,1.022,3.908,Mount St. Mary's
251,Seton Hall,94.7,101.5,0.311,1–9,1,10,41.9,56.7,27.3,37,17.7,24.3,27,38.4,64.7,43.3,57.1,25.6,37.4,12.9,10.6,50.9,64.5,28.4,43,65.2,78.174,80.222,1.542,"2,025",0,0,58.114,,65.6,75.4,0.876,1.113,38.083,Seton Hall
252,Delaware,109.4,117.3,0.31,4–8,4,12,56.3,55.4,24.7,31.2,17.2,16.3,24.7,30.7,69.5,57,55.4,36.8,37,7.3,12,51.8,47.3,40.7,34.6,70.3,77.176,79.016,1.986,"2,025",0,0,22.136,,78.6,76.1,1.109,1.149,9.214,Delaware
253,UMass Lowell,106.4,114.2,0.307,3–7,3,10,57.3,55,22.4,23.8,19.1,16.1,28.2,26.2,67.4,58.7,53.8,36.5,38,10.8,9,53.1,49.6,36.1,37.3,67.2,76.676,79.284,2.512,"2,025",0,0,0.99,,72.9,63.8,1.105,1.088,5.391,UMass Lowell
254,UC Davis,99.1,106.5,0.304,3–7,3,10,47,51.7,31.8,39.7,18.1,21,26.4,31.7,66.4,43.6,48.2,35.3,38.6,9.9,7.5,51.5,54.6,36,35.6,66.5,76.233,79.428,2.276,"2,025",0,0,6.785,,71.9,79.1,0.971,1.065,16.705,UC Davis
255,Ball St.,103.7,111.5,0.303,5–6,5,11,50.5,52,41,25.6,15.8,14.5,27.8,25.7,68.3,50.1,58.9,34.1,28.2,6.1,9.6,49.5,54.5,34,41.7,66,77.311,80.701,2.402,"2,025",0,0,6.23,,74.4,75.6,1.077,1.08,7.868,Ball St.
256,UT Arlington,104.8,113.1,0.294,3–6,3,9,51.8,49.8,39.2,23.7,19.4,15,30.5,33.1,67.9,54.4,46.9,32.3,36.8,9.1,8.8,54,57.8,43.4,35,67.3,76.668,80.679,2.497,"2,025",0,0,18.764,,58.7,75.7,1.021,1.089,13.838,UT Arlington
257,North Florida,105.6,114,0.293,4–6,4,10,52.7,53.1,22.3,23.8,16.1,14.8,27.6,33.6,71.9,51.2,54.2,35.9,33.7,8,14.4,60.9,50.5,56,30,72.7,76.562,78.872,1.843,"2,025",0,0,0.2,,72.9,74.7,1.081,1.131,8.166,North Florida
258,Quinnipiac,99.2,107.1,0.293,6–4,6,10,51.3,51.8,34.7,26.9,20.5,16.2,31.8,17.8,74.8,52.5,47.5,32.5,39.1,13.1,10.3,59.1,51.5,33,38.5,75.5,77.461,79.772,1.993,"2,025",0,0,8.819,,79.2,75.6,1.037,1.011,5.165,Quinnipiac
259,American,97.7,105.6,0.29,8–3,8,11,50.8,51.2,26.5,31.7,16.8,19.4,24.5,25.4,63,51.6,53.3,33.1,32.2,3.9,9.4,50.2,55.2,42.8,41.2,63.6,76.385,79.64,2.034,"2,025",0,0,0.2,,73.2,68.2,1.023,1,3.846,American
260,Fresno St.,100.7,108.9,0.289,1–9,1,10,45.6,54.9,33.8,20.3,18.9,16.8,29.8,34.8,66.4,45.2,58.3,31.1,34.1,11.5,12,39.8,63.3,32.6,47.2,68,77.402,81.104,1.461,"2,025",0,0,6.824,,71.6,73.2,0.975,1.135,23.574,Fresno St.
261,Evansville,99.3,107.4,0.289,3–7,3,10,48.2,50.9,33.9,33.3,16.8,14.7,26.1,25.2,66.7,50,46.7,30,37.2,15.4,9.4,49.2,63.3,36.2,46,67.4,78.324,81.639,1.439,"2,025",0,0,13.004,,73.3,75.7,1.003,1.08,13.258,Evansville
262,Bellarmine,108.5,117.4,0.288,2–7,2,9,58.4,56,24.4,41.9,15,16.5,18.1,28.3,67.9,59.5,54.7,38,38.2,6.6,7.3,49.8,60.2,41.8,48.2,67.5,76.508,78.949,1.654,"2,025",0,0,0.2,,73.8,80.2,1.126,1.161,9.132,Bellarmine
263,Austin Peay,110.5,119.6,0.287,5–6,5,11,54.2,56,24.2,36.3,12.4,13.5,28.3,28.1,66,51,52.3,39.5,41.7,8.7,11.4,51.6,51.3,38.5,36.3,65.9,76.123,78.997,1.946,"2,025",0,0,18.21,,74.7,72.6,1.167,1.172,8.522,Austin Peay
264,Pacific,100.9,109.4,0.283,2–7,2,9,48.9,52.8,36,36,20.7,14.3,26.9,25.6,68.3,50.8,56,30.2,32.1,8.5,7.7,44.8,56.1,35.6,40.5,67.1,77.683,80.257,2.117,"2,025",0,0,39.243,,75.3,81.7,0.98,1.133,25.165,Pacific
265,Charlotte,108.5,117.7,0.282,2–8,2,10,51.4,60.2,33.7,38.2,16,14.4,25.9,27.2,64.3,51.1,58.5,34.5,42.2,4.9,12.5,51.9,46.6,43.4,34.8,64.5,77.397,79.945,2.474,"2,025",0,0,10.059,,78.9,71.4,1.09,1.206,15.77,Charlotte
266,Hawaii,99.4,107.9,0.28,3–7,3,10,48.1,51.4,32.3,31.5,20.6,12.8,28.8,23,67.4,50.7,49.7,29.2,36.2,4.1,7.1,47.6,46.7,38.1,36.3,66.8,77.736,81.28,2.092,"2,025",0,0,0.2,,76.8,75.3,0.983,1.084,14.419,Hawaii
267,Fordham,105.2,114.3,0.278,1–9,1,10,47.1,55.1,28.6,41.9,18.5,15.3,32.9,31.5,68.7,49.3,56,29.3,35.5,8.8,12.5,49.6,48,42.3,33,69.4,76.336,79.898,2.411,"2,025",0,0,22.701,,66.3,76.3,1.008,1.165,17.64,Fordham
268,Loyola MD,100.9,109.8,0.275,4–7,4,11,51,52.8,27.7,28.2,17.2,17,27.4,26.5,65.8,50.1,54.8,34.8,32.7,8.1,6.6,56.2,52.1,42.5,35.4,67,77.186,79.377,1.7,"2,025",0,0,0.2,,64.4,74.6,1.03,1.061,5.123,Loyola MD
269,Northern Arizona,102.6,111.7,0.273,5–7,5,12,50.6,55.4,30.3,33.2,15.1,16.4,29.8,22.3,66.2,49,55.1,35.7,37.2,3,8.1,48.1,49.8,36.7,37.2,66.5,77.4,79.266,2.472,"2,025",0,0,7.467,,66.2,74.2,1.073,1.094,8.395,Northern Arizona
270,Texas Southern,93.4,101.7,0.273,6–5,6,11,48.5,43.1,23.6,34.8,20.6,20.4,36.3,32.1,69.6,48.8,45.5,32,25.9,7.6,8.8,49.7,52.5,38.8,35.4,68.7,76.583,80.762,2.717,"2,025",0,0,12.797,,70.4,66.4,1.017,0.904,3.171,Texas Southern
271,Tarleton St.,95.4,104,0.27,3–6,3,9,45,52.1,41,50.6,24.1,22.4,30.3,29.6,66.9,45.5,53,28.9,33.7,13.4,13.8,51.3,63.8,24.7,38.7,66.3,76.359,78.924,1.106,"2,025",0,0,0.2,,71.4,72.9,0.913,1.023,12.116,Tarleton St.
272,Elon,105.7,115.5,0.265,3–7,3,10,52,51.2,33.8,28.1,21.5,13.9,35.1,32.3,64.7,51.1,48.7,35.6,36.4,13.1,6.1,46.3,59.5,41.8,43.2,65.2,79.526,83.443,1.732,"2,025",0,0,6.469,,80.8,69.4,1.078,1.123,9.1,Elon
273,Wright St.,108.6,118.7,0.265,4–6,4,10,58.3,56.2,27.2,36.7,19.4,14.6,32.1,31.3,67.2,57.6,54.3,39.7,39.7,9.6,8.4,53.8,49.3,37.5,35.8,67.5,76.631,79.182,1.981,"2,025",0,0,0.223,,68.4,70.6,1.134,1.185,7.576,Wright St.
274,Maine,100.9,110.3,0.264,5–5,5,10,52.4,52.1,26.2,27,14.9,20,22.5,32.2,64.6,50.7,51.7,36.9,35.2,13.2,8.2,61.3,56,35.8,35.2,64.6,77.073,79.877,2.534,"2,025",0,0,0.2,,73.8,68.9,1.063,1.044,4.161,Maine
275,Longwood,104,113.8,0.262,2–7,2,9,52.4,59.3,45.5,34.4,19.4,19,31.3,28.1,70.9,53.3,63,33.6,36.8,6.4,8.6,49.6,52.7,30.5,48.2,69.6,75.469,78.496,1.987,"2,025",0,0,21.297,,72.2,65.9,1.077,1.134,8.94,Longwood
276,Florida A&M,106.2,116.3,0.26,6–5,6,11,55.2,47.2,39.7,38.6,18.6,14.6,29.5,30.6,66.8,57.1,48.9,35.3,29.2,6.9,7.1,50,33.7,46.9,34.2,65.7,77.252,80.874,2.551,"2,025",0,0,6.695,,73.5,70.4,1.1,1.058,3.167,Florida A&M
277,FIU,95.8,105,0.258,2–8,2,10,43.8,53.1,35.1,33.9,18.9,20.6,29,29.7,68.3,45.2,51.3,27.1,37,12.5,7.6,46.1,62.7,30.3,43.5,67.8,76.816,80.181,1.863,"2,025",0,0,2.311,,70.7,76,0.928,1.055,18.942,FIU
278,Eastern Illinois,91.9,100.9,0.255,5–4,5,9,41.9,47.8,33.2,36.1,18.5,23.4,31.7,31.8,66.5,39.7,45.3,31.6,34.2,8.4,10.2,47.9,59.1,29.5,42.4,66.4,76.369,78.674,2.304,"2,025",0,0,0.2,,76,65.1,0.939,0.947,4.739,Eastern Illinois
279,UNC Asheville,104.7,115,0.254,5–5,5,10,52.4,54.8,34.6,39.9,14.5,18.2,26.3,32.5,70,54,52.1,33.3,39.8,11.3,4.6,42.3,47.9,38.3,35.2,68.7,77.318,80.469,2.221,"2,025",0,0,19.242,,76.2,68.8,1.101,1.132,9.43,UNC Asheville
280,Lehigh,102,112.1,0.252,4–6,4,10,53.1,48.9,34,35.5,15,15.7,24.9,26.8,66,51.7,52,37.1,29.3,6.6,6.8,50,47.1,36.3,38.2,67.3,76.217,79.756,1.395,"2,025",0,0,0.2,,68.3,76.5,1.077,1.053,4.608,Lehigh
281,Oral Roberts,100.9,111,0.25,2–7,2,9,48.3,50.1,35.7,36.2,14.9,13.3,21.3,31.6,66.9,44.9,50.8,34.9,32.8,9.1,8.8,36,49.4,46,42.7,66.5,76.386,80.045,1.844,"2,025",0,0,31.415,,76.7,79.4,1.024,1.132,10.357,Oral Roberts
282,Delaware St.,103.3,113.7,0.249,6–3,6,9,51.6,53.5,38.1,43.2,18.5,22,37.1,31.3,73.8,48.7,55.1,41.3,33.5,5.5,5.3,48.5,53.8,21.8,33.8,72.7,76.939,80.922,2.373,"2,025",0,0,0.2,,72.3,72.4,1.107,1.055,3.116,Delaware St.
283,IU Indy,115.2,126.8,0.249,3–6,3,9,52.5,58.9,30.7,23.9,10.5,15.7,31,39.7,64.8,46.5,63.5,40.3,34.9,4.6,10.8,51.7,58.6,42.6,41.5,64.9,76.79,78.959,1.966,"2,025",0,0,0.2,,72,69.7,1.175,1.255,7.296,IU Indy
284,Stephen F. Austin,99.9,110.3,0.243,5–5,5,10,48.1,52.1,25.4,28.9,18,18.1,31.6,32.4,69.3,48.8,49.4,31.3,38,10,8.4,51,55.5,39.1,35.7,70,77.832,80.145,2.298,"2,025",0,0,0.433,,70.9,72.6,1.013,1.08,7.276,Stephen F. Austin
285,Houston Christian,98.8,109.1,0.242,2–9,2,11,49.8,50.8,24.5,30.9,17,17.8,23.9,33.8,62.7,49.1,51.6,33.8,32.7,12.2,8,49,40.8,45.2,32.7,62.9,75.838,78.051,2.239,"2,025",0,0,3.278,,58.9,70.3,0.984,1.069,8.378,Houston Christian
286,Rider,103.3,114.1,0.242,5–5,5,10,50.7,52.7,28.2,26.8,16.9,15.4,28.9,26.7,65.8,49,50.4,36.4,37.3,10.4,8.9,53.3,49.6,30.9,41,66.7,76.812,79.064,2.031,"2,025",0,0,11.426,,75.8,68.4,1.064,1.069,5.41,Rider
287,Mercyhurst,106.3,117.7,0.237,4–3,4,7,54.6,54.7,31.3,34.7,15.7,19.1,22.4,27.9,66.5,50.2,55.4,41.4,35.8,4.7,5.8,60.6,54.3,36.6,42.7,66,75.357,78.459,2.198,"2,025",0,0,0.2,,83.3,79.1,1.112,1.093,4.029,Mercyhurst
288,Fairleigh Dickinson,96.9,107.4,0.235,4–7,4,11,49.3,47.5,32.6,28,17.7,18.9,24.7,28.3,67.4,50.7,47.9,31.6,31.3,5.5,9.9,55.3,48.9,44.4,38,69.6,75.836,77.756,1.963,"2,025",0,0,0.2,,75.7,78.2,1.009,0.987,4.705,Fairleigh Dickinson
289,Hofstra,96.8,107.4,0.232,3–8,3,11,48.3,48.6,23.6,42.5,15.8,17.9,29.4,28,63.3,46.4,46.3,34,34.5,12.2,9,55.6,51.9,41.7,41.7,63.1,77.033,79.782,2.035,"2,025",0,0,9.532,,67.6,72.8,1.015,1.035,5.811,Hofstra
290,Idaho,107.6,119.4,0.232,3–6,3,9,50.6,55.6,33.1,35.6,17.3,13.8,29.2,30.5,66,48.3,56.5,35.4,36,9.3,9.4,44.9,47.7,47.8,36.2,66.7,76.772,79.643,1.56,"2,025",0,0,5.131,,83.3,68.3,1.086,1.174,8.745,Idaho
291,Western Illinois,103.8,115.2,0.232,4–5,4,9,54,48.4,30.5,30.5,19.1,13.8,26.8,32.9,68.3,48.9,46.1,41.5,34.9,10.8,7.7,44,50.4,38.4,36.6,68.1,77.018,79.619,2.578,"2,025",0,0,7.691,,70.3,71.8,1.057,1.089,5.834,Western Illinois
292,Lindenwood,96.3,106.9,0.231,6–5,6,11,44.8,48.5,36.8,36.7,16,18.3,30.5,30.3,70.1,46.9,49.8,27.2,30.6,10.8,11.1,38.7,42.7,34,32.6,70.5,76.91,79.212,1.709,"2,025",0,0,7.042,,70.5,68.7,0.988,1.014,5.508,Lindenwood
293,Alcorn St.,100.7,111.8,0.231,7–4,7,11,51.2,50.1,33,34,16,18.8,32.3,26.7,65.2,52.9,52,31.2,31.4,6.6,8.5,39.7,54.3,27.5,39.6,64.3,75.407,78.568,1.963,"2,025",0,0,0.308,,71.1,67.5,1.085,0.995,3.442,Alcorn St.
294,Little Rock,100.5,111.7,0.229,6–5,6,11,52.2,50.8,29.2,37.3,19.7,22.5,31.6,35.5,66.5,49.7,47.8,38.9,36.6,15.6,6.1,48.8,57.3,29.6,41.2,66.9,78.12,80.272,2.017,"2,025",0,0,29.074,,69.9,73.2,1.056,1.026,4.16,Little Rock
295,Old Dominion,99.1,110.4,0.224,5–8,5,13,43.8,51.6,30.9,31.8,16.2,17.2,36.7,32.5,65.5,43.1,52.8,30,32.8,9.9,11.5,42.5,49.9,37.9,35.2,65.9,77.974,80.08,1.502,"2,025",0,0,14.558,,77.3,70.1,1.027,1.085,8.538,Old Dominion
296,Saint Peter's,97.2,108.4,0.222,5–6,5,11,43.7,48.2,38.1,31.2,18.2,17,36.2,31.4,65.5,43.3,45.9,29.5,34.6,11.9,11.9,39.8,55.1,36.7,38.8,65.7,77.225,80.206,1.705,"2,025",0,0,0.2,,76.5,78.3,1.009,1.04,4.818,Saint Peter's
297,Saint Francis,105,117.2,0.22,7–2,7,9,56.6,51.3,26.8,27,18.5,16.3,29,28,65.6,58.5,54.3,35.9,31.6,7,7.5,49.2,45.6,40.6,43.8,66.4,76.295,78.641,1.168,"2,025",0,0,0.2,,72.5,77.1,1.111,1.072,3.734,Saint Francis
298,Louisiana,96.5,107.8,0.219,5–6,5,11,45.3,48.5,31.7,42,16.6,20,25.2,36.7,65.4,44.4,52,31.1,29,7.9,13.2,43.3,53.1,37.8,41.2,65.3,76.207,78.847,2.185,"2,025",0,0,9.287,,71.1,71.1,0.958,1.041,9.614,Louisiana
299,Navy,101.9,114.1,0.214,7–4,7,11,48.8,53.7,41.3,31.1,14.8,20.5,29.8,29.3,66.3,46.7,54.2,35.2,35.3,7.6,7.6,52.5,46.3,34.4,38.9,67.6,74.266,78.197,1.712,"2,025",0,0,0.2,,72.7,72.9,1.072,1.065,4.809,Navy
300,Boston University,100.2,112.2,0.214,5–5,5,10,50.9,53.9,28.8,38.5,18.9,17.4,32.7,22.3,64.5,49.9,54.2,35,35.5,9.5,9.7,46.4,50.6,37.9,40.8,65.3,77.389,80.653,1.675,"2,025",0,0,4.079,,73,74.4,1.051,1.067,4.488,Boston University
301,Texas A&M Commerce,98.3,110.3,0.21,3–7,3,10,49.9,50.4,27.2,34.1,19.8,20.2,25.7,41.4,65.8,48.4,49.9,34.4,34.5,11.8,13.3,71.1,56.2,47.9,28.8,66.8,76.302,79.365,1.997,"2,025",0,0,8.201,,71.1,65.6,0.991,1.071,9.631,Texas A&M Commerce
302,Stony Brook,104.3,117.2,0.207,3–7,3,10,50,54.2,30.9,25.3,17.3,13.5,28.1,30.1,63.2,45.7,52.9,37.6,37.2,6.2,11.7,50.6,58.3,40.1,43.6,64.4,77.208,79.534,1.999,"2,025",0,0,0.498,,72,73.1,1.052,1.151,8.758,Stony Brook
303,Bethune Cookman,102.4,115.2,0.205,9–2,9,11,54.4,48.7,46.7,29.6,21.3,14.6,32.7,26.9,70.3,56.4,50.2,33.7,30.7,9.6,8.5,65.2,55.5,33.8,37,69.4,77.232,79.479,2.43,"2,025",0,0,8.538,,68,72.6,1.07,1.043,2.766,Bethune Cookman
304,Gardner Webb,101.9,114.7,0.204,2–8,2,10,50.8,54.6,35.5,40,19.2,14.9,33.3,30.5,69.3,53.3,58.6,29.9,31.8,6,8.7,30.2,48.8,30.5,37.3,68.2,76.481,79.309,2.079,"2,025",0,0,3.382,,70.9,70.4,1.06,1.153,9.582,Gardner Webb
305,Utah Tech,105,118.2,0.204,0–10,0,10,51.5,52.6,31.6,45.3,20.1,14.5,27.9,29.9,68.3,50.3,49.4,35.6,40.4,12.2,8.5,46.2,50.9,39.4,29.3,67.5,75.522,78.615,2.278,"2,025",0,0,0.2,,74.7,72.4,1.033,1.133,10.645,Utah Tech
306,Binghamton,95.7,107.8,0.203,5–5,5,10,49.5,47.8,35.5,24.4,18.9,12.7,30.2,23.9,67.8,51.3,50.6,30.5,29.4,8.1,12.8,43.6,45.9,33.2,42.1,67,78.126,79.221,2.23,"2,025",0,0,2.051,,69,67.1,1.012,1.015,4.177,Binghamton
307,Western Carolina,101.2,114,0.203,2–8,2,10,48.9,48.2,27.5,33.3,16.1,10.4,25.8,29.8,69.8,46.8,52,34.1,28.9,10.1,9.4,53.9,53.1,46.7,44.2,70,77.329,80.825,1.878,"2,025",0,0,0.213,,73.7,75.8,1.026,1.12,10.445,Western Carolina
308,San Diego,102.2,115.2,0.202,2–8,2,10,45.4,58.6,34.6,45.5,16.5,18.3,30.8,30.6,72.5,44.6,52.8,31.3,46.8,8.8,10.3,46.8,58.7,33.6,33.4,72.2,77.986,81.943,1.78,"2,025",0,0,0.2,,77.9,73,1.019,1.168,15.291,San Diego
309,Tennessee Martin,100.8,113.7,0.2,5–6,5,11,48.6,51.3,33.8,31.5,20.3,19.3,36.3,31,65.2,48.4,46.4,32.5,37.5,8.4,14.1,54.8,60.3,44.7,49.7,65.6,76.897,79.418,1.607,"2,025",0,0,0.2,,67,70.5,1.035,1.053,4.355,Tennessee Martin
310,Mercer,96.1,108.4,0.2,3–8,3,11,46.8,50,30.2,29.4,17,14,29.9,27.4,70.7,47.1,45.8,30.8,36.1,7.2,10.6,43.9,62.3,37.3,49.9,71.2,76.363,79.408,2.334,"2,025",0,0,0.2,,62.4,75,0.979,1.087,10.043,Mercer
311,Long Beach St.,99.5,112.3,0.199,0–10,0,10,47,53.8,38.3,36.6,20.9,16.9,28.4,32.4,65.3,45.2,50.6,33.2,38.7,8.4,7.1,50.5,52.8,39,42.2,64.8,78.093,80.977,1.737,"2,025",0,0,20.12,,77.9,77.5,0.986,1.131,16.359,Long Beach St.
312,Colgate,103.9,117.3,0.199,5–6,5,11,56.1,55.2,22.1,24.1,16.3,16.3,23.2,24.9,66.5,56.5,52.9,36.9,38.9,7.2,7.8,50.5,49.7,39.3,41.8,68.1,77.151,79.648,1.803,"2,025",0,0,0.2,,77.9,69.9,1.095,1.099,3.543,Colgate
313,Howard,99.1,111.9,0.198,4–7,4,11,51.7,47.1,39.4,46.7,22,17.5,31.3,34.3,70.9,53.6,47.4,32.8,31,8.5,6.6,53.1,41,43,26.9,70.4,76.856,79.476,2.27,"2,025",0,0,12.484,,72.4,76.5,1.032,1.067,4.358,Howard
314,Weber St.,96.7,109.3,0.197,4–8,4,12,49.4,52.3,32,32.7,15.5,16.5,18.6,25.8,66,49.9,52.2,32.3,34.9,8,9.5,41,55.7,34,49,66.4,78.159,80.888,1.939,"2,025",0,0,5.722,,71,75,0.996,1.066,7.37,Weber St.
315,Tennessee Tech,99,112,0.195,4–6,4,10,50.9,51.3,30.4,20.1,17.3,15.5,23.2,26.6,68.1,49.7,51.5,34.8,33.9,6.3,9.8,59.1,42.5,48,35.3,68.2,76.074,78.589,1.982,"2,025",0,0,4.087,,68.2,72.6,1.012,1.051,4.186,Tennessee Tech
316,Toledo,109.9,124.6,0.191,5–6,5,11,50.4,60.2,34,24.3,12.6,16.2,31,29.6,68.4,50.8,57,33,43.4,6.4,6.7,46.6,47,26.9,39.6,67.1,77.048,79.338,1.623,"2,025",0,0,16.52,,76.5,76.6,1.141,1.203,7.267,Toledo
317,Eastern Washington,101,114.7,0.188,4–6,4,10,51.6,54.4,33.7,40.3,18,18.8,24.7,32.4,66.1,53,50.6,32.8,41.5,10.3,5.5,53.1,49,37.6,32.8,66.8,77.3,79.211,1.894,"2,025",0,0,7.707,,81.9,74.5,1.041,1.126,7.777,Eastern Washington
318,Illinois Chicago,96.3,109.5,0.186,3–7,3,10,45.9,51.6,34.1,28.9,16.2,16.7,25.9,30.7,67.8,46.3,50.5,30.2,35.7,10.6,12.4,57.5,60.2,37.5,35.7,68.9,76.523,79.626,2.3,"2,025",0,0,14.347,,74.1,74.7,0.978,1.083,13.24,Illinois Chicago
319,Fairfield,96.5,109.9,0.183,4–6,4,10,48.6,49.8,26.8,32.6,15,20,21,33.6,66.7,49.2,50,31.7,33,10.6,8.7,46.9,50,36.9,38.1,66.3,75.994,80.089,2.18,"2,025",0,0,10.287,,74.2,75,0.99,1.052,5.111,Fairfield
320,Air Force,96.5,110,0.182,1–9,1,10,47.4,56.4,31.6,36.2,21.9,14.3,22.3,29.3,65.9,47,57.2,31.9,36.6,6.3,15.7,63.9,45.8,48.1,35.5,65.3,78.084,80.475,1.634,"2,025",0,0,0.2,,63.8,70.9,0.89,1.182,27.023,Air Force
321,Grambling St.,95,108.3,0.181,4–7,4,11,46.8,47.5,35.8,32.2,18.1,19,28.9,30.2,64.2,46.9,44.7,31.1,34.9,9.5,6.7,45,45.9,35.5,36.3,62.9,77.133,80.555,2.044,"2,025",0,0,10.727,,74.5,71.7,0.99,0.992,2.927,Grambling St.
322,Penn,102.3,116.7,0.18,2–7,2,9,50.1,55,24.8,28.1,14.9,11.7,25.4,23.1,69.1,52.1,56,31.4,35.8,4.2,8.9,52.7,58.2,40.9,44.3,68.2,76.784,79.944,1.681,"2,025",0,0,0.2,,73.7,77.6,1.038,1.16,13.201,Penn
323,Coastal Carolina,102.5,117,0.179,2–8,2,10,48.9,48.4,31.1,35.3,18.6,10.1,30.7,30.7,63.4,45.5,47,36.2,33.6,5.1,10,52.4,43.4,39.2,40.1,63.5,77.758,81.793,1.745,"2,025",0,0,1.313,,69.2,72.9,1.022,1.132,8.211,Coastal Carolina
324,North Carolina Central,102.3,117.2,0.173,3–6,3,9,50.8,53.9,38.4,34.5,19,19.1,35.3,37,68.5,48.7,55.9,36.7,32.9,7.4,9.8,58.3,47.7,33.5,30.5,67.4,76.613,78.907,2.471,"2,025",0,0,0.2,,66,77.5,1.078,1.122,5.262,North Carolina Central
325,Green Bay,100.9,115.6,0.173,2–7,2,9,47.9,53.3,43.3,38.9,15.2,13.8,23.9,27,70.8,48.3,54.3,31.5,34.2,4.4,13.2,63.2,51.7,42.5,33.8,71.2,76.324,78.349,1.158,"2,025",0,0,0.2,,76.7,68.4,1.03,1.126,8.101,Green Bay
326,Niagara,101.3,116.6,0.166,3–7,3,10,52.3,52.2,35.2,32,18.4,15.6,23.4,26.5,66.5,50.9,52.7,36.2,34.1,5.8,9.3,50,48.3,39.5,30.5,67.2,76.716,79.273,2.125,"2,025",0,0,10.015,,75.4,78.6,1.035,1.093,5.98,Niagara
327,Charleston Southern,100.9,116.2,0.165,3–6,3,9,50.8,54.1,39.7,33,21.1,13.4,32.3,29.2,66.9,53.6,55.9,31.7,32.9,5.8,8.4,45.7,36.5,45.3,27.3,66.2,77.265,80.307,2.299,"2,025",0,0,1.074,,71.2,78.6,1.037,1.167,10.015,Charleston Southern
328,Marist,95.9,110.5,0.164,4–6,4,10,46.9,48.1,21.9,37.3,19.6,13.8,33.3,24.4,63.1,48.6,47.7,29.3,32.6,10.2,6.8,58.4,42.3,37,34,64.1,76.709,78.942,1.529,"2,025",0,0,0.2,,73.2,74.4,0.977,1.047,5.198,Marist
329,Southern Miss,95.4,110.2,0.16,2–9,2,11,47.6,50.4,34.1,35.6,17.6,16.2,23.9,30.7,70.8,51.4,51.5,27.4,32.6,9.5,7.4,58.1,53.7,36.3,39.9,72.1,76.695,79.335,2.498,"2,025",0,0,27.039,,70.4,67.2,0.969,1.071,8.176,Southern Miss
330,USC Upstate,99.1,114.8,0.156,1–8,1,9,50.9,54.8,28.6,36.1,17.9,18.7,25.1,35.7,74.4,52.1,57.1,32.7,33.7,7.8,8.4,49.6,41.5,40.4,35.2,73.9,76.472,78.994,0.981,"2,025",0,0,10.219,,65,79.6,1.007,1.151,9.485,USC Upstate
331,VMI,96.3,112,0.15,5–7,5,12,47.8,52.8,37.3,34.8,17.9,15.9,23.3,30.8,68,52,53.6,29,34.4,8.1,9.9,44.9,53.1,49.3,41,69.2,76.869,79.128,0.946,"2,025",0,0,0.2,,78.4,64,0.994,1.098,8.039,VMI
332,Wagner,92.8,108,0.149,3–6,3,9,45.1,48.4,31.8,37.9,20,17.7,33,24.2,59.3,44.8,47.3,30.4,33.2,5.3,10.7,53,53.6,39.2,43.7,59.5,76.736,79.657,2.354,"2,025",0,0,0.2,,72.1,74.5,0.967,1.005,3.395,Wagner
333,North Carolina A&T,93.1,108.5,0.147,3–6,3,9,45,50.9,28.4,26.3,20.3,15.2,29.8,25.3,63.4,47.4,49.3,27.3,35.3,7.2,11.8,48.2,62.3,36.5,44.3,64.4,75.738,78.459,1.238,"2,025",0,0,19.957,,69.3,68.7,0.927,1.048,8.896,North Carolina A&T
334,Morgan St.,101.1,117.9,0.146,4–5,4,9,48,48.4,43,31.6,17.8,17,36.7,39.9,70.2,49.4,46,29,35.3,9,9.9,46.7,53.6,23.1,34.3,69.3,76.179,80.206,2.451,"2,025",0,0,2.236,,75.3,69.1,1.077,1.102,4.879,Morgan St.
335,Holy Cross,99.2,116.2,0.14,2–8,2,10,53.1,52.8,23.7,24.8,18.9,12.5,24.6,27.4,66.2,50.1,52.5,38.2,35.5,9,7.5,47.1,51.4,41.5,32.6,66.8,77.266,78.621,1.115,"2,025",0,0,2.778,,68.4,63.8,1.035,1.097,4.196,Holy Cross
336,New Hampshire,96.8,114,0.132,4–5,4,9,48.6,55.2,25,31.4,17,20.1,27.8,32.5,68.1,49.8,55.6,31.3,36.5,6.9,13.1,42.9,51.4,41.7,40,68.5,77.27,80.296,1.426,"2,025",0,0,6.446,,64.2,69.8,0.993,1.095,6.549,New Hampshire
337,West Georgia,97.6,115.1,0.131,2–7,2,9,47.5,55.8,30.1,31.9,14.8,13.3,24.5,26,68.3,49.3,55.9,28.8,37,9,6.8,54.6,54.5,29.7,41.3,68.6,76.304,78.671,2.138,"2,025",0,0,0.2,,72.2,74,0.997,1.165,9.62,West Georgia
338,Northern Illinois,95.5,113.6,0.12,1–10,1,11,50,51.2,28.3,50.2,16.2,14.5,17.3,27.3,69.4,49.7,47.9,33.5,38,10.1,10.8,49.4,53.8,51.4,36.6,68.3,76.483,78.683,1.575,"2,025",0,0,12.195,,72.8,71.7,0.995,1.099,8.253,Northern Illinois
339,UMBC,102.4,122,0.118,2–8,2,10,55.5,57.1,26.7,28.4,15.6,17,17.4,33.2,70.5,52.3,56.6,40.2,38.7,4.7,8.1,48.7,52.6,40.3,36.8,70.1,76.411,78.603,2.324,"2,025",0,0,0.2,,65.8,71.8,1.058,1.169,6.391,UMBC
340,Stonehill,99.6,118.7,0.117,3–6,3,9,50,52.5,31.1,27.3,20,14.8,31.8,28,64.5,48.5,50.3,34.6,38.9,6,10.9,59,42.7,43.2,28.1,65.6,77.101,79.514,1.609,"2,025",0,0,0.2,,74.7,74.3,1.023,1.106,4.824,Stonehill
341,Sacramento St.,97.7,116.5,0.117,1–10,1,11,50.8,58.6,27.2,36.3,19.5,15.3,25.9,24,65.8,51.7,59.2,33.1,38.6,7.8,12.1,53.4,57.8,42.2,43,66.3,76.901,80.351,1.424,"2,025",0,0,0.2,,67.7,72.6,1,1.16,8.617,Sacramento St.
342,Army,97.8,116.7,0.116,4–6,4,10,46.5,55.4,28.2,31.1,14.3,17,26.3,32.7,66.6,51.4,56,26.1,36.4,6.6,8,44.6,53,40,43.6,67.7,74.893,77.964,1.943,"2,025",0,0,0.2,,73.5,64.1,1.004,1.133,5.513,Army
343,Southern Utah,92.3,110.7,0.11,3–6,3,9,42.3,51.1,36.9,39.2,22.1,15.9,32.7,28.7,69.9,41.3,51.8,29.9,32.6,9,9.6,46.4,47.3,28.2,25.8,69.8,77.129,80.403,2.474,"2,025",0,0,7.16,,74.5,67.3,0.908,1.069,9.877,Southern Utah
344,Le Moyne,105.1,126.4,0.107,2–8,2,10,55.3,57.8,37.3,33.4,20.3,18.1,26,30,66.3,56.1,55.3,36.1,40.7,4.8,8.3,50.6,57.4,43,44.2,68.7,76.773,79.636,1.911,"2,025",0,0,8.778,,72.6,81.7,1.072,1.173,5.021,Le Moyne
345,Detroit Mercy,98.2,118.3,0.105,1–8,1,9,48.9,54.3,29,46.2,20.3,13.8,32.9,26.7,68,49,52.3,32.4,37.8,7.9,6.7,46.1,61,32.3,44.6,68.2,77.58,80.25,1.021,"2,025",0,0,5.249,,73.2,76.4,1.009,1.167,8.067,Detroit Mercy
346,Columbia,99.6,120.1,0.104,1–8,1,9,46.7,60.7,27.5,25.5,12.4,14.6,22.9,20.2,72.9,51.2,61.3,25.7,39.9,5.5,12.5,59.6,62.6,35.5,40.6,72.2,76.825,79.387,1.803,"2,025",0,0,8.93,,70,75.7,0.999,1.179,12.694,Columbia
347,Buffalo,95.4,115.2,0.103,2–9,2,11,48.6,53.9,34.9,32.5,19.5,16.1,28.5,31.2,70.8,51.9,52.7,29.3,37.6,7.4,7.6,49.6,52.5,41.8,31.5,69.6,77.14,80.012,1.121,"2,025",0,0,8.737,,73.9,75.1,1.005,1.133,7.046,Buffalo
348,Morehead St.,95.5,115.9,0.097,1–8,1,9,43.5,52.7,35.5,39.6,18.4,15.6,30.5,24.6,64,42.9,50.3,29.7,38.8,3.4,12.5,47.8,48.2,37.5,29.9,63.7,77.427,80.198,2.291,"2,025",0,0,5.462,,70.3,77.2,0.943,1.098,4.363,Morehead St.
349,New Orleans,100.5,122.1,0.096,0–10,0,10,46.7,55.4,31.4,25.1,19.2,13.9,36.9,30.8,67.3,48.4,53.9,27.9,38.1,9,8.3,45.3,58.8,25.8,47,67.9,75.274,79.147,1.417,"2,025",0,0,6.865,,69.1,70.7,1.01,1.18,8.885,New Orleans
350,Southern Indiana,96.3,117.4,0.093,1–8,1,9,46.3,52,26,30.7,16.9,16.1,26.3,32.8,67.9,43.4,50.7,34.4,36.4,6.9,7.5,44.4,44.6,35.7,33.6,67.9,76.355,79.438,1.89,"2,025",0,0,0.2,,75,67.9,0.972,1.101,4.302,Southern Indiana
351,NJIT,98.9,121.2,0.088,1–8,1,9,47.8,53.5,25.5,39.2,16.7,13.4,27.6,31.2,69.4,45,56.1,34.5,32.7,6.4,11.5,38.3,51.2,40.6,37.1,68.9,76.236,79.09,0.947,"2,025",0,0,0.2,,73.2,72.8,1.004,1.164,5.684,NJIT
352,Central Arkansas,98.7,121.8,0.082,3–8,3,11,50.7,60.1,33.4,19.2,19.8,14,26.9,27,66.3,55.3,57.2,30.2,41.7,8.8,11.9,55,63.8,46.6,54.2,66,76.946,80.562,0.82,"2,025",0,0,0.2,,74.4,71.1,1.019,1.212,11.91,Central Arkansas
353,The Citadel,96.1,118.9,0.08,0–10,0,10,45.7,56.9,35,30.3,17,16.2,27.8,31.6,64.7,49.5,61.8,27,33.7,4.7,11,48,54.8,42.8,43.8,64.6,76.981,78.922,1.756,"2,025",0,0,0.2,,63.9,70.9,0.963,1.174,8.017,The Citadel
354,Canisius,97.8,121.1,0.079,1–9,1,10,52.4,56.3,25.7,33.4,19.8,18.2,16.9,33,67.7,50.6,59.7,36.6,34.1,6.8,11.1,44.1,57,40.8,39.6,68.5,76.7,79.307,1.676,"2,025",0,0,4.438,,75.7,80.9,0.972,1.161,6.345,Canisius
355,Stetson,97.1,120.8,0.075,1–9,1,10,49.7,54.2,29,25.5,16.5,12,22,31.7,66.6,50.8,55.9,31.8,34.7,8.9,7.6,43.2,56.4,35.4,43.7,66.8,77.632,80.833,1.891,"2,025",0,0,16.987,,73.8,76.6,1.001,1.192,8.609,Stetson
356,Alabama A&M,93.7,117.2,0.071,3–8,3,11,46.4,55.8,41.8,52.1,20.8,21.4,31.5,31,69.9,47.2,54.2,30.1,39,11.2,8.4,50.6,57.1,42,37.1,69.7,76.822,80.353,1.907,"2,025",0,0,0.2,,65.5,68.5,0.963,1.084,3.841,Alabama A&M
357,Louisiana Monroe,97.3,122.8,0.064,1–8,1,9,45.5,56.6,34.3,22.4,16.4,12.7,27.2,35.2,67.5,42.1,58.2,35.8,36.4,7.3,8.4,50.2,61.7,29.1,46,67.2,78.118,81.497,2.461,"2,025",0,0,0.2,,73.6,72.5,0.98,1.23,11.791,Louisiana Monroe
358,Maryland Eastern Shore,92.4,117.7,0.058,2–8,2,10,47.6,54.2,35.4,46.6,20.6,17.9,30.4,29.5,65.9,45.5,52.9,34,38,6.7,9.2,52.5,58.2,38,30.7,64.4,76.759,79.76,1.829,"2,025",0,0,4.455,,69.8,69.6,0.987,1.101,2.858,Maryland Eastern Shore
359,Chicago St.,96.5,123.9,0.053,2–8,2,10,47.6,57.8,25,28.9,15.2,18.8,21.8,32.8,66.1,46.5,55.1,32.8,41.4,9.7,7.1,48.1,53,42.1,37.9,67.6,77.064,78.462,1.665,"2,025",0,0,6.202,,78.2,76.2,0.996,1.152,3.439,Chicago St.
360,Coppin St.,87.7,112.8,0.052,3–6,3,9,47.8,52.8,36.7,34.8,21.1,21.3,25.6,33.2,69,47.6,51.7,32.2,36.9,6.3,10.1,55.8,56.8,35,31.3,67.9,76.807,79.616,1.908,"2,025",0,0,0.2,,70.9,71.9,0.943,1.062,3.844,Coppin St.
361,Arkansas Pine Bluff,92.3,120.5,0.045,3–8,3,11,49.5,51.6,35.4,36.3,18.2,18.7,26.3,31.8,70,50.7,51.4,31.5,34.7,6.8,8.9,59.9,53.2,34.6,42.5,69.5,77.108,80.38,1.633,"2,025",0,0,0.2,,56.3,67.5,0.978,1.058,2.703,Arkansas Pine Bluff
362,Prairie View A&M,92.9,121.3,0.045,1–9,1,10,45.8,55.2,28.8,32,16.2,18.3,26.9,37.6,67.7,46.8,53.7,29.4,39.4,9.6,9.6,48.1,48.3,34.3,27.8,67.2,74.829,79.148,2.202,"2,025",0,0,1.347,,63.9,64.7,0.952,1.113,4.016,Prairie View A&M
363,Cal St. Fullerton,84.5,114,0.031,0–10,0,10,41.9,56.2,33.6,22.8,23.3,13,24,26.9,71.7,43.1,54.9,26.5,38.5,7.9,10.9,43.1,58.4,36.4,45.7,70.1,77.075,80.381,1.612,"2,025",0,0,3.335,,68.6,73.2,0.82,1.177,15.677,Cal St. Fullerton
364,Mississippi Valley St.,82.5,126.1,0.008,1–9,1,10,45.5,54.4,36.6,38.3,22.1,13.8,20.2,34.6,66.5,42.9,54.8,33.9,35.6,4.7,9.4,46.2,45.1,33.4,30.8,65,76.097,79.434,2.353,"2,025",0,0,0.2,,64.1,63.8,0.852,1.172,2.888,Mississippi Valley St.