TeamName,eFG%,eFG% Def,FTR,FTR Def,OR%,DR%,TO%,TO% Def.,3P%,3pD%,2p%,2p%D,ft%,ft%D,3P rate,3P rate D,arate,arateD
Marshall,52.6,47.7,26.2,28,31.7,32.6,15.5,20.1,33.6,31.9,53.9,47.7,69.8,63.9,36.9,34,57,46.1
Kentucky,51.2,48.8,32.5,29.9,38.7,25.5,17.3,16.8,35.4,33.1,50.4,48.3,70.3,74.4,30.1,35.2,55.7,47.8
Pepperdine,52,52.5,26.8,32.6,25.9,30.5,18.3,16.6,35.1,36.2,51.6,51.6,71.5,70.1,36,33.5,50.2,46.9
Montana St.,50.9,49.4,44.4,35.5,25.7,25.5,17.6,20.1,32,34.8,52.4,48,76.3,74,33.3,34.2,49.6,39.1
Gonzaga,58.5,51.7,34.2,26.7,31.1,26,14.6,18.8,38.4,35,59,51.2,70.2,73.5,32.8,39.4,50.7,45.3
New Orleans,52.7,54.1,36.5,39.9,29.8,32.7,23.6,20.2,37.9,36.2,51.1,54.1,70.8,74.5,29,36.4,55.2,49.3
Youngstown St.,55.1,51.7,29.6,26.4,30.8,28.6,15.7,18,36.5,34.5,55.2,51.7,77.8,70.6,34.6,33.8,50,48.5
Portland,53.8,54.5,43.3,27.7,24.1,30.2,18,16.9,37.4,37.4,51.8,53.2,74.5,67.9,45.4,43.8,57.1,49.3
Cal St. Bakersfield,44.6,51.1,29.4,43.6,27.2,28.4,19.8,20.5,31.5,34.9,43.7,50.2,75.7,71.8,24.6,42,47.1,53.9
East Tennessee St.,50.5,50.8,31.2,26.9,29.9,28.9,19.5,17.5,32.1,32.9,51.8,51.8,67,73.4,34.9,43.1,47,51.1
Eastern Washington,56.5,49.9,32.1,29.6,28.1,25.9,19.9,15.9,35.7,32.5,58.8,50.7,75.3,75.7,43.9,43.6,55.7,49.4
UC Santa Barbara,54.2,49.8,34.9,29.2,26.6,26.1,16.8,18.7,35.1,34.5,54.8,48.9,73.7,75.2,29.1,31.1,52.9,48.5
Mercer,48.9,48.8,28.6,35.9,30.4,27.6,18.2,17.4,32.7,33,48.8,48.4,69.1,72.6,30.5,34,47,45.5
Portland St.,49.6,55,34.8,46.6,24,31.4,16.8,21.3,33,36.8,49.7,55,73.2,74.1,36.1,33.5,50,54.2
UCLA,50.9,46.8,27.1,27.6,33.7,27.6,15.3,23.6,34.7,31.1,50.4,46.8,72.2,69.7,29.1,39.3,50.9,51.3
West Virginia,51.7,50.7,39.7,38.5,33.7,29.3,18.5,20.9,34.8,34.1,51.3,50.5,74.1,72.7,36.3,35,50.5,50.3
Western Kentucky,49.6,50.7,32.3,25.6,25.9,31,17.1,18,34.4,36.2,48.5,48,70.8,69.5,36.2,42.1,48.8,51.7
North Carolina St.,51.8,49.8,25.3,34,30.7,26.6,13.6,19.1,34.9,32.2,51.5,50.6,72,73.4,37.6,33.5,45,44.9
Wright St.,53.5,50.3,24,27.6,26.2,26.6,17.3,17.2,35.1,32.6,53.9,51.2,74.5,67.5,28.2,37.8,48.1,41.1
Valparaiso,49,51.5,27.9,31.8,22.5,24.5,18.1,15.6,29.2,34.3,51.9,51.6,72.5,73.4,36.2,37.8,53.5,52
Iona,51.8,45.9,29,31.2,32,30.5,15.3,20.9,36,29.2,50.8,47,73.1,70.2,32.1,34.5,53.4,50.6
Drake,53.1,47.3,28.8,26.7,24.3,22.4,15.5,17.7,36.7,31.2,51.9,47.5,77.1,69.9,36.3,38.4,49.1,44
Houston,52.7,42.5,28.5,35.8,37.1,27.4,15.3,22,34.5,27.8,53.2,43.1,71.9,69,37.8,43.7,53.8,53.6
Syracuse,51.6,51.2,30.7,21.7,30,33.6,17,18.7,36.1,34.4,50.5,50.9,74.9,70.2,29.2,48.3,52.5,72.5
Missouri,55.1,52.3,29.5,35.2,26.8,37.3,16,24.3,36.1,35.4,55.9,51.7,75.8,75.2,43.3,44.1,56.5,57.7
Southern Miss,51.2,47.6,32.8,30.4,30.9,28.7,17.5,19.7,32.7,32.2,52.4,47.2,72.9,72,37.2,38.2,55.2,52.6
Arkansas,52,46.5,38.8,38.9,30.5,28.2,18.3,20.4,31.7,30.6,53.8,46.9,69,71.4,28.2,30.1,49.6,44.2
New Mexico,53,50.4,39.5,29,28.3,27.3,15.7,17.6,35.9,33.2,52.7,50.8,74.4,70.4,26.9,39.4,46.8,52.3
Santa Clara,52.5,50.8,30.9,25.8,30.2,24.5,17.1,16.5,37.4,36.2,50.5,48.6,70.3,73,36.4,39,49.1,51
Idaho St.,50.8,51.4,28.9,35.5,24.6,27.2,17.2,17.8,33.3,32.5,51.3,52.6,73.3,79.4,39.8,33.5,48.8,47.2
Dayton,53,45,35.5,23.9,30.7,27,18.8,16.1,33.8,29.3,54.3,45.7,69.9,70.5,37.3,38.7,62.2,48.6
Bradley,52.9,46.6,27,31.6,29.2,24,17.9,19.4,35.5,32.2,52.7,45.6,66.5,74.5,39.4,38.3,51.3,48.7
St. John's,49.4,50.2,27.7,29.6,34,27.6,18.7,19.7,33.1,34.5,49.3,49.2,69.9,72,27,39.4,51.5,57.5
Long Beach St.,48.4,49.8,34.4,30,34.6,28,18.7,18.2,30.2,34.2,49.4,48.8,67.8,73.2,23.6,39.7,51,55.1
George Washington,53,52,34.5,27.7,26.5,29.7,17.6,15.5,32.1,34.9,56,51.7,74.6,70.6,38,39.7,46.5,50.9
Bellarmine,51.7,54.7,25.4,31.8,20.6,28.1,18.2,17.7,32.6,36.3,53.9,55,77.1,73.1,43.2,52,56.2,59
UNC Greensboro,50.6,47.8,32.4,31.4,29.2,26.5,17.8,19.3,35.1,32.8,49.3,46.8,71.4,67.7,39.1,41.2,55.8,47.5
Evansville,45.1,55.8,29.4,30.1,20.7,25.5,17.6,18.9,32.2,38.1,43.4,54.8,63,76.3,33.6,41.2,45,57.9
McNeese St.,49,55,29.2,34.9,33.3,30.9,21.6,18.4,32.4,39.7,49.2,52.1,66.8,71.6,39.9,38.5,44.4,62.3
Eastern Kentucky,47.6,49.5,24.8,25.7,33.3,30.1,17.2,18.4,31.5,34.1,47.8,48.5,65.1,73.7,36.4,40,49.9,54.7
Oregon,51.1,48.4,31.2,24.7,32.8,25.9,18.2,16.5,31.9,35,53.3,46,70.9,76.3,39,37.2,51.7,51
Michigan,51.2,47.8,30.8,26.2,25.4,26.1,14.8,14.8,34.6,31.9,50.8,47.8,70.3,69.7,37.6,33.6,46.3,45.7
Ohio St.,52,48.9,26.6,28.1,31.5,28.6,16.1,15.9,36.8,32.1,50.6,49.3,73.9,72.3,31.7,36.7,43.2,49.1
Texas A&M Commerce,52.4,52.8,28.3,37.9,26.5,29.9,18.9,17.7,31.9,34.8,56.2,53.1,70,72,45.6,34.9,54.1,49.9
Montana,53.8,51.2,29.1,37.9,24.4,25.1,17.3,15.9,37.3,32.5,52.4,52.5,78.9,77.3,39.8,35,49.5,45.6
Southeastern Louisiana,50.9,54.2,32.1,33.4,27.6,29.9,16.9,19.8,36.4,38.2,49.1,52.1,74.4,69.7,34.1,40.8,50.1,55
Northern Iowa,51.3,53.8,31.1,26.5,22.6,22.4,17.7,18.2,33.7,36,51.7,53.6,69.9,72.9,38.8,47,46.1,51.9
Appalachian St.,48.7,47.9,29.3,24.8,24.5,28.8,16.3,17.1,32.9,33.4,48.3,46.5,65.1,72.7,38.3,38.3,49.1,50.8
Georgetown,47.1,53.6,29.1,24.4,28.9,30,17.5,15.9,30.9,38.9,47.5,50.5,71.8,72.8,31,39.6,46.5,60.1
American,54.4,51.8,27.9,32.1,28.3,27.9,22,19.2,34.6,38.5,55.8,48.7,70.1,72.3,36.1,33.7,55.5,52.3
Florida Atlantic,55,45.9,29.5,26.7,30.4,24.5,16.7,18.3,37.2,32,54.3,44.8,71.8,74.9,43.8,34.2,51,33.4
Eastern Michigan,49.2,55.6,32.2,35,25.1,32.8,16.9,17.1,31.4,34.1,50.3,58.7,76.5,70.5,33.5,41.4,37,47.3
Indiana,53.8,47.3,30.1,30.6,28,27.9,16.9,16.3,37,33.2,53.2,45.7,71.2,70.5,26.3,38.2,54.2,48.1
Kansas,52.4,47.1,29.8,31.2,28.4,28.3,17.5,20.2,34.4,31.2,52.9,47.2,71.7,72.3,34.1,35.1,59.5,46.2
Mississippi,47.5,49.5,29.2,30.3,33.3,29.9,18.3,18,30.3,33.8,48.6,48.9,69.5,74.5,34.7,34.4,52.9,55.9
Stetson,54.1,53.3,25.5,29.5,28.7,28.3,15.8,14.5,38.6,36.2,51.1,52.7,77,73.8,43.9,37.3,49.3,51.7
Northern Kentucky,49.8,51.3,27.4,30.8,31.3,32.8,17.5,23.2,35.2,36.7,47.7,48.9,70.4,70.2,40.7,38.9,54.7,60.3
Oklahoma St.,49.3,45.9,32.9,31.5,31.9,28.3,20.7,19.1,31.1,31.8,51,44.7,69.4,74.8,39.4,38,51.6,52.9
Kent St.,51.3,47.2,32,38.8,30.9,30.2,16.3,22.6,33.2,30.9,52.2,47.8,72.3,72.4,38.6,40.7,45,50.8
Yale,53.3,46.9,31.1,33.3,28,23.1,16.5,18.3,35.8,32.7,53.1,45.5,70.1,70.3,34.9,40.4,49.7,51.3
BYU,51.5,49.5,32.5,37.8,31.8,24.1,20.2,18.5,32.7,33.7,53.1,48.8,72.5,69.1,39.5,38.1,53.3,50.3
Towson,51.1,48.6,29.8,29.5,35.7,26.7,18.4,17.7,36.7,33.2,49,47.7,70.8,75,34.5,39.9,53.6,50.6
North Texas,51.1,45.3,32.2,41.2,33.8,27.5,19.9,20.2,35.7,30.6,49.3,45.1,76.3,69.8,40.6,34.5,48.5,41.5
Ball St.,53,51,42.3,31.3,30.5,28.4,17.8,16.7,36.9,38.4,51.7,47.7,68.8,73.1,36.8,33.2,49.4,37.4
North Dakota St.,51.7,50.8,32.2,27.1,24.4,22.6,16.9,12.4,33.9,34.2,52.2,50.6,71.5,76.1,38,35.8,43.2,42.6
Florida St.,49.3,53.1,30.4,30.9,25.9,31.5,17.6,17.1,33,37.6,49.2,50.8,72.6,75.6,34.5,41.1,53.6,55.4
Cincinnati,51.7,47.7,25.8,29.3,30.2,27.5,15.1,17.1,35.5,31.5,50.7,47.8,70,74.4,40.2,30.7,55.2,49.7
Utah St.,55.6,47.8,35.5,30.2,27.4,24.8,17.4,15.8,38.5,34.3,54.1,45.9,76.7,74.2,42.1,33.8,62.3,46.9
Murray St.,49,51.9,33.2,24.4,27.4,27.3,16.2,15.6,32.6,33.4,49.1,53.2,74.1,72.4,32.7,42,48.1,52.9
Georgia Southern,48.2,49.5,27.9,34.6,25.8,27.3,16.3,18.3,31.8,33.2,48.4,49.4,70,70.6,33.9,36.7,40.1,48.1
Utah Valley,51.6,44.1,36.8,29.8,29,29.4,19.5,16.8,33,31.6,52.6,42.5,73.9,68.8,33.6,33.1,57.4,44.9
USC Upstate,51.1,50,32.2,43.8,24.5,32.7,19.5,20.5,33.6,34.2,51.5,49.3,65.5,71,34.8,35.6,46.3,47
St. Bonaventure,49.2,48.6,29.5,40.9,27.5,29.2,18.8,19.4,34.8,28.7,47.5,52.1,70.3,71.6,36.2,39.4,49.4,56.3
Clemson,54.4,47.4,30.7,30.8,23.5,24.5,16.3,16.6,36.9,33.2,53.6,45.8,79,73.1,40.1,40.4,53.9,48.9
Radford,51.5,52.6,28.8,32.3,30.7,27.9,18.4,20.3,35.7,34,50.5,53.5,68.7,66.9,32.7,37.4,46.1,47.7
Samford,53.6,51.9,41,37.6,28.2,27,17.9,19.8,36.5,37,52.6,49,75.1,70.8,45.6,44.4,45.1,57.6
New Mexico St.,50.2,53.7,34.7,37,27,26.5,18.3,19.1,35.1,36.8,48.8,52.5,68.3,72.2,36.4,45.5,44.7,49.4
Stony Brook,47.5,50.3,29.4,26.2,21.9,27.4,19.6,14,31.1,33.8,48.1,50,75.2,70,44.4,43.8,52.2,53.6
Lipscomb,53.7,50.2,23.6,23.3,25,24.6,17.3,15.6,36,34.3,53.5,49.4,76.3,75.3,37.8,39,48.7,40.8
Iowa St.,50.7,50.1,27.8,40,33.9,26.6,19.8,25.1,33.9,33.8,50.7,49.6,67.4,71.9,33.8,46.8,54.9,57.5
Southeast Missouri St.,50,51.6,38.3,43.6,25.3,27.9,17.3,19,33.3,35.3,50,50.8,71.8,69,39.8,35.5,51.1,50.7
Binghamton,49.5,50.5,28.2,35.4,28.7,27.3,19.4,15.1,32.4,33.2,50,50.8,71.6,73.4,30.1,35.2,45.1,42.1
Sacramento St.,50.8,52.2,27.5,25.8,32.9,24,20.8,14.5,34.9,35.7,50,51.6,70.7,74,35.5,30.7,56,44.8
UMBC,51.3,52.9,27,25.6,26.4,26.8,14.8,16.9,33.8,37.7,51.8,50.6,74.7,72.1,39.6,38.9,52.9,51.2
Rider,49.5,50.3,29.3,38.6,33.8,28.3,17.8,16.5,33.3,36.2,49.4,47.5,73.5,64.5,25.9,42.7,43.3,52.2
USC,51.3,45.2,33.8,29.8,29,33,18.1,18.1,34.5,33.4,51.1,42.4,74.4,71.9,33,37.4,51.7,56.3
Oral Roberts,56.1,48.5,24.6,22,24.5,27.4,13.2,17.6,37,34.2,56.6,46.6,78.4,71.9,45.8,39.9,47.9,46.2
UMass Lowell,53.5,47,33.8,33.9,35.7,27,20,19.7,37.7,34.2,52.2,44.9,74,72.9,31,32.6,51.3,46.3
Grambling St.,50,44.6,41.5,41.1,31.5,31.6,21.2,21,35.5,31.2,48.8,43.2,63.8,66.2,27.4,38.2,50.2,53
Norfolk St.,52.2,50.2,39.5,36.3,33.4,30.6,19.8,19,32.7,34.9,53.8,48.3,75.4,68.9,35,47,46.5,62
Vanderbilt,50.1,49.2,32.3,31.7,31,31.7,16,15,34.2,31.4,49.2,50.4,71.2,69.6,42.2,36.9,46.6,50.1
Austin Peay,46.3,54.7,26.1,37,26,31.9,17.4,19.5,31.2,34.4,46,56.4,74,74.4,38.5,35.2,50.5,54
San Diego,51.1,58.2,30.9,33.4,27.9,29.7,16,17.3,34.8,41,50.4,55.9,76.8,67.1,36.4,41.7,45.3,60.4
San Diego St.,50.1,47.5,34.3,29.4,31.7,25.8,17.6,19.6,34.4,29.2,49.4,49.9,73.6,73.6,34.9,40.1,51.9,47.2
Mississippi St.,46.9,46.2,34.6,27.6,35.2,29,19.3,22,26.6,30.8,50.5,46.2,64.7,71.9,34.5,44,59.1,58.6
Robert Morris,49.2,49.6,26.9,31.1,29.7,28.5,19.5,19.1,31.4,36.2,50.4,47.4,72.4,72.9,36.6,31.9,54,44.5
St. Francis PA,51.9,51.9,32.8,29.9,25.3,28.9,18.3,14.7,36.4,33.7,50.4,52.7,69.9,68.8,35.8,35.1,52.2,50.4
San Jose St.,50.4,48.7,27.4,28.9,34.4,24.3,18.8,13.2,32.8,34.7,51.2,46.8,67.3,77.7,41.3,35.5,49.4,51.9
Cal St. Northridge,44.1,50.4,36.6,39,27.3,30.5,19.6,18,31.2,34.6,42.8,49.6,73.8,74.6,32.9,38,43.3,54.4
Sacred Heart,48.4,50.2,27.6,26.5,28.8,30.8,18.8,19.4,30.6,34.1,49.8,49.7,67.5,71.1,36.1,36.9,51.1,53.3
Washington St.,50.4,49.6,28.2,28.5,31.8,25.9,18.5,16.5,36.9,31.9,46.6,50.4,71.8,68.7,43.1,32,49.6,48
Loyola MD,51.3,55.5,28.2,29.8,26.6,28.7,20.4,20.2,35.6,37.1,50,55.3,64.6,70.6,38.9,36.8,54,54.4
UC Irvine,52.3,45.7,30.1,36.6,26.9,26.2,17.6,17.5,38,32.1,50,44.4,72.8,73.3,32.3,35.2,52.6,50.3
Illinois,51.6,46.9,33.8,29.6,32.3,26.8,18.2,18.6,30.9,33.6,55.3,45.3,68,70.2,41.9,30.9,46.6,44.7
Texas St.,48.2,50.9,32.5,41.7,31.6,28.5,17.9,18.6,31.4,36.4,48.6,49,72.4,70.5,25.5,33.2,40.2,47.3
Stanford,52.4,51.5,29.4,28.6,31.2,26.4,18.9,18.3,36.3,35.4,51.1,50.4,69.4,73.1,39.7,40.8,58.5,51.5
South Florida,50.8,49.8,30.7,37.1,33,27.8,19.6,18.7,33.6,34.9,51,48.2,65.1,72.9,37.1,38.6,50.8,54.9
Texas Southern,46.2,49.3,34.9,38.1,29.3,27.7,20.3,18.5,28.7,33.6,47.4,48.7,66,70.9,28.1,34.9,44.3,47.2
Grand Canyon,52.9,47.2,37.8,33.2,30.5,30.3,18.4,15,37.6,32,50.5,46.8,71.5,70,40.8,32.8,47.1,43.1
Miami OH,52,53.8,32.1,37.1,26.6,32.6,19.6,17.8,32.9,35.4,53.8,54.1,79.2,73.4,41.1,36,52.9,49.9
Lehigh,49.8,50.3,31.1,28.5,18.8,26.7,17.4,16.6,35,32.8,48.4,50.9,75.1,68.4,33.6,34.8,48.2,47.6
Detroit,51.4,53.6,27.2,28.9,35.8,29.7,17.6,17.1,38.7,36.8,46.4,52.6,77.2,75.7,42.7,39.4,46.8,52.9
Gardner Webb,50.7,49.1,34.8,39.6,28.5,25.1,19.5,20.3,32.8,34.7,51.5,47.4,62.5,71.6,33.6,37.7,47.2,48.6
Arizona St.,47.5,46.4,30.8,33.4,29.6,31.8,16.9,20.6,31.4,33.6,47.9,43.8,68.9,70.2,39.5,39.1,56.9,53.9
Massachusetts,46.4,50.2,32.2,32.4,34.5,27.9,20.2,19.2,32.8,33.1,45.2,50.5,71.6,71.3,29.7,40.7,54.6,59.2
SIU Edwardsville,48.5,49,40.3,34.6,30.6,29.4,18.5,19.2,32.3,33.6,48.5,48.1,73.6,72.6,37.5,36.2,48,46.7
Marist,47.9,47.9,28.9,28.4,25.9,28.9,18.1,16.8,32.8,35,46.9,45.1,69.8,71.7,42.4,37.6,47.9,48.6
South Alabama,52.8,46.6,22.3,28.3,20.9,28.4,14.6,16.1,34.5,29,53.4,47.9,69.2,71.9,37.5,28.7,41.7,41.2
Lindenwood,48.8,52.4,28.3,31.1,23,31,19.5,17.8,36.2,35.2,45.7,52,73.1,69.2,35.6,41.3,45.7,54.8
Nebraska Omaha,48.5,53.2,29.6,33.4,24.2,28.9,18.5,15.8,33.7,36.5,47.7,52,78.1,75,29.4,40.9,47.4,52.4
Nicholls St.,50.3,52.5,27.6,47.6,29.3,33.7,18.5,23.7,33.3,36.2,50.5,51.4,64.1,74,35.9,38,47.9,59.9
Furman,55.6,50.6,34.7,31.8,29.6,27.1,15.8,18.4,34.4,33.1,59.1,51.2,73.5,70.8,46.4,35.2,58.5,43.2
Drexel,49.4,47.4,30.1,24.2,29.4,27.4,17.9,18,31.8,33.5,50.6,46.2,68.1,71.1,40.3,28.4,48.4,46.8
Jacksonville St.,50.5,52.5,31.8,29.5,29.4,24.1,20.2,16.5,36,34.9,47.9,52.7,70.2,74.9,43.4,49.2,49.5,57.5
Louisiana Lafayette,53,50.6,37.7,33.8,33.8,26.4,17.5,18.1,36.6,35.9,52.2,49.2,67.2,70.5,31.7,29.9,50.8,42.5
IUPUI,49.7,55,32.2,36,29,31.9,23.2,16.7,29.8,37.2,51.7,54.6,69.3,76.5,28.8,39.2,44.7,54.8
Connecticut,53.5,45.5,31.4,38.7,39.2,26.2,18.9,19.4,35.7,30,53.4,45.8,75.4,73.6,42,30.3,62.6,41
St. Francis NY,45.9,50.5,31.1,31.6,30.9,31.8,21.1,19.6,36.5,39.7,41.6,47.1,70,69.3,33.1,27.4,51.2,54.2
Duquesne,51,50.2,26.6,35.1,33.4,33.2,17.2,20.9,36.5,35.3,48.6,48.8,68.8,69.3,39.7,33.9,55.9,52.9
Texas,52.7,47.8,31.5,34.5,28.3,29.4,16.5,22.8,33.9,32.7,53.8,47.2,75.2,72.4,35,35.4,57.1,48.3
Creighton,54.3,47.3,28.1,19.8,25.5,23.3,16.6,14.3,36,34.1,54.5,45.6,76.7,72.9,42,29.8,57.8,47.1
Alcorn St.,45.5,51.4,35.1,39.1,33.5,31.3,18.3,21.1,29.6,33.2,46,52.5,72.4,68.6,29.7,40.5,41.2,58.1
Colgate,58.6,51.9,27.6,20.3,24.9,24.1,14.9,17.6,40.9,34.9,57.1,51.5,66.2,68.6,34.8,36.9,61.5,53.7
UNC Wilmington,48.9,49.2,39.7,37.6,27.8,28,18.6,20.7,33.3,30.5,48.3,51.2,74,70.4,34,36.4,43.9,39.8
Oakland,49.2,54.8,31.6,22.5,24.2,32.7,15.1,18.7,30.6,37.5,51.3,53.9,78.1,76.2,39.6,39.2,45.7,61.8
Mount St. Mary's,48.6,48.9,26,29.2,27.8,29.9,20.8,17.9,36,33.7,45.8,48,73.7,72.3,33.9,36.1,52.7,49.3
Abilene Christian,49.2,56.5,32.3,45.6,25.5,28.6,17.3,23.3,34.3,38.1,48.1,56.2,72.9,71.1,33.4,33.6,58.1,52.5
Middle Tennessee,51.2,51.6,29.4,34.6,31.9,29.2,19.3,21.8,34.3,36.2,51,50.2,68.5,75.7,35.5,34,41.4,45.8
Penn,53.3,49.3,29.5,31.2,30.1,27.9,18.9,14.9,36.2,33,52.7,49.1,74.1,68.4,38.3,43.8,54,51.4
Miami FL,55,51.3,30,24.1,32,29,16.4,18.1,36.8,33.6,54.9,51.8,77.6,74.5,34.6,37.7,51.6,53.2
North Carolina A&T,47.4,50.6,30,28.5,24.6,30.2,17.5,15.7,32.9,33.2,46.2,51,68.2,74.6,40.5,38.6,45.1,50.3
Kennesaw St.,52.9,51.2,36.5,36.2,27.5,25.8,17.9,19.6,37.1,34.8,51.3,50.5,66.3,69.2,37.9,39.3,54.2,47
Incarnate Word,48.5,54.4,33.3,32.7,26.3,33.2,20,20.5,34.1,36.8,47.3,53.9,74.9,71.6,32.6,33.4,48.2,48.9
Rice,53.4,54.6,32.8,26,23.2,26.2,18.5,15.9,35.3,37.1,53.7,54,73.8,69.4,42.8,36.8,55.3,45.8
UC Riverside,50.5,51.3,26.2,38,31.8,22.9,18,17.2,35.6,34,48.8,51.5,69.6,72.1,37.7,29.2,49.2,45.3
Florida,49.8,45.9,35.1,29.8,23.5,30.5,15.7,17.6,31.9,31.4,50.9,45.4,71.7,70.4,36.7,30.5,49.1,44.9
Tennessee,50.3,42.4,30.9,34.9,36.8,26.9,18.1,22.2,32.9,26.2,51,44.6,71.4,72.2,40.4,41.6,66.2,50.1
UMKC,43.4,50.1,33.3,39.4,35.9,29.4,19.9,17.3,27.3,34.6,44.7,48.9,71.5,74.9,35.5,40.5,40.1,47.3
Saint Louis,52.1,48.3,29.1,32.7,29.7,26.5,17.3,15.3,35.2,34,51.8,46.6,72.5,72.1,32.5,38,58.5,53.2
Boston College,48.7,51.5,27.3,27.6,27.6,28.3,18.3,18.3,31.9,36.8,49.2,49.1,72.5,72.6,31.5,39.5,50.4,49
Nevada,50.5,49,39.5,31.4,22.9,25.1,15.2,18.7,33.8,32.5,50.3,49.3,79.2,73.7,37.4,42.2,58.1,52.9
Vermont,54.9,50.7,28.4,26.9,19.3,22.5,14.2,16.8,36.2,34.6,55.5,50,70.3,72.4,43.3,36.1,52.1,44.8
Buffalo,49.5,52.5,32.1,36.4,32.2,29.1,19.2,18.3,31.2,35.3,50.9,52.3,70.5,70.9,34,35.4,50.4,52
Cal Baptist,49,47.6,31.6,29.3,28.9,26.1,18.1,16,32.5,29.7,49.2,49,65.8,72.6,43.5,32.6,55.5,46
Stephen F. Austin,51.5,51.4,38.9,41.8,31.6,32.2,21.3,23.8,38,34,49.2,51.7,71.8,70.2,28.7,36.7,53.1,59.2
New Hampshire,45.8,49.1,29.6,30.2,26,27.4,15,16.2,33.4,31.5,42.8,50,69,70.1,41,32.3,50.1,39.5
Northwestern St.,51.3,51,27.2,38.7,33.3,33.6,17.3,21,35.8,32.9,49.8,51.8,69.7,74.8,38.1,33.6,46,51.7
Holy Cross,48.5,51.8,25.5,27.8,21.5,30.1,17.5,17.4,35.3,31.9,46.5,53.9,62.7,67.3,32,35.5,48,50.5
Northern Arizona,50.5,55.3,27.4,38.7,26.9,25.7,15.9,17.2,35.7,36.5,48.6,55.7,74.6,74.2,38.2,38.6,49.7,52.4
Auburn,49.6,45.6,35.5,39.1,33.3,32,18.1,19.3,31.4,28.8,51,46.9,70.2,70.5,35.4,34.2,55,48.7
Hofstra,55.2,46.2,21.4,25.2,23,31.3,15.7,18.5,36.8,30.9,55.2,46.1,74.1,69.8,39.2,36.6,49.2,50.9
Purdue,52.2,47.2,37.2,19.3,38.3,23.3,17,15.4,32.6,31.4,54.1,47.4,74.3,73.6,38.1,35.4,60.9,51.5
Bryant,52,50,32.9,31.9,29,25.2,18.7,15.8,33.3,34.1,53.4,49.3,73.5,70.5,39.1,39,46.2,54.9
Western Illinois,50.1,53.4,31.4,27.4,26.9,26.7,15.1,16.4,31.5,33.9,51.8,54.6,69.9,71.8,37.5,32.2,51.9,38.1
Navy,51.5,50.4,23.7,30,29.9,28,17.3,19.5,36.9,34.2,49.3,49.8,70.6,65.2,36.1,37.9,56.2,54.3
Loyola Marymount,53.1,51.8,31.6,34.9,30.2,24.6,18.3,16.2,36.5,34.3,51.9,52,67,73,43.1,33.1,42.3,45.3
Pacific,52.6,54,33.1,36.4,22.9,31.2,16.2,17.9,38.3,34.9,49.6,55.1,72.7,67.2,38.8,40.6,47.1,49
Charleston Southern,50.3,54.3,27.4,36.6,32.2,31,18.1,16.7,34.1,36.2,49.7,54.3,72.9,71.8,39.3,40.2,44.7,51
James Madison,51.5,49.4,38.9,31.8,31.3,27.6,18.6,21.4,34.5,31.5,51.4,50.7,70.1,67.6,37,37.3,46.1,47
San Francisco,53.6,49.9,32.2,38.1,28.5,26.5,19.6,17.6,36.4,33.8,52.6,49.4,74.6,76.8,49.2,34.9,48.9,45.2
Troy,49.4,48.6,32.5,34.6,30.3,30.1,18.7,21.1,31.2,32.7,51.2,48.4,71,75.6,40.9,35.8,52.1,46.1
Northern Illinois,52.2,50.7,34.3,35.8,25,32.8,20.3,18.6,34.9,32.7,52.1,51.7,64.8,69.5,36.8,36.3,47.9,48.4
Ohio,52.4,51.6,27.5,33.9,32.8,28.9,16.2,17.6,37.3,34.1,50.1,51.9,73.7,68.7,38.5,39,42.9,46.7
Texas A&M Corpus Chris,51.2,52.4,34.4,38.6,32.5,27.9,18,20.9,36.9,33.3,49,54.1,80,69.1,34.9,41.1,55.8,55.8
UNLV,49.2,52.4,35.5,31,27.9,31,17.5,24.7,34.1,36.1,47.9,50.9,72.9,73.5,40,44.5,49.4,57.8
Siena,49.3,49.6,34.5,33,30.5,26.8,19.5,18.5,34.9,33.5,47.8,49.4,73.6,68.6,34.5,28,53.4,43
Howard,52,50.6,32.8,34.6,33.8,31.6,22.8,20.7,37.2,33.6,49.9,50.8,71.6,69.2,36.1,37.1,54.7,46.9
Sam Houston St.,51,48.4,33.5,39,31,25.1,20,23.2,38.5,33.4,47.1,46.9,69.1,69.5,36.9,46.4,49.6,55.9
Cal St. Fullerton,49.4,48.6,38.7,33.4,25.9,29.4,17.4,20.5,36.2,31.7,46.5,49.2,69.5,70.8,37.5,39.1,43,49.7
Canisius,48.6,52.8,24.9,27.7,28.4,29.9,17.5,18.7,33.6,36.4,47.4,52,73.4,70.1,40.1,32,55.6,49.2
Liberty,55.8,49.5,25.8,27.8,25.8,20.1,16,19.4,36.5,35.1,56.7,47.6,72.3,72.8,48.6,37.1,57.9,42.1
Maine,51.1,53.4,23,28.7,22.9,30,18.7,20.3,33.5,34.6,51.5,54.4,72.2,71.5,35.6,36.9,51.1,52.1
High Point,50.2,50.7,38.7,35.3,30.8,32,19.6,16.3,32.3,32.5,51.4,52,62.8,66.9,39.5,38.4,47.6,51.5
Harvard,49.5,48.8,31.2,25,30.3,24.3,19.8,18.4,30,31.2,52.1,50,68,75.1,36.7,39,52.3,47.3
Central Michigan,46.5,51.9,36.9,41,30.5,32.5,22.9,19.2,30,35.6,47.4,50.9,70.4,67.7,38.1,40.5,47.6,51.6
Eastern Illinois,48,52.2,32.4,32.5,25.3,32.2,19.2,19.7,32.6,34.6,47.7,52.4,63.4,70.5,27.7,42.6,55,59.4
Brown,50.7,51.2,29.8,26.9,23.4,23.7,19,19.7,34.7,35,49.8,50.4,64.2,71,39.9,37.1,54.5,47
Delaware St.,45.7,54.4,29.3,37,30.1,29.4,23.5,19,31.4,39.5,45.1,50.6,69.3,69.7,31,43.2,50.9,62.6
Iowa,51.9,53.3,32.6,23.4,32.2,27.6,14.1,18.5,34.3,36.6,52.1,52.6,73.9,74.4,37.4,32.2,58.1,50.9
Coastal Carolina,47.5,53.1,28.9,29.3,30.3,30.7,17.8,15.5,30.6,36.7,48.4,51.3,78.8,72.1,37.9,47.1,45.2,56.5
George Mason,51.9,47.9,37.1,33,27.9,24.8,20.2,16.9,35,30.1,51.5,49.4,65,68.9,38.7,35.1,56.5,45.4
UT Arlington,45.9,51.9,29.7,39.5,32.7,30.8,21.1,20.1,31.9,37.1,44.9,49.6,66.3,71.2,34.7,37.8,55.6,54.9
Toledo,56.6,52.4,35,27.5,29.9,31,13.8,18.3,39.9,35.5,54.8,51.9,77.3,74.4,35.5,37.8,48.1,47.2
Idaho,52,54.3,35.8,31.6,19.6,27.8,17.2,16.1,32,38.7,54.2,52.6,77.1,73.1,36.2,32.5,44.5,43
UCF,50.6,48.2,29.7,33.4,33.9,31,19.4,21.6,35.9,31.3,48.1,49,77.1,72.8,42.4,38.7,56.8,53.5
Northeastern,47.9,50.1,27.7,31.7,31.7,26.9,21.3,14.5,33.2,34.9,46.8,49.2,68.5,71.5,37.2,29.5,52.9,45.4
Manhattan,49.2,51.3,31.5,30.5,26.6,34.2,19.8,20.5,32.9,36.8,49.1,49.1,65.9,70.5,36.1,36.2,51.4,56.4
NJIT,48.3,52.3,28.2,27.9,23.4,29.1,16,14.9,35.2,34,46.1,53.2,67.5,67.6,32.5,39.2,45.1,49.7
Western Michigan,48.8,54.8,27.8,33.1,33,27.6,19.1,14.4,32.1,37,49.3,54.4,72.3,71.9,42,39.8,48.9,55.1
Fordham,48.6,47,37.6,37.4,29.9,25.2,19.1,19.3,31.8,32,49.1,46.5,74.1,73.2,41.7,30.6,52.4,48.7
DePaul,49.7,51.6,27.6,35.7,25.8,34.1,18.2,17.7,36.8,35,46.3,51.1,73.9,71.1,37.8,34.7,54.5,51.9
Central Connecticut,48.1,51.3,23.3,26.5,28.5,28.2,17.9,16.4,32.7,35.4,47.5,50.2,70.9,74.3,35.7,37.2,52.1,56.5
Cleveland St.,49.5,48.2,30,30.7,35.2,35,17.4,20.5,30.8,31.5,50.7,48.8,68.5,73.5,26.6,37.6,48.3,50.5
Cal Poly,45.8,50.4,31,42.3,24.5,24.5,20.9,18.6,29.3,34.9,46.7,49.3,74.6,72.5,35.9,35.1,47.1,50.6
North Dakota,51,53.5,27.3,28,25.7,27.4,16.7,15.5,34.4,36.4,50.6,53,69.1,74.7,44.5,31.4,44.7,40.5
Little Rock,49.2,56.1,31.9,37,29.3,30.4,18,19.2,32.5,39.5,49.4,54.1,73.7,66.7,29.9,38.7,54.4,53.2
UAB,50.8,47.9,36.6,30.7,35.7,28.8,17.4,19.5,36.5,32.9,49,47,73.2,72.3,32.2,37.4,49.7,48.3
Morehead St.,49.5,49.8,35.9,28.3,27.3,24.6,18.9,15.8,35.6,32.7,47.1,50.1,72.3,74.9,37.9,31.2,55,42.1
UTEP,48.6,51.1,38.8,37.3,33.3,29.7,22.9,22.9,29.1,33.2,50.7,51.8,62.8,72.3,29.9,37.4,47,43.4
Mississippi Valley St.,45.4,53.3,38,39.8,28.7,32.4,23.4,19.5,34.9,35.8,42.8,53,66.5,68.5,27.6,39.5,47,53.5
FIU,52.1,52.1,28.7,30.6,25.5,36.7,20.6,22.8,32.8,36.5,53.8,50.4,72.3,74.7,35.7,39.8,44.6,53.8
Delaware,49.6,51.8,33,29.4,25,29.8,16.5,18.6,32,36.6,50.5,50.1,73.4,72.6,36.5,34.7,48,53.7
Lafayette,48.7,50.8,24.5,29.4,23.8,25.3,17.9,18.2,32.7,34.1,48.4,50.6,62.6,69.8,48.4,41.2,68.8,55.3
North Carolina,49.2,48.7,37,26.3,30.4,23.3,15.2,14.9,31.1,33,50.8,48.4,74.2,70.8,37.7,32,45.4,41.9
Chattanooga,54,50.9,32,30.2,27.3,26.7,17.5,15.3,37.3,34.2,51.8,50.6,71.6,76.7,52,42.8,58.1,44.4
South Dakota St.,51.7,50.9,28.1,23.1,21.5,26,17.1,17.3,35.1,33.2,51.2,51.7,79.5,76.1,38.2,40.3,41.8,48.9
Central Arkansas,47.1,54.7,24.3,28.9,27.9,30.5,18.1,16.7,31.6,36.3,46.8,54.8,75.1,71.4,41.3,39.2,46.7,46.6
Bowling Green,50.5,54.1,32.5,33.6,29.8,28,17.5,16.3,33.8,36.4,50.4,53.8,70.8,73,35.5,37.3,49.4,51.3
Denver,52.3,51.7,39.4,27.7,29.8,27.4,21.4,15.6,32.9,33.9,53.4,52.2,72.6,75.2,26,40,43.4,51.7
Wichita St.,50.7,47.5,30.8,25.9,29.1,28.2,18.2,16.9,30.9,33.6,53.3,45.4,71.6,71.5,37.2,40.8,51.5,56.8
Butler,49.5,50.1,25.9,22.6,20,30.3,17.6,18.6,32.7,32.1,49.7,51,74,70.3,35.8,33.2,52.3,52.5
Temple,49.7,48.7,34.6,31.5,28.7,29,19.8,16.5,33,33.6,49.9,47.9,75.7,69.9,43.6,33.7,58.4,51.7
Hawaii,48.6,44.5,33.6,27.2,29.6,26.5,18.6,16.4,32.8,29.5,48.2,44.5,74.6,74.3,37.1,26.1,46.9,32.9
Arkansas St.,47.6,50.3,35.1,34.8,28.8,28,18.1,16.6,34.6,36.4,45.5,48,67.6,74.7,33.5,33.8,53.1,48.9
Southern Utah,51.7,52.5,41.3,32.9,28,25.4,18.6,18,34.7,36.6,51.5,51.2,73.4,72,37.7,35.8,43.3,49.8
Arizona,56.8,47.2,36.5,26,31.1,26.2,18.4,16.9,38.2,32.8,56.6,45.9,70.9,71.4,38,38.7,65.3,49.4
LIU Brooklyn,45.6,55.1,31.7,32.1,24.7,30.3,22.7,16.7,32,37.4,44.8,54.6,66.6,68.3,24.3,35.2,56.7,59.2
Charlotte,54.8,50.2,24.3,25.4,22.9,23.8,17.3,17.6,37.6,34.7,53.6,49,74.4,73.4,40.6,38.5,52.4,42.2
Bethune Cookman,46.6,52.7,32.1,35.2,26.9,34.7,18.3,19.3,35.8,35.8,43.1,52.1,69.9,72.9,33,36,46.6,52.8
Baylor,53.1,51.4,37.2,31.4,34.7,31.1,18.1,19.9,37.2,32.2,50.8,53.3,74.9,70.7,45.3,37.8,56.4,60.4
Houston Christian,51.4,57.5,40.6,33.3,28,31.6,21.1,16.7,36.1,37.8,49.5,57.9,72.7,70.6,40.7,33,56.4,53
Wofford,52.4,54.8,30,26.4,28.6,28.7,16.3,16.6,32.1,35.3,55.1,56.1,73.2,73.6,39.1,42.8,45.2,45.6
UC San Diego,49.6,51.8,26.1,27.9,23.2,29.3,17.9,16.5,33,37.1,49.6,49.7,74,72.8,39.2,35.6,47.4,56.6
Rutgers,47.6,45.9,28.5,28.2,32,27.6,17.2,21.7,31.8,30.5,47.6,46.1,70.2,68.7,30.3,43.1,59.4,57
Hartford,47.7,55.4,24.1,27.7,25.2,33.5,22.7,17.6,32,38.7,47.4,53.8,65.7,70.6,40.3,37.5,53.2,58.2
Dartmouth,50,51.3,29.1,31.7,23.5,26.2,20.2,16.5,32.6,34,50.8,51.6,69.6,72.9,41.6,35,49.2,44.6
Florida Gulf Coast,51.2,50.7,28.2,28.1,26.6,28.8,17.1,17.3,35.1,33.4,50.1,51.1,73.7,69.4,44.9,41.2,50.7,51.2
Tarleton St.,47.5,53.1,48,47.1,25.7,30,18.2,24,33.5,36.3,46.6,52,70.5,73.1,24.7,43,48.9,56.7
Monmouth,43.8,54.4,33.1,38.8,30.3,32.9,21.1,21,28.8,37,44,53.4,66.7,71.9,25.1,46,52.9,55.9
Jacksonville,50.6,49.8,22.8,27,23.9,25.7,19.1,14.3,33.3,32.1,51,51.4,77,73.2,39.5,49.5,53.6,55.8
Michigan St.,51.6,48.1,25.8,28.6,27.4,25.2,16.4,14.7,39.5,31.5,47.7,48.6,76.2,72.1,33.1,38.3,57.6,52.5
Xavier,55.6,50.4,30.8,27.1,31.8,25.4,17.5,16.5,39.5,35.9,54,48.7,71.4,72.4,31.3,34.2,63.8,54.3
Akron,51.9,49.7,33.7,28,29.8,26.5,16.6,17.8,35,35,51.5,48.1,75.5,74.5,43.9,35.3,51.2,46.5
Richmond,51.2,49.6,33,26.2,21,25.4,17.1,17.1,33,32.9,52.4,49.7,74.5,72.6,44.1,40.3,51.1,49.8
Elon,47.8,52.1,27.5,29,24.9,30.6,18.4,17.1,29.2,35.2,50.5,51.4,70.5,70.8,40.3,45.7,49.6,58.2
Weber St.,50.8,52.8,33.7,31.7,21,22.4,19.2,19.3,32.8,36.8,51.8,51.1,76.2,70.5,37.4,41,44.8,58.5
Bucknell,51.3,51.2,26.9,27.7,25.4,25,20.2,15.4,34.5,36.4,51.1,49.4,71.8,64.1,37,35.8,53.5,55.5
Hampton,45.1,53.9,32.1,35.3,26.5,30.3,16,15.7,32.1,37.9,43.4,52.2,68.7,69.5,36.6,36.7,45.6,54.7
Boise St.,51.9,47.3,30.7,27.4,26.4,23.8,16.7,17.7,36,31,50.7,47.8,73.9,69.3,37.9,37.4,43,46
Stonehill,50.9,50.2,32.2,27.3,19.1,31.4,19.7,19.8,34.8,34.6,49.9,49,75.9,70.9,41.3,40.8,52,54.8
UC Davis,49.8,50.7,42.8,31.5,32.2,28.6,20.6,20.8,33.5,36.7,49.6,48.9,71,70.4,35,30.4,47.8,45.2
Army,53.8,51.4,31.3,28.5,25.4,24.2,19.1,15.6,34.9,33.1,54.7,52.4,69.8,69.3,37.9,37.9,48,52.5
Missouri St.,50.1,49.3,27.2,30.4,33.2,26.9,19.1,18.6,32.8,32.6,50.9,49.5,62.6,72.1,43.1,39.1,48.6,48.6
Memphis,53.2,46.8,35.9,34.9,31,32.3,18.4,20.9,35.6,30.8,53.1,47.2,74.7,73.9,28.8,42.9,54.6,55.7
Duke,51.1,46.3,30.8,24.1,36.2,25.9,18.2,16.6,33.6,30.4,51.4,46.7,77,76.5,35.4,35.1,56.4,47.9
Providence,51.5,50,36.8,25.5,35.2,26.7,16.9,16.9,35.1,33.9,50.9,49.6,74.5,74.4,31.6,33.9,53.4,48.2
Marquette,56,51.1,27.1,29,26.5,32.1,15.2,22.8,34.8,35.2,58.8,50,72.1,69.8,41.9,37.5,59.3,58.6
Longwood,50.2,51.2,33.6,33.5,32.1,26.9,17.8,21.5,34.3,34.7,49.5,50.5,71.6,72.6,37.2,41.9,48.3,53.2
Penn St.,55.5,49.2,21.4,25.9,18.8,25.1,13.7,13.1,38.5,33.3,53.5,48.8,73.8,70.4,47.4,37.5,52.7,56.1
VCU,52.2,47,41.8,30.5,29,29.8,19.5,24.1,34.7,32.3,52.3,46.2,69.7,70.3,32.8,34.1,53.1,51
Alabama A&M,48.6,49.4,35.9,41.8,29.5,33.9,21.4,21.4,34.7,33.8,46.9,48.5,64.5,70.9,32.7,39.9,49.8,53.4
Georgia Tech,48.5,50.1,23.5,30.8,27.5,29.9,15.6,15.9,33.4,31,47.4,52,69.5,71.6,38.9,35.2,54,56.7
Fairfield,46,49.3,37.9,28.1,28.6,29.5,18.2,17.8,28.6,29.3,47.8,51.7,72.2,72.5,36.6,31.5,41.8,43.4
Cornell,54.8,55.7,28.5,30.9,28.8,29,16.7,21.9,34.5,36.2,57.5,56.6,71.6,71.8,47.9,39.8,57.8,58.8
Morgan St.,47.1,50.8,30.9,42.9,30.2,37.3,22,23.8,35.5,31.8,44.4,52.4,68.7,68.1,29.9,33.9,53.5,56.1
Fresno St.,49.3,51.2,24.3,32.1,24.9,28.2,18.1,19.7,31.1,37.3,51.1,48.3,77.7,76,40.7,37.6,53.2,52.8
Illinois St.,50.2,51.8,31.3,34,28.2,26.7,21.8,16.7,33.6,33.7,50,52.6,79.3,69.9,40.6,37.7,46.7,49.1
Georgia St.,45.6,50.7,33.5,35.4,30.1,29.5,19.5,17.5,29,36.5,46.5,48.6,72.1,72.4,30.6,33.8,44.9,52.3
Princeton,52.5,48,32.2,29.3,28.4,22.8,16.9,14.5,34,33.1,53.5,47.2,71.3,68.9,40.7,32.6,47.9,43.3
Washington,48.8,47.1,31.7,25.4,26.4,34.6,19.9,18.4,31.3,29.7,50,48.6,74.9,70.7,36.6,37,46.7,60.1
Old Dominion,46.4,48.3,36.2,34.7,32.8,29,17.1,17.7,31.5,31.7,46.1,48.8,68,66.9,29.8,42.4,44.3,56.6
Maryland,51.1,47.9,33.8,27.8,30.2,27.2,16.2,18.4,33,32.1,52,47.7,73.9,72.7,37.5,31.7,46.3,48.1
Loyola Chicago,52.9,51.6,31.1,37.5,24.5,28.5,22.1,17.9,33.4,34.4,54.8,51.7,69.7,75.9,40.2,38.1,56.5,51.2
Virginia Tech,54.2,50.6,26.4,24.9,26.1,27.4,14.8,16.3,36.2,34.1,54.1,50.4,73.5,70.4,39.6,35.8,56.8,47.5
Tennessee St.,50.9,49.9,35.1,42.4,26.9,28.2,17.3,18.5,35.1,33.8,49.6,49.5,68.3,75.2,40.8,34.5,48.7,48.3
Colorado St.,54.8,52.2,29.8,29.6,19.6,27.1,16.7,17.9,35.5,35.8,55.8,51,74.2,74.4,38.4,43.1,61.5,50.6
Oklahoma,52.4,48,30.1,30.1,23.7,27.2,20,15.5,35.1,31.2,52.2,48.5,73.5,70.3,37.4,30.7,53.3,42.9
Notre Dame,52,52.1,23.3,26.5,19.6,26.5,13.4,13.6,35.8,34.3,50.6,52.4,76.3,74.5,43,36.1,46.8,50.7
Coppin St.,51,53.2,37.2,34.2,18.6,35.7,20.1,18.5,33.7,33.8,51.4,55,71.9,72.3,44.4,41.5,46.3,58.5
Milwaukee,51.8,48.2,31.9,29.4,32.7,32.8,21.5,17.7,35,31.4,51.4,49,73.1,73.9,38.2,41.6,49.6,49.4
Tennessee Martin,50.4,49.6,36.1,34,27,29,16.8,16.8,31.9,32.3,51.9,50.5,71.6,69.6,36.4,41.3,44.7,54.6
North Florida,53.3,52.4,28.4,23.5,26.2,32.9,17.3,14,36.4,35.5,52.1,52.1,72,73.4,47.8,29.3,47.2,52.1
UT Rio Grande Valley,51.2,52,45.9,38.9,29,29.5,22.2,16.9,33.5,34.8,51.7,51.9,69.6,74.6,35,34.8,55.3,61.3
Tennessee Tech,51.4,51.7,29.9,25.8,23.8,30.2,17.8,18,37.3,34,48.1,52.1,71.5,74.3,42.5,39.2,54,56.9
Fairleigh Dickinson,51.5,55.8,27.9,34.8,31.4,28.9,16.3,21.4,34.4,36.9,51.4,56.1,74.9,75.6,37,40.1,51.5,56.4
Northwestern,47.2,48.4,29.7,31.6,28.3,27.3,14.8,21.7,32.1,33.9,46.5,46.6,75.1,67.7,41.2,42.4,55,61
TCU,50.2,47.8,33.9,29.7,32.4,30.7,17.1,21.9,30.6,30.4,51.9,49.1,70.1,71.1,29.4,35,58.6,55.9
Pittsburgh,53.2,49.2,32.4,30.6,30.4,28.2,16.4,16.7,36,33.4,52.7,48.6,76.1,71,44.1,39.8,54.5,52.9
Saint Mary's,52.5,46.7,31.2,30.3,33.1,21.8,16.4,19,36.7,32.8,51,45.6,69.1,75.2,37,31.8,48.3,36.6
Texas Tech,52.3,48.9,34.8,28.4,32.1,30.1,19.9,19.9,34.5,32.4,52.6,49.1,72.2,71.1,36.8,42.8,49.7,54.5
Utah Tech,53.2,53.8,44.8,35,28.7,26.8,21.4,20,37.6,36.5,50.9,53.3,70.3,73.4,41.7,36.6,51.2,53.1
Oregon St.,46.5,49.6,33.9,33.9,25.3,30.6,20.8,18.2,31.9,33.7,45.7,49.1,75.4,71.6,37,38.8,46.7,58.1
Belmont,55.3,51.1,24.3,29.3,25.4,30,16.8,17.7,38.9,35.6,53.2,49.8,72.5,66.4,41.5,33.5,54.2,49
The Citadel,49.3,52.4,28.9,33.9,20.8,31.7,18.2,16.9,32.5,33.9,49.6,53.5,75.3,72.2,38.7,41.5,46.7,51.9
North Alabama,51.3,52.4,30.9,32,23.2,28.1,15.6,15.2,36.1,37.7,49.9,50,70.7,71.8,34.6,36.6,41.1,52
South Carolina,46.9,52.6,26.8,29.4,32.7,32.5,19.9,15.9,32.3,33.8,45.8,53.7,66.1,67.4,40.9,36.3,47.6,54.4
Lamar,47.6,53,32.2,30.8,31.9,33.5,21.2,17.1,31.9,34.1,47.5,54.5,71.1,67.4,30.6,43.9,52.7,64.4
Minnesota,49,50.5,30.8,24.8,25,30.8,19.6,14.8,32.5,35.9,49.2,49.1,61.9,70.7,35.5,31.3,63.1,51.9
Louisville,48,54.1,32.9,30.6,28.2,30.1,22.3,15.2,32.9,35.2,47.3,54.9,74.1,72.2,35.8,39.7,41.8,56.1
East Carolina,47.1,49.2,37.1,33.1,33,28.9,19.2,17.4,31.6,32.9,46.9,49.2,68.8,71.5,41.6,34.5,56.3,49.9
Indiana St.,56.4,48.2,31.9,31.4,21.7,22.7,16.7,17.5,35.7,31.8,58.8,48.5,76.8,73.2,46.2,36.1,57.3,40.2
Wisconsin,48.5,50.3,24.1,28,22.4,25.4,13.5,18.6,35,32.3,45.8,51.3,67.1,68.6,40.5,35.8,49,43.3
South Carolina St.,46.9,57.7,29.2,43.5,34.2,34.5,20.9,21,30.8,39.5,47.3,56.8,66.1,72.2,34,36.7,51.7,58.8
LSU,47.3,51.8,33.7,30.3,31.7,28.8,18.4,17.5,32.7,34.3,46.2,52.1,72.2,72.2,38.9,41.6,52.9,52
Niagara,50.3,49.8,30,33.5,26.5,28.6,18.5,16.9,33.8,36,50.1,48,72,73,34.4,30.3,45.1,44.1
Maryland Eastern Shore,47.6,50.6,31.4,34.4,27.1,31.7,21.1,24.9,32.6,32.9,46.8,51.4,71.5,71.5,39.5,37,55.2,55
Florida A&M,45,51.1,31.4,44.6,27.6,33.6,24,18,32.1,33.2,43.2,51.8,70.5,66.4,35.5,34.6,47.4,50.6
Seattle,46.3,48.8,32.4,33.3,29.9,26.6,16.9,17.8,30.9,32.3,46.4,49,71.4,70.8,44.7,34.7,48.1,51.8
Wyoming,51.6,53.4,33.4,28.9,24.2,25.3,18.2,16.4,34.7,36.4,51.3,52.6,71.3,78.9,45.5,39.4,46.1,49.2
Louisiana Monroe,45.2,51.7,30,28.6,27.3,29.9,18.7,17.6,34.2,36,41.6,50.3,70.9,73.7,37.6,38.6,51.2,53.9
Utah,48.9,45,29.2,24.4,31.3,27.4,18,15.2,33.3,30.2,48.4,44.9,70.8,66.2,37.6,35.1,57.8,53.5
Kansas St.,51.5,47.5,37,36.7,31.1,29.2,20,20.7,34,30.1,51.8,48.8,75,69.2,36.3,36.8,64,56
Georgia,47.1,49.8,40.5,28.9,30.5,30.5,19.3,16.8,31.7,31.9,46.8,51,72.7,69.3,38.2,36.7,49.2,55.8
Colorado,49,47.7,30.3,32.2,31.3,25.3,19.2,19.6,31.9,31.8,49.6,47.7,69.3,71,34.7,34.4,50.9,46.6
Southern Illinois,51.7,47.6,30.6,29.8,22.8,27.3,19.3,19.6,32.2,33,54.6,46.7,72.2,64.9,46.6,34.1,59.2,48.8
Western Carolina,49,51.1,34.5,34,25.8,25.5,15.7,15.7,33.6,33.1,48.1,51.7,71,71.5,41.5,30.2,48.8,42.5
Wagner,44.9,49.1,25.2,47,34.4,24.8,19.1,20.9,30.2,31.5,44.7,50.2,68.3,71.8,35.3,36.7,50.8,53.9
Prairie View A&M,44.8,48.2,33,41.8,31.7,28.7,19.6,21.2,30.9,33.3,44,47.3,67.6,71.9,33.7,34.5,47.4,49.7
Louisiana Tech,50.9,54,28.4,38.5,30.1,28.1,19.9,21.3,34.5,38.5,50.3,51.1,71.8,69.5,41.1,42.9,46.2,59.8
Campbell,52.7,52.5,38,32.1,24.4,27.8,18.1,18.4,32.9,34.4,54.7,53.2,69.8,70,38.6,41.3,50,48.2
Boston University,47,50.5,29,36.5,28.7,24.6,17.8,18.3,32.4,33.8,45.9,50.3,74,69.7,38.7,39.3,43.3,49.6
Northern Colorado,52.4,53.1,31.4,31.7,24.3,27,17.5,14,36.4,33.4,51,54.5,74.8,72.5,39.6,33.5,44.1,48.5
College of Charleston,51.5,47.9,32.7,24.7,35.1,25.5,16.7,19.3,33.3,30.3,52.9,49.1,74.3,68,47.4,32,49.1,44.8
Quinnipiac,49.9,48.1,33,27.1,32.2,27.6,18.1,16.5,36.1,31.6,47.4,48.5,66.5,70.1,37.8,36.8,50,48.2
Albany,47.3,55.3,31,36.8,27.8,26.7,19.2,16.6,32.2,35.3,46.6,56.5,72.9,73.9,41.2,34.1,49,53.8
Virginia,51.3,48.3,34.5,26.1,25.5,25,13.7,19.7,35.3,34,50.4,46.5,70.1,74.8,36.1,39.7,65.8,52.9
Air Force,54.2,49.3,31.2,35.2,22.3,28.6,19,17.1,35.6,29.3,54.8,51.9,72.2,74.8,44.8,32.9,64.8,42.3
Jackson St.,47.5,52.5,32.9,34,32.9,29.1,22,19.1,32.1,35.4,47.1,52.1,67.4,72.7,34.2,39.2,50.4,51.8
Fort Wayne,50.5,51.9,28.7,23,27.1,26.1,18.9,17.7,33.5,31.2,50.8,55.2,71.7,72.4,47,39.5,49.7,46.5
Villanova,52,50.8,30.7,27.5,22.6,25.3,15.6,17.2,34,33.7,52.9,51,82.1,78.2,48,41.5,47.1,59.8
Davidson,50.1,50.8,32.8,26.7,24.9,27.8,16.2,17.3,31.9,33,51.3,51.5,75,70.5,36.6,36.8,53.1,49.2
California,43.7,51.6,31.5,32.6,25.3,30.4,20.1,16,29.8,33.4,43.2,52.5,72.3,71.6,30.9,38.3,46.5,51.6
Arkansas Pine Bluff,45.2,51.4,33.8,43.2,26.6,29,21.6,21.4,31.1,34.5,44,51.1,74.1,71.5,43.4,35.7,54.1,60
Tulsa,47.9,53.6,26.7,27.8,24.9,33,19.1,17,31.3,31.3,48.6,57.9,64.6,72.9,42.4,39.6,48.5,57.2
Merrimack,48.3,49.1,34.6,26.9,20.5,35.6,20.7,26,32.3,33,48.2,48.9,68.7,71.4,43.8,32.5,57.4,60
UNC Asheville,53.9,48,41.3,26.8,25.8,28.7,20,17.9,38.8,30.5,51.4,49.1,69.3,71.8,37.2,34,50.1,45.2
Texas A&M,49,47.9,45.9,35.1,36.7,30.4,18.3,21.1,32.8,32.3,49,47.4,75.9,70.4,33.7,45.9,52.8,59.3
Green Bay,46,54.8,31.5,31.6,21.7,32.4,21.1,16.1,30.1,35,46.6,56.1,70.2,76,43.5,34.6,53.2,49.6
Alabama,52.7,41.5,36.7,32.8,33.8,27.6,19,16,33.8,28.1,54.6,41.2,72.6,71.4,47.8,30.6,54.8,41.8
Saint Joseph's,50.2,50.5,34.2,32.8,28.9,30.7,18.2,18.9,32.9,34.1,50.9,50.1,70.3,70.6,45.9,42.1,48.8,58.9
La Salle,48.5,51,28.3,31.6,30.5,30.5,18.1,17.9,34.2,34.5,46.9,50.6,69.3,68.6,35.6,34.9,47.3,50.7
Southern,48.5,51.4,34.5,42.9,24.4,28.6,20.5,23,32.8,34,48,51.6,72.3,69.3,40,40.4,56.3,60.2
South Dakota,50.1,52.7,28.1,31.8,24.9,27.1,17.3,14.4,37.9,36.1,45.5,51.8,76.1,73.7,40.2,40.2,49.7,47.5
Chicago St.,48.8,53.3,31.9,35.9,33.5,33.2,21.3,16.7,32.9,35.7,48.4,53.1,72.6,69.3,41.8,37.4,46.7,56.1
St. Thomas,51.8,51.9,30.7,31,24,28.8,15.1,17.3,35.1,33.7,51.2,52.6,78.3,74.8,44.9,35.6,49.8,45.2
SMU,47.4,51.8,33,32.8,28.1,30.5,18,18.7,31.1,34.9,47.8,51.4,67.4,70.9,33.7,37.1,53.8,57.3
North Carolina Central,50.9,48.9,34.2,35.5,32.3,29.6,22.6,21.6,35,31.3,50.1,49.9,71.1,69.1,34.7,36,51.1,54.5
Wake Forest,54.2,51.6,32.1,26.7,24.8,26.6,17.1,17.3,36.4,35,54,51,74.6,71.9,45.4,38.6,50.6,46.2
Illinois Chicago,48.7,51.2,34.1,33,22.7,30.3,18.3,19.6,33.2,34.3,47.9,51.1,65.7,72.2,43.3,34.5,56.6,55.3
Saint Peter's,43.9,49.5,28.4,51.4,36.4,30.6,19.5,19.7,29,34.3,44.1,48.4,68.8,72,35.3,35.7,46.6,49.7
Presbyterian,47.3,54,36.5,39.1,29.9,29.5,20.8,18.4,31.5,38.5,47.3,52,62,66.3,36.3,35,46.7,47.9
Nebraska,51.7,49.9,28.2,21.9,24.7,28.3,18.6,17.7,32.6,34.1,53.4,49,64.1,69.4,36.7,43.6,51,59.4
Southern Indiana,50.5,51.8,33.4,40.3,32.6,25,18.3,16.7,36.6,35.2,47.2,51,68.1,72.1,42.6,39.9,46.5,49.3
Seton Hall,49.4,47.6,40.5,31,30.8,30.3,20.4,21.3,33.2,31,49.2,48.2,67.8,72.8,32.7,37.5,51.3,54.3
Alabama St.,42.3,49.7,31.2,34.6,31.7,34.4,18.7,17.7,30.8,34.2,40.4,48.9,70.3,69,33.1,34.7,44.6,46
Tulane,52.4,50.4,35.4,29.6,19.3,30.5,15.1,19.3,33.8,35.7,53.4,48.2,77.7,69.9,38.1,42,56.3,62.5
Columbia,45.5,52,28.1,28.8,25.3,30.9,19.9,17.6,30.4,33.1,45.4,53.2,71.1,70.2,40.7,34.5,46.7,53.2
Queens,51.2,53,35.9,25.4,29.7,26.1,17.6,15.7,34.8,35.3,50.5,53,72.2,71.8,44.1,36.5,50.9,48.3
VMI,47.8,56.9,21,28.1,28.9,27.3,19.3,14.6,34.2,37.4,45,57.7,75.8,71.3,44.1,50.1,43.9,60.4
Rhode Island,44.2,49.1,37,31.7,31.6,29.5,20.4,17.2,30.4,32.1,43.6,49.6,74.4,69.5,31.3,34.7,49.9,51.2
UTSA,47.4,52.5,37.4,30.6,28.5,31.2,19.5,15.4,33.8,35.6,45.3,51.9,74,72.2,38.5,37.8,44.4,51.3
Winthrop,55.1,54.8,41.6,31,25.9,34.2,20.6,17.4,37.9,35.8,53.8,55.5,74.7,64.2,44.9,38,46.7,50.3
William & Mary,49.4,53.9,29.2,27.4,27.4,29.9,18.8,17,36.3,35.5,46.3,54.3,67.9,70.2,37.8,36.9,49.7,48.6
