,team,adjoe,adjde,Barthag,Record,Wins,Games,eFG,eFG D.,FT Rate,FT Rate D,TOV%,TOV% D,O Reb%,Op OReb%,Raw T,2P %,2P % D.,3P %,3P % D.,Blk %,Blked %,Ast %,Op Ast %,3P Rate,3P Rate D,Adj. T,Avg Hgt.,Eff. Hgt.,Exp.,Year,PAKE,PASE,Talent,,FT%,Op. FT%,PPP Off.,PPP Def.,Elite SOS,Team
1,Duke,134.7,93.3,0.986,13–1,13,14,59.2,46.4,32.2,25.3,12.7,17.6,35.1,29.4,66.7,58.9,46.8,39.8,30.5,10.6,10.2,55.1,45.8,42.8,37.8,66,79.763,82.221,0.968,"2,025",0,0,80.734,,81.1,72.6,1.298,0.979,33.641,Duke
2,Florida,130.9,95,0.976,12–2,12,14,56.3,48.7,34.4,37.8,14.3,15,33.6,28.6,70.9,56.9,49,37.1,32.2,11.3,9.7,55,46.8,46.6,36.8,70,78.018,82.097,1.887,"2,025",0,0,28.619,,72,70.2,1.208,1.054,55.024,Florida
3,Houston,124.7,90.9,0.974,13–1,13,14,52.3,47.8,31.2,34.5,15.5,19.9,33.5,30.1,62.3,48.2,47.2,40.3,32.4,12.1,7.9,40.4,53.6,33.6,42.8,62.1,76.82,79.578,2.278,"2,025",0,0,75.695,,75.8,77.1,1.14,1.003,49.09,Houston
4,Alabama,130.8,96.6,0.97,7–5,7,12,58.2,50.6,35.9,38.9,16.2,12.7,30.5,28.1,77.1,58.7,51,38.3,33.3,8.2,12.4,50.9,47.5,44,36.4,75.9,78.074,82.581,1.819,"2,025",0,0,58.572,,74.2,68.5,1.19,1.106,62.14,Alabama
5,Auburn,129.9,96.4,0.969,9–4,9,13,54.9,48.5,38.8,44.2,12.9,16.9,31.3,32,69.4,55.1,52.3,36.4,28,13.6,8.3,54.7,44.9,40,37.2,67.6,78.431,81.057,2.573,"2,025",0,0,34.433,,73.7,76.5,1.189,1.077,55.602,Auburn
6,Texas Tech,129.5,98.3,0.96,9–4,9,13,53.4,49.5,30.5,34.9,13,14.8,31.5,29.1,65.7,50.3,50.1,37.7,32.1,8.5,10.1,59.1,41.8,50.3,29.7,66.3,76.407,79.854,1.972,"2,025",0,0,36.947,,76.2,72.6,1.186,1.066,50.337,Texas Tech
7,Tennessee,123.7,94.7,0.956,10–3,10,13,54.2,47.4,41.5,34.6,15.1,13.6,29.5,29.6,65,55.1,49.4,35.2,29.9,15.3,7.7,60.4,49,40.7,44.6,63.6,77.149,81.352,2.65,"2,025",0,0,51.743,,72.4,75.9,1.143,1.062,55.114,Tennessee
8,Maryland,117,90,0.953,8–3,8,11,51.1,46.3,37.6,24.3,14.2,18.5,28.3,28.3,71.7,48.5,47.7,37.3,29,11.1,8.3,49,50,34.4,32.8,70.3,77.5,80.919,1.64,"2,025",0,0,66.049,,76.7,81.9,1.1,0.975,40.978,Maryland
9,Wisconsin,122.9,94.8,0.952,10–4,10,14,51.2,48.2,31.1,25.8,12.9,12.9,27.5,25.5,67.3,52.6,46.2,33.3,34.2,6.5,12,53.9,55.2,49.6,40.4,67.2,78.113,81.776,2.223,"2,025",0,0,24.761,,79.8,72.3,1.128,1.034,43.507,Wisconsin
10,Gonzaga,121.4,94.1,0.949,9–2,9,11,53.8,46,29.9,28.6,12.3,18.7,29.8,28,68.9,58.3,46.1,28.9,30.5,7.6,7.2,63.5,46.7,30.2,38.5,69.7,77.317,80.873,2.522,"2,025",0,0,61.194,,79.7,69.7,1.171,0.953,33.04,Gonzaga
11,Arizona,126.5,98.1,0.949,8–6,8,14,51.7,50.6,37.2,29.2,16.3,13.6,35.5,28.3,70.1,53.4,48.6,32.2,35.5,12.4,7.4,55,52.8,33.8,41.2,70.9,77.892,80.498,1.92,"2,025",0,0,66.268,,82.6,73.2,1.143,1.099,58.335,Arizona
12,Clemson,118.1,91.6,0.949,10–2,10,12,52,47.3,27.5,26.5,15.5,19.7,33.7,30.9,64.5,52.8,48,33.7,30.8,11.4,9.5,50.9,43.6,35.6,36,64.8,77.87,81.701,2.503,"2,025",0,0,51.614,,75.1,65.9,1.121,0.966,32.706,Clemson
13,BYU,128.7,99.9,0.949,10–3,10,13,57.1,51.5,30.7,27.6,17.7,15.3,29.8,29.1,68.9,58.5,50.8,37,35,8,9.8,62.1,49.9,50,42.4,68.7,78.157,80.606,1.889,"2,025",0,0,35.971,,72.2,75.6,1.153,1.087,52.211,BYU
14,Missouri,132.9,103.3,0.948,6–7,6,13,56.5,54,40.7,42.9,14.3,17.7,35,33.9,70.3,57.7,56.8,36.5,33,5.8,11.7,47.3,49.3,41.1,38.2,69.1,78.276,81.594,2.197,"2,025",0,0,66.184,,73.8,75.9,1.219,1.147,53.163,Missouri
15,Michigan St.,116,90.8,0.944,9–4,9,13,49.7,46.9,35.6,36.2,16,15.4,32.9,22.5,68,49.2,52.9,33.7,26,10.5,7.8,55.7,49.7,33.1,43.6,67,78.039,81.913,1.752,"2,025",0,0,74.743,,72.7,75.2,1.08,0.99,51.302,Michigan St.
16,Colorado St.,123.4,97.4,0.938,11–2,11,13,58.9,49.4,38.7,35.2,17.2,15.9,28.7,26,64.4,54.2,50.5,43.7,31.8,7.4,8.1,61.5,51,41.8,40.1,65.4,77.024,79.53,2.033,"2,025",0,0,33.82,,76.4,68.3,1.195,1.023,28.937,Colorado St.
17,Iowa St.,118,93.5,0.936,7–6,7,13,53.6,49.7,37.1,32.8,19.7,21.6,29.5,31,67.9,51.9,49.1,37.3,33.7,10.3,11.4,56.1,54.3,40.9,41.6,67.8,77.854,81.053,2.401,"2,025",0,0,35.926,,77,76.6,1.077,1.008,43.936,Iowa St.
18,VCU,122.4,97.1,0.935,12–1,12,13,54.6,42.7,30.1,35,17.1,17.7,40,31.2,63.6,54.8,40.9,36.3,30.8,15.3,8.2,55.2,50,48.1,34.7,64.9,78.096,81.568,2.233,"2,025",0,0,34.315,,80.1,74.7,1.21,0.961,16.447,VCU
19,St. John's,113.3,90,0.934,12–1,12,13,48.8,48.3,29.5,30.8,14.9,21.7,37.1,29.3,69.7,49.7,51.2,31.3,29.9,12.2,9.8,57.3,58.8,30.1,45.9,70.8,78.209,80.533,2.12,"2,025",0,0,64.078,,67.3,67.2,1.092,0.953,36.517,St. John's
20,Saint Mary's,113.1,90.9,0.925,9–2,9,11,49.4,46.6,30.5,23,15.1,13.8,37.7,23.2,61.9,52.7,48.4,28.8,28.2,9.8,7.7,51.6,53.3,33.9,28.8,61,78.408,81.447,1.982,"2,025",0,0,48.461,,68.1,70.5,1.101,0.972,31.532,Saint Mary's
21,Louisville,117.4,94.4,0.925,11–2,11,13,56.1,47.5,31.9,25.6,17.6,17.2,28.4,28.3,69,57.8,47.3,35.9,31.8,7,8.1,48.5,43,42,41.6,69.8,78.008,81.168,2.555,"2,025",0,0,20.225,,75.5,71.1,1.129,0.991,26.978,Louisville
22,Texas A&M,117.2,94.3,0.924,6–5,6,11,46.2,50.2,43.4,37.3,18.6,17.3,39.7,27.1,66.4,45.3,45.9,31.8,36.8,12.1,16.8,47.9,62.2,38,45.6,66.1,77.361,79.763,2.764,"2,025",0,0,69.423,,71.4,79.3,1.065,1.057,50.486,Texas A&M
23,Georgia,120.6,97.2,0.923,5–6,5,11,51.5,51.6,37.1,35.1,16.8,15.9,33.2,32.6,68.1,51.5,50.5,34.3,35.4,14.1,8.3,43.4,53.8,37.2,43.1,66.8,78.786,81.87,1.393,"2,025",0,0,64.946,,71.1,69.3,1.095,1.107,51.296,Georgia
24,Xavier,120.3,97.2,0.921,8–2,8,10,57.2,54.9,34.6,22.5,15.5,17.9,20.6,19,70.2,55.6,56.2,40,35.5,5.5,7.1,64.5,55.7,37.4,43,71,76.997,80.414,2.524,"2,025",0,0,42.959,,83.5,69.2,1.145,1.031,25.885,Xavier
25,UCLA,119.7,96.8,0.92,6–4,6,10,51.6,51.5,29,28.7,14,20,32.8,30.6,64.5,50.4,50.7,35.8,35,11.1,8.5,66.8,56.4,37.4,44.9,64.5,78.101,81.377,1.849,"2,025",0,0,70.64,,69.8,82.6,1.116,1.062,43.943,UCLA
26,Kentucky,122.2,98.9,0.919,7–6,7,13,55.2,54.5,38.3,32.3,16.3,13.8,24.7,22.2,73,54.6,56.6,37.3,34.3,8.4,7.6,53.3,45.6,39.6,41.5,71.3,78.775,82.178,2.329,"2,025",0,0,46.326,,74.4,74.2,1.121,1.11,50.605,Kentucky
27,UC San Diego,118.1,95.8,0.917,12–0,12,12,58.2,43.5,28.5,25.2,11.6,22.1,25,29.9,66,56.4,43.5,39.9,29,8.2,8.8,63.4,54.2,52.7,43.7,65.4,77.481,78.923,2.447,"2,025",0,0,14.091,,72.4,81.7,1.208,0.91,11.866,UC San Diego
28,Santa Clara,119.4,96.9,0.917,6–3,6,9,58.8,47.4,28.3,33,15.9,17,31.2,21.5,71.1,52.9,50,43.4,28.9,8.9,11.3,62.6,57.4,47.8,39.4,70.4,78.415,81.551,2.442,"2,025",0,0,19.916,,72.8,76,1.204,0.97,20.204,Santa Clara
29,North Carolina,123.5,100.5,0.915,9–4,9,13,56.6,51.1,33.2,30.1,15.3,15.1,31.6,26.4,67.5,53.7,50.4,41,34.9,9.5,11.3,53,46.6,37.6,36.3,69,76.417,79.98,1.623,"2,025",0,0,87.298,,71.6,75.9,1.174,1.079,37.749,North Carolina
30,Kansas,116,95,0.909,6–7,6,13,52.7,49.3,26.1,28,18.2,14.9,28.2,29.1,69.6,51.5,49.3,36.5,32.9,12.5,11.5,61.9,51.2,36.8,41.9,69,77.963,82.013,2.526,"2,025",0,0,65.96,,68.1,73.6,1.055,1.058,49.554,Kansas
31,Arkansas,115.9,95.2,0.906,8–5,8,13,53.2,49.2,43.3,29.8,16.6,15.8,25.1,29.1,71.1,53.9,49.5,34.6,32.5,13.9,6.9,54.5,49,35.8,37.6,70.1,78.136,81.87,1.364,"2,025",0,0,74.808,,74.2,73.8,1.077,1.057,49.063,Arkansas
32,Purdue,128.7,106,0.903,5–6,5,11,56.1,55.9,29.1,38,14.5,13.4,32.9,28.6,66,53.7,63.2,39.8,30.7,3.7,9,51,58.7,39.5,42.9,64.7,77.045,80.639,1.484,"2,025",0,0,73.946,,74.9,70.5,1.186,1.174,47.357,Purdue
33,West Virginia,110.4,91.1,0.901,6–6,6,12,49.7,47.5,21.6,35.1,16.4,18.3,24.9,29.6,64.4,50.4,47.9,32.6,31.1,10,8.4,59.8,48.7,44.8,37.1,64.6,77.095,80.401,1.882,"2,025",0,0,39.077,,66.2,75,0.998,1.009,42.49,West Virginia
34,Baylor,119.3,98.8,0.897,6–7,6,13,48.6,49.4,35.1,31.3,17,16.1,34,31.2,64.7,49.3,49.2,31.7,33.1,6.2,8.6,52.1,56.5,39.5,40.9,65.2,76.961,79.571,1.871,"2,025",0,0,56.146,,77.9,74,1.078,1.061,49.529,Baylor
35,Oregon,116.9,97,0.895,8–4,8,12,51.3,49.8,28.6,28.8,15.4,17.3,30.7,28.6,67.6,50.6,51.4,35,31.2,11.1,9.4,52.3,50.5,37.9,35.5,66.9,77.427,81.554,2.452,"2,025",0,0,60.009,,78.7,72.2,1.094,1.036,41.023,Oregon
36,Connecticut,121.6,101.2,0.892,8–4,8,12,53.1,47.4,31.6,35.9,20.7,13,39.8,28,63.5,54.3,46.9,34.2,32.1,16.1,10.7,58.5,45.1,41,36.8,64,78.167,80.841,1.638,"2,025",0,0,87.492,,80.5,71.7,1.136,1.046,37.091,Connecticut
37,Michigan,111.7,93,0.892,10–4,10,14,49.3,46,33.5,26.7,18.9,13.3,30.9,30.5,69.7,54.5,44.7,27.5,31.9,7.2,8,53.8,47.9,39.5,41.1,69,79.111,83.403,2.239,"2,025",0,0,57.267,,73.8,75.4,1.022,1.033,49.419,Michigan
38,Mississippi,122.1,101.9,0.889,6–6,6,12,49.7,56.2,39.4,44.1,11.8,16.6,24,31.9,69.6,50.3,55.6,32.4,38,8.1,11.1,45.5,60.5,36.7,43.3,68.8,76.185,79.496,2.701,"2,025",0,0,56.397,,74.7,70.8,1.1,1.161,55.13,Mississippi
39,Northwestern,116.1,97.3,0.884,5–7,5,12,49.6,50,28.5,37.6,15.2,18.7,31.1,31.1,64.6,49.1,48.9,33.6,34.4,10.2,9.2,56.3,57.9,35.3,41.2,65,78.283,81.173,2.211,"2,025",0,0,35.876,,75.1,79.1,1.075,1.064,40.6,Northwestern
40,Illinois,126.2,106.1,0.88,7–5,7,12,53.6,53.1,32.7,27,15.1,10.9,34.8,31.1,69.9,59.8,48.9,30.6,41.7,8.3,8.3,52.5,50,44.7,30.9,69.8,78.84,82.012,1.177,"2,025",0,0,74.592,,77.2,75.5,1.165,1.184,48.269,Illinois
41,Creighton,118.7,100,0.878,9–4,9,13,54.4,48.9,28,16.4,17,10.3,28.6,26.8,65.7,61.1,46.1,31.5,35.8,9.4,11.3,62.7,45.7,48.3,36.2,66.2,78.968,83.115,1.954,"2,025",0,0,59.745,,69.5,67.6,1.106,1.06,34.887,Creighton
42,SMU,118.3,100.3,0.87,7–5,7,12,55.3,49,37,32.5,18.5,18.6,34.8,32.6,66.7,55.1,50.1,37.1,31.7,9,10.4,54.2,61.9,36.1,43.7,67.4,77.829,82.288,2.222,"2,025",0,0,59.084,,68.3,74.4,1.129,1.049,26.967,SMU
43,Cincinnati,115.7,98.1,0.87,6–7,6,13,50.7,53.3,21.2,21.5,16.5,20.3,30.9,31.3,66.3,51.8,52.1,32.5,37,10.1,7.7,48.4,51.2,36.7,35.8,66.1,78.28,81.518,2.125,"2,025",0,0,54.633,,70.9,74.8,1.053,1.054,43.63,Cincinnati
44,Villanova,116.1,98.7,0.866,7–5,7,12,52.3,51.5,31.1,23.6,15.2,16.7,23.1,26.3,62.4,47.5,53.1,39.4,33.1,5.7,10.4,46.5,61.8,41.6,46.8,63,77.311,80.292,2.445,"2,025",0,0,59.91,,80.9,68.4,1.08,1.047,30.804,Villanova
45,Marquette,116.5,99.3,0.863,5–7,5,12,50.8,49.8,23.9,31.9,14.6,18.6,29.9,32.8,67.1,53.5,48.8,31.8,34.2,9.2,10.3,46.3,57,46.3,37.7,67.3,77.724,80.58,2.084,"2,025",0,0,62.664,,68.4,73,1.075,1.053,40.728,Marquette
46,Mississippi St.,118.4,101.1,0.86,5–7,5,12,50.1,55.4,32.8,36.4,15.4,17,31.3,28.2,71,53.7,54.8,30.2,37.4,15.1,8.1,51.8,55.2,43.3,47.5,69.6,77.214,80.466,2.053,"2,025",0,0,58.075,,70.7,70.9,1.086,1.126,50.307,Mississippi St.
47,Vanderbilt,121.5,103.9,0.858,4–8,4,12,49,57.1,34.7,44.8,15.9,15.8,32,30.7,69.4,50.4,56.4,31.2,38.8,9.7,13,46.8,46.4,39,39.5,68.9,76.255,78.997,1.973,"2,025",0,0,36.79,,76,74,1.081,1.19,56.492,Vanderbilt
48,Oklahoma,117.4,100.7,0.854,5–8,5,13,52.9,54.6,43.6,39.5,17.1,15.9,24.6,28.5,71.6,51.6,57.3,36.6,33.9,4.3,11.5,48.2,51.4,40.1,42.7,70.6,77.138,80.403,2.256,"2,025",0,0,48.517,,78.8,73.5,1.09,1.136,54.081,Oklahoma
49,New Mexico,110.4,94.7,0.854,9–3,9,12,51,49,39.8,35.4,15.3,20.6,31.1,24.3,70.9,50.6,50.8,34.6,31,14.4,8.9,46.9,60.7,32.6,40.6,72.7,78.318,81.232,2.047,"2,025",0,0,45.924,,68.5,68.2,1.092,0.958,26.91,New Mexico
50,Utah St.,125.6,108.1,0.849,7–5,7,12,54.9,53.3,39,46,14.9,18.9,35.7,31.7,66.1,57,53.2,34.8,35.6,8.2,10.2,54.6,55.1,43.1,45.8,66.1,77.29,80.475,2.077,"2,025",0,0,17.856,,68.7,74.1,1.184,1.12,28.933,Utah St.
51,Indiana,111.4,95.9,0.849,5–5,5,10,49.1,49.5,30.7,33,14.3,17.1,27.6,25.9,66.6,50.4,50,31.1,32.6,8.2,9,59.4,53.4,35.3,40.3,66.3,78.696,81.524,2.062,"2,025",0,0,79.15,,67.6,79.6,1.041,1.033,45.045,Indiana
52,Liberty,114.6,98.8,0.846,11–2,11,13,59.2,46.5,31.1,25.6,14.9,15.7,17.4,26.6,65.6,57.9,48.6,40.3,28.7,8.7,10.7,65.2,43.5,50.9,37.5,65.4,75.67,79.4,2.265,"2,025",0,0,2.365,,66.8,73.1,1.122,0.988,14.053,Liberty
53,Boise St.,113.9,98.4,0.843,10–3,10,13,50.1,49.2,38.4,31.3,17,15.7,33.5,21.7,64.7,55.4,48.9,29.5,33.2,7.7,10,56.7,44.1,47.8,34.9,64.4,78.051,80.18,1.907,"2,025",0,0,13.354,,78.7,69.4,1.1,0.999,26.682,Boise St.
54,Kansas St.,106.3,91.9,0.842,7–6,7,13,47.4,47.8,25.2,31.8,17.6,17.9,27.3,30.4,68.3,49.6,53,29.1,26.7,9.1,11.5,54.8,60.7,37.3,40.1,67.4,77.263,81.178,2.307,"2,025",0,0,47.744,,70.8,72.3,0.982,1,46.108,Kansas St.
55,San Diego St.,110.2,95.4,0.84,7–4,7,11,52.1,47.4,36.7,33.4,16.9,19.5,26.5,31.9,65.2,55.5,47.3,31.7,31.7,19.2,9.7,54.1,44.2,42.6,47.3,65.8,78.127,81.937,1.611,"2,025",0,0,41.617,,65,69.7,1.056,0.993,26.42,San Diego St.
56,San Francisco,111.2,96.3,0.84,7–3,7,10,50,50.1,32.7,37.9,15.6,16.6,28.3,26.3,70.1,52.6,57.4,30.6,24.6,6.3,6.7,46.4,54.8,38.8,35.8,69.1,77.581,80.977,1.751,"2,025",0,0,26.844,,75.3,68.4,1.078,1.021,32.077,San Francisco
57,Ohio St.,119.4,104,0.83,4–7,4,11,50.5,53.9,35.2,40.3,14.3,17,28.6,34.9,67.5,48.6,56.1,35.7,33.2,8.1,8.7,46.2,48.8,38.9,34.7,66.6,76.678,79.626,1.599,"2,025",0,0,67.504,,77.5,77.4,1.108,1.143,41.163,Ohio St.
58,Drake,113.1,98.6,0.829,11–1,11,12,53,52.1,43.2,34.4,16.8,21,34.1,24.2,58.2,54.5,55.4,33.6,31.6,8,7.9,54.8,51.8,36.2,41.1,58.3,77.41,79.116,2.226,"2,025",0,0,0.2,,71,72.3,1.137,0.994,12.586,Drake
59,USC,119.4,104.9,0.816,4–9,4,13,55.3,54.2,34.2,34.8,19.6,16.8,30.2,36.2,67.9,53.1,55.3,39.5,34.9,9.1,9.9,54.1,59.5,36.5,37.4,68.2,78.26,79.825,2.222,"2,025",0,0,48.887,,76.3,73.6,1.108,1.15,44.425,USC
60,Oklahoma St.,110.8,97.4,0.815,5–7,5,12,48.6,50.7,39.5,35.9,18.4,20.1,26.7,35.2,73.4,48.8,51.8,32.2,32.9,9,11.8,52.5,57.8,35.2,44.3,73.4,77.015,80.13,2.521,"2,025",0,0,38.024,,72.4,74.4,0.994,1.078,45.052,Oklahoma St.
61,Texas,117.8,103.6,0.814,5–8,5,13,49.8,50.8,36.9,49.9,14.5,14.9,30,30.1,69.7,48.5,50.6,34.8,34,11.1,8.7,45.2,47.2,34.3,37.7,68.5,78.026,80.717,2.185,"2,025",0,0,60.878,,74.1,74,1.085,1.125,47.099,Texas
62,Loyola Chicago,110.7,97.6,0.81,10–3,10,13,53.3,46.9,26.9,31.9,17.2,16.4,28.8,26.6,66.4,52.2,47.1,36.5,31.1,15.2,10.1,61.7,51.2,44.9,41,67.2,77.784,80.194,2.293,"2,025",0,0,13.78,,66.8,76.2,1.076,1.001,17.444,Loyola Chicago
63,Rutgers,117.1,103.5,0.805,4–7,4,11,49.6,55.7,35.7,31.9,15.9,18.3,31.2,35.7,68.9,51,55.6,31.5,37.2,10.5,8.9,45.5,49.5,36.6,36.9,68,78.534,81.27,1.275,"2,025",0,0,52.09,,76.4,69.9,1.082,1.144,42.313,Rutgers
64,Iowa,122.1,108.1,0.802,4–8,4,12,54.4,55.8,21.4,32.5,13.2,14.2,26,31.3,68.2,53.7,55.8,37,37.3,9.2,8.8,58.5,54.2,39.6,42.5,67.4,78.116,80.608,1.779,"2,025",0,0,54.344,,75.9,75.6,1.126,1.198,47.194,Iowa
65,Utah,116.2,103,0.8,4–8,4,12,48.7,52.8,38,36.4,17.7,15.3,36.6,26.4,68.7,51,51.4,30.6,36.5,7.4,12.8,61.5,53.2,44.6,41.3,67.9,79.647,82.396,2.127,"2,025",0,0,54.119,,65.9,71.7,1.067,1.101,41.96,Utah
66,Penn St.,113.6,100.9,0.796,3–6,3,9,52.2,53.6,36,29.3,19.9,16.5,25.5,28,68.2,53.4,50.6,33.5,39.3,11,10.8,57.9,68.2,38.8,35.3,68.8,77.903,81.137,2.275,"2,025",0,0,57.579,,78.2,76.3,1.045,1.095,41.148,Penn St.
67,Colorado,110.2,97.9,0.796,5–9,5,14,48.5,49.1,34.4,38.7,20.6,15.1,29.3,29.2,66.7,51.3,46.6,29.3,35.5,11.8,11.3,54.6,53.1,38,36.9,67.6,78.991,81.626,1.892,"2,025",0,0,43.654,,74.6,66.8,0.991,1.052,50.801,Colorado
68,Wake Forest,112.4,99.9,0.795,6–5,6,11,49.3,49.5,40.9,35.8,15.6,17.6,25.7,32.5,67.5,51.7,52,29.3,31,9.6,9.3,45.4,56.8,30.5,45.4,68.1,77.706,80.788,2.215,"2,025",0,0,69.921,,77.7,77.7,1.061,1.069,31.238,Wake Forest
69,Georgia Tech,109.8,97.6,0.795,8–4,8,12,49.9,47.9,28,24.4,18.3,14.4,33.8,29.2,65.6,48.9,46.8,34.4,32.9,10,12.9,51.1,55.4,35.2,43.3,67.2,77.833,81.089,1.532,"2,025",0,0,33.602,,70.6,76.2,1.05,1.039,32.155,Georgia Tech
70,High Point,119,106.8,0.776,11–0,11,11,57.5,49.3,32.3,35.1,14.8,17.3,35.6,29,68.3,59.3,50.2,36,31.8,7,6.7,40.3,40.2,33.8,36.7,67.3,77.06,80.787,2.445,"2,025",0,0,17.054,,75.2,70.9,1.235,1.03,7.471,High Point
71,Butler,118.5,106.4,0.775,5–6,5,11,54.4,51.8,27.9,15.2,15.6,12.1,24.7,29.9,68.9,53.2,54,37.4,32.4,5.9,9.8,50.8,55.6,41.8,40.6,68.8,78.864,81.977,2.359,"2,025",0,0,48.778,,72.8,77.7,1.1,1.121,35.474,Butler
72,South Carolina,113.7,102.4,0.769,2–9,2,11,47.4,55.7,43.5,32.7,16.3,14.5,26.1,25.5,67,49.2,54.3,29.8,38.7,7.6,14.3,51.4,54.5,39.8,38,66.3,77.522,80.767,2.057,"2,025",0,0,40.926,,75.9,74.8,1.024,1.14,50.886,South Carolina
73,Syracuse,115.4,104,0.768,5–7,5,12,51.8,54,33.2,37.9,18.5,14.4,34.8,27.9,66.4,50.9,54.4,35.9,35.4,6.8,10.7,51.4,45.8,31.1,36.9,66.7,77.679,80.881,2.181,"2,025",0,0,61.278,,73.6,70.5,1.094,1.131,28.693,Syracuse
74,Memphis,112.4,102,0.753,12–1,12,13,52.9,49.3,35.3,33.5,17.5,17.7,39.5,29,72.2,52.8,49.5,35.3,32.7,15.4,8.1,54.3,51.2,29.9,39.3,71.5,77.013,80.871,2.425,"2,025",0,0,53.401,,67.3,70.7,1.138,1.024,12.42,Memphis
75,Nebraska,114.2,104,0.746,4–6,4,10,51.3,53.4,36.7,27.8,14.8,15.4,25.4,30,67.2,53.7,53,31.7,36,8.2,7.5,52.5,53.2,39.5,39.1,66.8,78.023,81.147,2.501,"2,025",0,0,38.883,,75.8,71.4,1.088,1.109,38.314,Nebraska
76,George Mason,107,97.5,0.745,10–3,10,13,51.7,48.4,36.6,34.8,19.4,20.4,28.9,29.8,64.6,47,50.6,40.2,30.7,14,11.9,51.5,52.5,35.4,49.9,64.7,77.531,80.666,2.607,"2,025",0,0,30.66,,73.3,70.4,1.038,0.999,22.198,George Mason
77,Virginia,117.8,107.4,0.743,5–6,5,11,54.3,54.3,25.7,33.4,14.2,15.3,21.3,29.8,62.2,52.5,53.6,37.7,37.2,10.5,11.6,60.1,47,42.9,32.8,62.2,78.349,81.619,1.422,"2,025",0,0,73.013,,77.5,73.8,1.102,1.136,32.622,Virginia
78,Arizona St.,116.8,106.6,0.741,1–11,1,12,50.3,55.7,34.2,35.7,13.9,15.5,20.9,32.3,69.8,48,55.2,35.5,37.5,9.1,11.4,48.8,57.8,43.2,41.5,69.7,78.254,81.482,1.907,"2,025",0,0,57.884,,75.7,76.3,1.051,1.188,49.222,Arizona St.
79,TCU,107,97.9,0.735,6–6,6,12,45.3,52.3,35.2,27.7,18.8,20,34.2,29.5,67.1,47.1,54,27.8,33.3,12.3,10.2,48.4,64,32.9,41.4,67,77.821,80.732,1.653,"2,025",0,0,48.807,,67.5,76.2,0.98,1.042,39.054,TCU
80,McNeese St.,112.7,103.2,0.734,11–1,11,12,54.3,47.9,33.5,22.7,15.2,20.7,33.5,29.6,65.1,52.1,46.2,39.1,33.2,12.5,8.5,51.7,52.2,33.8,45.5,65.6,76.833,78.891,2.515,"2,025",0,0,25.961,,69.7,69.9,1.163,0.963,6.941,McNeese St.
81,Grand Canyon,109.2,100,0.733,10–2,10,12,53.3,47.1,40.5,34.3,19.7,20,34.1,30.8,71.2,57.1,44.7,30,34.4,13.9,8.7,48.7,50,31.8,35.2,71.4,77.889,80.515,2.47,"2,025",0,0,26.711,,72.5,71.7,1.087,0.979,9.898,Grand Canyon
82,Saint Joseph's,111.3,102.2,0.727,9–4,9,13,51.2,47.7,33.9,26.1,16.2,16.3,32.5,28.6,66.5,51.1,45.4,34.2,35.6,13.1,12.4,51.4,46.5,47.7,29.3,66.8,77.45,80.67,1.832,"2,025",0,0,43.842,,73.8,72.1,1.102,1.007,16.334,Saint Joseph's
83,Troy,108.4,99.7,0.724,9–3,9,12,49.4,44.6,39.7,34.9,17.1,19.2,38.5,31.1,66.9,52.8,43.9,30.1,30.5,14.7,9.7,50,44.4,44.4,38.4,67.1,77.8,80.146,1.661,"2,025",0,0,0.2,,73.5,73.6,1.119,0.964,10.329,Troy
84,Nevada,113.6,104.5,0.723,6–6,6,12,52.8,52.1,34.7,40.7,12.1,19,20.2,27,65.3,58.8,50.1,28.5,36.4,13.5,6.3,54.6,63.2,37.3,43.7,65.5,78.8,81.334,2.318,"2,025",0,0,30.312,,73.4,70.5,1.103,1.045,24.117,Nevada
85,UNLV,103.1,94.9,0.722,7–5,7,12,47.3,45.9,36.7,31.4,16.9,15.2,26.2,24.1,65.7,49.1,50.9,29.3,26.2,11.9,11.9,48.6,58.7,34,43.3,66.6,77.857,80.748,2.016,"2,025",0,0,42.483,,72,72.4,1.001,0.972,22.28,UNLV
86,Dayton,112.7,103.8,0.72,7–3,7,10,49.6,48.1,40.2,34.9,15.9,16.8,31.6,31.2,66.6,49.1,53.9,33.5,27.1,10.8,10.9,54.7,47.8,41.3,43.7,66.9,76.329,81.057,2.403,"2,025",0,0,30.84,,79.8,74.3,1.102,1.045,21.015,Dayton
87,UCF,114.5,105.5,0.719,4–9,4,13,49.4,52.1,35.6,32,17.9,17.4,31.8,34.2,73.5,51.1,55.7,31.3,31,11.8,10.5,48,58,41.2,39.5,73.1,77.998,81.872,1.995,"2,025",0,0,51.301,,78,72.9,1.056,1.109,38.814,UCF
88,Yale,113.6,104.7,0.719,10–1,10,11,56,49,30.3,21.6,11.5,15.5,28.2,26.8,68,55.6,48,38,33.3,12,6.1,47.9,61.2,31.2,50.4,66.8,77.67,79.601,1.876,"2,025",0,0,9.807,,71.3,77.9,1.191,1.032,9.199,Yale
89,Montana,116.6,107.5,0.718,11–1,11,12,61.4,49.7,40.9,32.7,15.7,15.1,22.2,26.6,65.6,61.4,50.8,41,31.8,7.7,6.8,48.2,39.9,35.9,35.4,66.2,76.552,78.532,2.148,"2,025",0,0,0.2,,76.7,70.4,1.197,1.05,8.297,Montana
90,North Alabama,116.2,107.2,0.717,10–2,10,12,54.1,48.9,34.9,25.2,10.6,16.9,34.3,29.7,66.2,51.5,47.6,40.1,33.9,10.9,10.4,40.3,50.8,30.3,42,66.1,75.78,78.984,2.118,"2,025",0,0,6.3,,66.8,68.7,1.213,1.029,7.478,North Alabama
91,UC Irvine,110.3,101.9,0.713,9–3,9,12,53.3,49.6,36,23.9,18.1,18.5,29.1,26.7,68,53,43.4,35.9,39.9,9.2,7.5,61.5,59.2,37.4,37.7,68,76.605,80.405,1.836,"2,025",0,0,7.357,,81.2,75.4,1.104,1.004,12.007,UC Irvine
92,UAB,119.7,110.7,0.711,9–4,9,13,50.1,52.8,30.1,28.7,12.4,15.2,39.5,33.2,67.9,49.8,52,33.8,36.6,11.7,8,52.5,49.1,27.7,30.1,68.4,76.613,80.476,2.716,"2,025",0,0,4.499,,76.8,69.2,1.179,1.127,14.961,UAB
93,Nebraska Omaha,115.9,107.4,0.706,9–2,9,11,56.4,51.8,37.5,33.8,13.7,14,29.3,25.3,69.5,56.8,49.3,37.2,36.5,8.2,8.8,51.9,47.9,38.5,45.2,68.5,77.229,79.995,2.432,"2,025",0,0,0.2,,75.8,73.5,1.201,1.088,9.571,Nebraska Omaha
94,Minnesota,110.4,102.4,0.704,4–7,4,11,48.9,51.2,30,36.9,17.9,16.1,31.9,32.4,63.7,49.5,49.6,31.9,36.3,11,11,57.9,59.4,34.7,31.3,63.2,77.62,81.282,2.534,"2,025",0,0,41.33,,71.7,72.8,1.033,1.106,38.921,Minnesota
95,Utah Valley,109.7,101.9,0.7,10–2,10,12,52.9,43.7,46.9,33,16.9,16.2,30.3,27.9,68.2,51.6,41.6,37.1,32.3,12.8,11.8,59.7,48.4,32.2,30.6,67.5,78.057,80.758,1.503,"2,025",0,0,2.572,,68.1,72.6,1.101,0.956,9.665,Utah Valley
96,Georgetown,112,104.2,0.696,3–7,3,10,50.5,56.5,26.4,34.2,13.1,17.9,26.4,26.3,68.6,50.9,59.8,33.3,34.6,8.9,10.6,53.9,58.9,43.3,42.5,69.5,78.562,81.66,1.25,"2,025",0,0,67.972,,69.3,76.6,1.073,1.115,33.554,Georgetown
97,Saint Louis,113.1,105.4,0.692,6–5,6,11,57.6,50.7,23.2,22.2,17.9,13.9,23.8,26.6,66.4,58.5,47,37.8,37.3,7.8,12.4,55.6,54.1,51.9,41.5,66.7,76.886,80.293,2.238,"2,025",0,0,11.029,,71.5,69.7,1.097,1.071,18.932,Saint Louis
98,North Texas,107.4,100.1,0.692,8–4,8,12,50.8,45.5,33,40.2,16.6,17.1,31.6,29,60.3,51,48.5,33.6,26.6,7.1,9.4,48.7,42,38,34.6,59.9,77.095,80.719,2.748,"2,025",0,0,29.571,,78.4,75.9,1.091,1.007,12.334,North Texas
99,Northern Colorado,113.4,105.8,0.69,10–3,10,13,59.9,49.2,36.1,34.2,15.7,14.9,24.6,21.5,67.9,57,48.1,43.1,34.5,5.1,9.8,50.7,34.9,38.4,30.5,68.8,76.963,79.672,2.479,"2,025",0,0,0.2,,71.7,76.4,1.179,1.03,6.797,Northern Colorado
100,New Mexico St.,105.1,98.5,0.678,5–6,5,11,44.4,47.5,40.3,39.7,13.4,15.7,31.8,23.5,64.9,44.9,50,29.1,29.9,9,9.5,44.5,52.6,36.3,49.5,63.9,76.318,80.284,2.556,"2,025",0,0,2.443,,67.9,71.9,1.018,0.993,14.739,New Mexico St.
101,Northern Iowa,107.1,100.4,0.678,7–3,7,10,53.4,50.4,34,25,15.7,16.3,26.5,23.9,64.8,52.4,46.6,36.8,37.3,9.3,8.7,53.1,40.2,35.1,40.5,65.7,78.009,80.571,1.936,"2,025",0,0,14.052,,66.8,68.1,1.086,1.012,12.934,Northern Iowa
102,George Washington,110.3,103.4,0.678,6–6,6,12,51.1,50.9,38.5,24.4,19.3,19.5,32.1,33.8,64.9,53,50.5,32.2,34.3,8.5,15.2,54.9,54.2,39.6,40.9,65,77.704,80.843,1.503,"2,025",0,0,38.086,,69,74.5,1.064,1.042,17.682,George Washington
103,Dartmouth,101.4,95.2,0.674,6–4,6,10,52.8,44.2,27.3,20.8,16.4,11.7,22.6,22.7,72,53.8,49.3,34.5,23.6,10.2,8.1,60,50.6,47,36.4,71.2,76.246,79.203,2.004,"2,025",0,0,0.2,,75.2,68.8,1.058,0.947,7.818,Dartmouth
104,Kennesaw St.,110.3,103.6,0.673,7–5,7,12,51.8,49.7,40.1,48.4,19.1,15.5,28.3,23.7,69,51.7,50.1,34.7,32.7,12,13.1,55,47.5,45.6,39.3,69.3,77.385,79.816,1.357,"2,025",0,0,7.296,,75,67.4,1.063,1.031,17.103,Kennesaw St.
105,Florida Atlantic,112.2,105.4,0.672,7–5,7,12,53.8,45.8,34.8,34.5,16.1,13.4,31.8,30.7,67.3,53.9,45.8,35.7,30.5,13.9,8.9,56.6,47.8,41.1,31.2,67.6,77.523,81.45,1.748,"2,025",0,0,46.053,,69.2,78.8,1.123,1.065,13.788,Florida Atlantic
106,LSU,108.4,102.1,0.666,2–10,2,12,48.2,53.9,28.2,30.2,16.5,15,22,35.4,67.6,51.5,55.3,29.6,34.2,8.5,11.9,47.7,49.1,46.2,36.4,67.2,77.058,80.556,1.903,"2,025",0,0,57.804,,60.8,72,0.964,1.153,50.156,LSU
107,Stanford,108.7,102.4,0.665,5–7,5,12,47.7,52.3,23.5,36,16.9,17.4,29.4,31.6,65.5,45.8,51.1,33.7,36.3,10.1,5.5,53,44.2,40.5,35.4,65.4,78.641,82.47,1.766,"2,025",0,0,42.331,,82.3,72.7,1.017,1.099,35.035,Stanford
108,Arkansas St.,112.7,106.4,0.66,7–5,7,12,50.9,47.2,32.7,36.9,15.7,15.9,37.4,28.7,70.2,52.4,46.3,32.7,32.7,11.6,10.3,55.7,51.7,45.3,31.8,70.8,77.157,79.775,2.228,"2,025",0,0,35.468,,74.4,74.4,1.143,1.027,9.793,Arkansas St.
109,UNC Wilmington,113.3,107.1,0.656,10–2,10,12,54.5,51.5,32.2,27.1,16.3,16,35.6,26.4,65.1,56.1,47.7,34.3,37.5,12.6,8,54.1,50.3,33.8,43.7,64.8,77.644,80.484,2.555,"2,025",0,0,0.2,,76.4,69,1.169,1.05,7.788,UNC Wilmington
110,DePaul,109,103.1,0.655,4–7,4,11,52,51.1,21,28.1,17.3,15.1,23.3,30.9,66.5,55.4,53.1,31.9,31.8,10.8,7.4,56.6,52,45.1,36.3,66.5,77.158,80.02,2.058,"2,025",0,0,38.77,,70.9,72.2,1.016,1.093,34.727,DePaul
111,South Alabama,110.8,104.9,0.652,7–3,7,10,51.2,50.8,40.8,24.2,13.4,20,30.4,32.8,63.3,54.3,50.2,30.6,34.1,9.3,10.3,46.3,71.8,36.8,59.6,62.8,75.958,78.38,2.281,"2,025",0,0,23.227,,72.4,67.6,1.129,1.04,11.52,South Alabama
112,Kent St.,112.4,106.8,0.643,9–3,9,12,53.7,49.8,33.7,34.3,18.2,16.2,38.2,28.5,68.7,52.7,50.6,37.2,32.4,8.7,7.9,44.6,52.5,33.5,40.9,67.4,75.343,79.196,2.381,"2,025",0,0,0.2,,77,78.4,1.156,1.066,9.069,Kent St.
113,Lipscomb,114.8,109.2,0.64,11–1,11,12,59.2,49.6,35.2,21.9,12,13.5,21,23.5,65.8,57,51.8,40.8,30.3,7.5,11.1,51.6,37,52,34.9,66.1,76.309,80.035,2.583,"2,025",0,0,0.2,,85.3,72.8,1.227,1.04,5.825,Lipscomb
114,Duquesne,107.9,102.7,0.638,4–7,4,11,50.6,52.1,31.8,37.2,19.1,20.9,32.8,28.5,65.9,53.5,50.8,31.4,36.2,12,10.4,55.5,48.9,44.5,36,66.6,76.827,80.158,2.079,"2,025",0,0,0.2,,66.7,73.8,1.041,1.033,18.977,Duquesne
115,Furman,112.3,107,0.636,8–4,8,12,56.2,49,39.5,27.7,16.1,15.3,28.1,29.8,66.9,52,47.8,40,33.9,9,11,64.6,47.9,52.7,40.9,67.1,77.854,81.449,2.045,"2,025",0,0,4.174,,71.8,76.2,1.159,1.062,10.416,Furman
116,Wichita St.,105.9,101,0.633,8–4,8,12,47.5,47.4,37.1,30.9,17.8,14.2,35.6,26.5,67.8,48.4,49.7,30.1,28.4,12.2,12.3,39.1,46.6,27.3,32.8,67.6,76.859,80.177,2.808,"2,025",0,0,25.641,,73.3,70.3,1.051,1.018,15.466,Wichita St.
117,Providence,111,105.9,0.632,1–10,1,11,52.5,54.4,22.7,30.6,19.5,14,30.1,28.5,68.1,49.3,52,37.5,38.5,8.1,7.6,56.1,56.4,45.2,41.3,68,77.113,79.986,1.691,"2,025",0,0,65.955,,63.9,77,1.033,1.154,38.364,Providence
118,Wofford,114.3,109.1,0.631,8–4,8,12,53.8,50.5,38.4,36.9,15.9,15.8,36.8,25.3,64.9,53.8,52.9,35.8,31.7,8.9,7.9,51,45.9,48.7,44.5,65.1,76.156,79.167,2.088,"2,025",0,0,0.2,,70.8,69.6,1.179,1.049,6.896,Wofford
119,Winthrop,111.2,106.2,0.629,9–2,9,11,57.4,51.8,41.4,32.9,18.1,16.7,31.4,28.1,73.9,55.3,51.4,40.5,34.9,8,8.6,50.6,45.5,38.4,37.4,73.5,77.079,79.654,2.408,"2,025",0,0,5.755,,68.4,72.8,1.156,1.068,7.948,Winthrop
120,Belmont,110.6,105.7,0.627,7–4,7,11,54.8,52,23,28.6,15.9,18.7,24.5,31.9,68.2,50.4,53.4,40.1,33.5,9.7,10.7,62.8,57.6,44.7,42,69.9,78.105,80.895,2.04,"2,025",0,0,13.381,,66.9,71,1.094,1.061,12.689,Belmont
121,St. Thomas,113,108.3,0.62,7–4,7,11,56.7,53.8,35.2,34.3,12.4,19.2,21.1,28.4,68.3,57.8,54.1,36.9,35.7,9.2,10.1,52.7,46.1,47.4,41.7,67.7,76.395,79.186,1.794,"2,025",0,0,5.92,,78.1,79.5,1.166,1.099,8.367,St. Thomas
122,Jacksonville St.,108.2,103.9,0.615,8–5,8,13,48.3,50.4,32,32.2,15.2,15.3,29.1,24.9,64.6,47.6,48.2,32.9,36,12,8.6,40.6,49.8,37.8,38.6,64.3,77.776,80.727,2,"2,025",0,0,0.2,,74.2,67.2,1.053,1.031,16.535,Jacksonville St.
123,Cal St. Northridge,110.8,106.6,0.609,8–3,8,11,52.3,50.2,35.4,40.3,19.2,19.1,36.8,26.6,72.4,51.1,45.1,36.8,36.9,7.8,7.8,59.2,62.3,30.2,49,72.6,77.361,79.356,2.467,"2,025",0,0,28.815,,79.1,77.8,1.125,1.034,11.441,Cal St. Northridge
124,Florida St.,105.8,101.8,0.609,4–7,4,11,48.8,50.1,40.4,34.4,17.8,16.6,27.2,32.9,68.6,50.7,50.7,29.9,32.7,10.4,7.9,45.1,51.6,32.8,38.3,69.1,79.206,82.023,1.512,"2,025",0,0,52.194,,71.6,75.1,1.009,1.094,34.911,Florida St.
125,Bradley,111.6,107.4,0.609,8–4,8,12,56.1,49.9,29.9,36.2,16.1,14.4,25.5,27.5,63.7,52.9,46,40.5,36.9,11.7,8.9,50.5,55.7,40.9,42.4,65.5,76.823,81.281,2.329,"2,025",0,0,1.302,,68.9,71.4,1.111,1.083,16.087,Bradley
126,California,109.3,105.2,0.608,3–9,3,12,45.5,53.9,38.8,36,16,16.4,32.9,25.5,67.3,45.8,51.4,30,39.5,9.9,9,41,39.9,38.4,31.9,67.8,76.934,80.278,1.858,"2,025",0,0,42.62,,74.1,76.6,1.046,1.096,30.866,California
127,Pittsburgh,109.9,105.8,0.608,3–9,3,12,48.4,54.7,34.9,37.2,15.6,18.7,29.7,28.3,64.8,48.2,53.6,32.5,37.4,10.8,8.2,53.4,59.5,42.2,43.5,65.2,78.109,81.987,1.859,"2,025",0,0,38.232,,77.4,75.8,1.069,1.098,28.813,Pittsburgh
128,Middle Tennessee,109.2,105.2,0.606,8–4,8,12,50.8,49.1,35.3,28.5,16.2,14.6,30.4,27.7,68,53.3,47.4,31.6,34.8,10.8,8.7,50.9,44.9,42.4,34.4,68.4,77.214,80.608,2.447,"2,025",0,0,11.097,,66.4,70.3,1.065,1.046,15.128,Middle Tennessee
129,Hampton,107,103.1,0.605,7–4,7,11,50.5,48.1,28.5,42.6,15.2,18.5,35,26.7,64,49.6,51.3,34.6,27,6,8.6,38,44,35.6,29.1,65.8,76.592,79.39,1.804,"2,025",0,0,11.307,,68.1,75.3,1.096,1.012,8.745,Hampton
130,Washington,113.5,109.4,0.604,3–8,3,11,52.7,58.5,30.3,38.2,18,14.5,25.3,27.1,66.7,49.6,55.1,38.7,42.4,11,9.7,49.6,55.3,36.4,39.7,66.5,77.896,80.754,2.047,"2,025",0,0,32.957,,71.7,76.7,1.047,1.205,37.667,Washington
131,Radford,112.1,108.1,0.603,6–4,6,10,54.3,51.3,43.9,36.4,16.2,16.8,29.5,30.2,62.8,53.7,48.2,36.9,38.5,7,6.1,42.6,37.1,36.5,32.6,62.1,77.509,80.532,2.551,"2,025",0,0,9.896,,79.1,72.7,1.157,1.083,8.356,Radford
132,Robert Morris,109.4,105.5,0.603,10–1,10,11,56.2,49.5,35.6,25.9,17.8,17.5,35.3,29.2,66.6,56,48.9,37.6,33.8,12.5,9.6,65.7,52.2,38.7,36.1,66.7,76.665,79.54,1.898,"2,025",0,0,0.2,,70,72.3,1.159,1.018,6.368,Robert Morris
133,Portland,114.2,110.2,0.601,5–4,5,9,55.2,52.6,26.7,18.4,14.1,12.8,21.5,28.9,68.7,53.7,52.7,38.1,35,6.8,9.4,61.3,52.3,43.7,38.9,68.6,78.769,82.191,1.308,"2,025",0,0,2.689,,78,81.3,1.123,1.13,16.766,Portland
134,Seattle,100.4,97,0.598,6–5,6,11,44.1,46.1,45.6,41.3,15.7,25.3,28.7,29.2,66.6,44.3,48.8,29,27.7,12.5,13.1,54.4,55.5,34.6,37.5,66,76.71,80.183,2.163,"2,025",0,0,18.522,,68.2,77.5,0.988,0.912,9.414,Seattle
135,UC Santa Barbara,110.7,107,0.597,8–5,8,13,54.5,50,31.9,33.1,17,18.4,26.6,31.2,67.7,51.5,52.8,38.4,29.8,9.9,7.5,60.5,45.2,48.9,34.5,67,77.839,80.755,2.479,"2,025",0,0,26.615,,77.7,81.6,1.108,1.068,13.489,UC Santa Barbara
136,Cornell,115.1,111.3,0.595,6–5,6,11,58.2,53.4,25.6,29.8,15.2,14.4,25.3,25.6,72.2,59.5,56,38,33.2,6.5,7.6,61.6,55.6,51,41.9,71.6,76.945,79.452,2.03,"2,025",0,0,2.685,,77.5,66.8,1.16,1.1,12.079,Cornell
137,Akron,115.1,111.4,0.593,12–1,12,13,57.9,51.2,29,33.4,15.3,16.1,33.2,29.8,71.2,60.3,53.7,36.6,31.5,10.1,4.4,56.7,40.6,43.3,38.6,70.7,75.063,77.508,2.383,"2,025",0,0,16.228,,74.8,73.1,1.201,1.084,6.333,Akron
138,Miami OH,107.1,103.7,0.592,10–4,10,14,54.8,48.3,28.4,31.6,17.3,17.9,27.5,31.2,70,50.7,49.2,39.7,31.1,9.2,8.6,61,42.3,46,35.7,69.2,77.396,80.564,1.133,"2,025",0,0,19.277,,70.6,71.6,1.097,1.022,7.673,Miami OH
139,Chattanooga,118.9,115.2,0.59,10–1,10,11,58.7,50.6,33.1,32.7,13.5,16.8,27.5,34.3,66,56.9,49.3,40.6,34.9,12.3,7.1,58.9,44.2,44.1,43,65.8,76.216,80.203,2.293,"2,025",0,0,0.2,,77.5,72.7,1.231,1.091,8.39,Chattanooga
140,Sam Houston St.,110,107,0.579,5–6,5,11,52.3,50.9,40.1,29.7,18.9,16.8,26.6,29.4,67.1,48.7,46.8,38.5,37.6,10.3,9.2,47.1,46.8,39.3,42.5,67.2,76.496,80.296,2.176,"2,025",0,0,6.809,,75,73.8,1.049,1.076,15.781,Sam Houston St.
141,Abilene Christian,99.8,97.1,0.578,7–3,7,10,48,47.4,33.8,47.3,19.6,26,30.7,34.4,72.1,48.7,51,30.5,25.8,8.3,12.7,51.3,50.6,23.6,29.3,71.6,77.337,79.635,1.815,"2,025",0,0,16.713,,76.2,64.6,0.995,0.932,7.187,Abilene Christian
142,South Carolina St.,104.7,102.5,0.561,10–2,10,12,53.5,47,43.2,41.5,20.9,24.8,41.6,34.9,71.2,50.1,48,40.1,29.9,9.8,7.5,61.8,54.5,33.6,29.9,70.5,77.231,79.793,1.854,"2,025",0,0,0.2,,75.1,71.7,1.129,0.955,3.627,South Carolina St.
143,Notre Dame,105.3,103.1,0.56,5–8,5,13,48.2,52.4,34.6,31.5,17.7,15.1,28.8,26.9,65.1,48.7,55.6,31.5,31.6,5.1,7.4,41.8,52.7,36.6,38.6,65,77.479,81.218,1.86,"2,025",0,0,56.775,,72.1,77.1,1.01,1.1,28.024,Notre Dame
144,Tulane,111.2,109.1,0.555,8–4,8,12,53.8,48.8,36,30.4,15.2,14.8,26.7,34.2,66,55.1,48.3,34.4,33,12.7,10.6,51.6,58.5,37.1,43.6,66.3,78.357,80.132,1.163,"2,025",0,0,59.838,,75.1,72.3,1.119,1.093,14.317,Tulane
145,Illinois St.,111.6,109.5,0.554,6–5,6,11,55.4,54.2,28.1,33.2,15.6,17.1,23.2,25.8,66.6,58.4,53,34.8,37.5,7,9.1,57.2,50.2,48.1,38.5,67.4,76.17,79.309,1.789,"2,025",0,0,1.811,,74,75.5,1.107,1.097,12.449,Illinois St.
146,St. Bonaventure,101.9,100,0.554,6–5,6,11,47.7,50.7,26.4,26,15.8,20.1,24.3,30.6,66,51.4,55.6,27,30.1,8.2,11.1,42.5,58.3,34.1,46.6,65.6,78.283,80.991,1.419,"2,025",0,0,16.254,,74.2,71.4,0.978,1.025,18.519,St. Bonaventure
147,Southeast Missouri St.,103.2,101.5,0.548,9–2,9,11,53.6,44.9,27.7,37.9,15.5,19.7,23.8,26.4,68.9,53.9,46.1,35.3,27.9,9.9,9.3,47,37.8,36.3,27,69.4,75.531,79.478,2.02,"2,025",0,0,4.131,,73.4,74,1.065,0.938,4.583,Southeast Missouri St.
148,Drexel,106.7,105,0.546,6–5,6,11,54.5,49.1,25.7,26.6,18.1,14.8,30.1,32.1,62.4,52.7,48.6,38.4,33.3,12.3,8.4,49.3,48.6,36.9,36.9,62.5,77.628,79.438,1.607,"2,025",0,0,0.2,,68.6,60.8,1.094,1.046,8.102,Drexel
149,N.C. State,107,105.3,0.546,3–8,3,11,46.5,53.9,29.7,34.9,14.2,16.1,26.9,29.1,67.3,44.1,52.3,33.2,38.5,7.7,8.5,54.1,46.8,42.2,28.9,67.1,76.861,79.817,2.541,"2,025",0,0,55.802,,75.1,77.8,1.013,1.127,29.422,N.C. State
150,Bucknell,110.4,108.7,0.545,9–2,9,11,60.4,49.8,37.3,39.2,17.7,14.8,28.3,22.8,66.4,60.3,46.6,40.4,36.1,10.6,8.4,51.4,50.8,36.8,42.9,67.5,76.594,80.691,2.139,"2,025",0,0,0.2,,67.7,68.3,1.172,1.026,3.253,Bucknell
151,Louisiana Tech,105.3,103.7,0.544,5–6,5,11,50.5,47.7,36.3,38,17.7,15.3,26.1,26.7,64.5,50,46.6,34.2,33.2,9.4,10.8,54.7,42.4,40.5,36.2,64,76.929,80.041,1.832,"2,025",0,0,46.386,,75.3,70.9,1.036,1.028,15.603,Louisiana Tech
152,UTSA,105.3,103.8,0.541,3–8,3,11,49.3,50.3,28.6,47,15.1,21.5,27.4,34.1,68.5,46.2,51.2,35.5,32.4,10.2,14,45.1,54.4,44.3,36.7,69.3,76.442,79.64,2.36,"2,025",0,0,4.866,,72.3,73.3,1.046,1.043,12.794,UTSA
153,UC Riverside,113,111.4,0.541,7–4,7,11,51.7,51.9,29.9,34.4,14.4,16.9,33.7,29.4,69.1,51.8,49.6,34.4,36.9,6.2,7.5,45.8,47.4,44,40.1,67.4,77.082,81.288,1.531,"2,025",0,0,0.2,,81.2,78.5,1.15,1.103,11.249,UC Riverside
154,Marshall,109.2,107.8,0.537,7–3,7,10,49.9,47.6,28.7,42.9,15,14.4,33.9,28.1,67.9,50.1,48.3,33.1,30.8,18,7.8,55.4,36.5,37.4,31.9,69.2,77.267,79.726,2.587,"2,025",0,0,4.118,,69.1,70.2,1.099,1.042,9.268,Marshall
155,Cal Poly,111.2,109.8,0.536,8–5,8,13,58,52.5,24.5,29.3,18.2,19.9,25.7,31.1,75.2,56.3,55.8,39.6,32,5.5,7.6,52.3,51.3,52.4,42.5,75.4,76.411,77.855,2.09,"2,025",0,0,1.972,,79.3,76.8,1.135,1.062,11.315,Cal Poly
156,Indiana St.,113.6,112.2,0.536,4–6,4,10,55.4,53.5,34.6,38.5,15.7,13.2,24,25.5,70.3,55,53.5,37.3,35.6,6.5,13.8,60.4,52.7,47.3,37.5,71.2,77.469,79.566,1.625,"2,025",0,0,0.2,,77,72.4,1.14,1.121,15.365,Indiana St.
157,Towson,110.3,109,0.534,9–2,9,11,51,52.5,26,28.7,13.2,17.4,36.8,27.6,63.6,48.4,51.9,36.6,35.6,10.8,8.8,43.3,46.5,39.2,39.6,64.2,77.201,79.7,1.968,"2,025",0,0,1.993,,70.7,68.4,1.151,1.062,5.889,Towson
158,Lamar,101.8,100.6,0.534,8–4,8,12,47.3,47,28.5,33.8,19.3,18,36.6,28.3,64.5,44.6,46.4,35,31.9,14.6,10.1,55.2,57.2,34.2,40,65.1,77.049,81.079,2.396,"2,025",0,0,0.2,,70.1,66.4,1.025,0.979,10.19,Lamar
159,Oregon St.,116.3,115.2,0.527,4–5,4,9,51.7,55,43.5,32.7,15.6,13.3,34,27.8,63.3,51.6,50.8,34.6,41.2,6.6,9,53.6,59.3,32.6,38.2,63.2,77.765,80.955,1.9,"2,025",0,0,0.609,,78.8,76.9,1.155,1.162,19.91,Oregon St.
160,Eastern Kentucky,112.5,111.6,0.523,7–3,7,10,54.1,51.6,23.5,32.1,12.7,16.4,31.2,31.3,66.3,50,52.5,39.6,33.2,7.7,5.3,49.1,47.5,43.1,34.7,66.1,76.782,79.742,1.822,"2,025",0,0,8.128,,78.2,70.7,1.181,1.077,7.457,Eastern Kentucky
161,Rice,110.2,109.5,0.518,2–9,2,11,48.8,50.6,40.9,34.5,14.9,12.1,32.6,30.2,65.2,47.4,49.8,34.3,34.8,7.6,12.8,49.6,56,34.8,35.9,65.3,77.576,80.657,2.39,"2,025",0,0,17.287,,67.7,71.9,1.085,1.125,14.985,Rice
162,Northern Kentucky,112.5,112,0.513,8–3,8,11,55.2,52.8,29.9,33.4,14.9,18.3,31.1,32.2,68.4,53.9,53.1,38.2,34.9,8.8,7.8,52.7,53.7,38.4,39.8,68.6,77.398,79.493,2.373,"2,025",0,0,8.079,,69.2,77,1.153,1.092,8.359,Northern Kentucky
163,Missouri St.,100.9,100.6,0.509,2–8,2,10,52.2,53.1,29.7,33.7,22.2,18.8,30.6,24.9,64.3,51.8,55.4,35.3,33.3,12.1,10.4,51,59.8,35.6,42.7,65,75.802,77.624,1.724,"2,025",0,0,0.2,,62.8,68.6,0.995,1.035,14.197,Missouri St.
164,Murray St.,101.7,101.4,0.509,5–6,5,11,45.9,49.2,38.3,35.7,16.4,17.5,30,27.1,64.2,44.9,48.9,31.6,33.3,8.3,10.5,47.7,39.2,40.3,30.6,64.7,76.777,78.696,2.769,"2,025",0,0,12.13,,75.9,70.5,1.022,1.018,14.425,Murray St.
165,Harvard,104.6,104.5,0.503,5–4,5,9,51.1,54.4,21.9,22.3,15.6,17.9,21.9,27.1,65.6,52.6,58.1,32.3,31.6,6.9,7,55.4,46.8,36.6,34.6,63.9,76.634,78.17,1.305,"2,025",0,0,26.556,,82.3,72.8,1.037,1.069,9.872,Harvard
166,Washington St.,111.5,111.5,0.5,4–6,4,10,55.4,53.4,27.6,37.1,18.9,16.1,27.6,36.4,71.6,56.3,52.1,36.1,36.8,13.2,7.4,58.5,55.2,40.8,39.5,71.1,78.372,81.713,1.656,"2,025",0,0,4.198,,65.6,76.7,1.065,1.18,28.457,Washington St.
167,Nicholls St.,106.1,106.1,0.5,8–4,8,12,49.6,48.3,36.9,29.4,14.9,17.7,31.3,30,66.9,46.5,49.4,36.8,30.9,8.4,11.3,42.5,46.2,36.6,36.5,67.7,76.468,79.349,2.613,"2,025",0,0,6.825,,67.7,68.4,1.081,1.011,7.123,Nicholls St.
168,Miami FL,110.3,110.4,0.497,3–7,3,10,50.5,56.5,22.6,28.8,16.2,15.1,26.9,32.4,68.4,53.9,54.3,29.7,39.9,9.7,7.3,47.1,57.9,36.3,39.9,68.3,77.812,80.412,2.021,"2,025",0,0,55.277,,74.3,76.2,1.039,1.179,34.917,Miami FL
169,Texas A&M Corpus Chris,104.8,105,0.495,6–6,6,12,52.5,48.3,33,36.6,18.5,18.5,31.5,30.5,64.5,53.7,43.9,33.2,37.3,9.1,12.2,53.7,55.8,32,36.6,65.2,77.098,80.014,2.089,"2,025",0,0,6.926,,64.7,69.1,1.062,1.014,9.599,Texas A&M Corpus Chris
170,Virginia Tech,104.1,104.3,0.495,4–7,4,11,51.9,52.2,28.1,31.7,19.9,15.7,26.4,29.7,64.9,54,55.1,32.8,31.7,7.4,9.7,47.2,56.7,43.7,38.3,65.8,77.33,80.429,1.346,"2,025",0,0,44.441,,70,76.6,1.013,1.106,27.26,Virginia Tech
171,Queens,109.5,109.8,0.492,6–5,6,11,55.1,51.6,36,30.8,16.2,15.5,29.2,27.3,66.3,52.7,48.9,38.9,37.7,13.8,9,58,47.1,41.7,35.2,67,77.9,80.646,2.112,"2,025",0,0,8.048,,73,77.9,1.137,1.092,9.97,Queens
172,Vermont,103.6,104.1,0.486,10–1,10,11,53.2,46.1,27.8,24.5,16.7,12.9,28.8,23.7,62.1,54,45.2,34.8,31.6,15,13.2,49.3,46.9,42.6,39.9,61.6,77.716,79.719,2.32,"2,025",0,0,0.722,,69.1,66,1.093,0.97,3.812,Vermont
173,Bryant,103.9,104.5,0.484,10–2,10,12,50.8,46.7,31.1,25.3,16,15.8,35.9,25.4,71.8,53.2,45.2,30.6,33,16.8,7,50.6,43.2,33.3,35.4,72,78.792,80.395,2.502,"2,025",0,0,33.52,,72.2,66,1.115,0.963,3.854,Bryant
174,Iona,104.6,105.3,0.481,9–4,9,13,51.2,48.9,24.8,31.4,18.6,20.5,37.9,31,67,51.2,52.2,34.2,30,10,10.7,59.2,64,35.3,45.6,67.1,76.436,79.728,1.707,"2,025",0,0,5.579,,70.7,74.6,1.077,1.009,4.556,Iona
175,East Tennessee St.,103.4,104.1,0.481,7–3,7,10,49.6,49.3,37,25.7,14.9,17.4,29,28.1,63.7,48.6,46.1,34.1,35,14.4,8.6,48.7,53.1,39.6,49.4,64,76.589,79.827,2.459,"2,025",0,0,9.656,,69.5,67.4,1.062,1.021,8.354,East Tennessee St.
176,Portland St.,98.4,99.1,0.48,6–5,6,11,48.9,48.1,32.1,35.2,17.9,20,32.8,29.6,67.4,50.4,51.7,30.3,28.7,13.3,8.4,44.4,50,30.9,41.8,68.3,77.753,80.017,2.694,"2,025",0,0,9.207,,61.2,71.5,1.019,0.983,7.037,Portland St.
177,Boston College,102.5,103.3,0.478,3–8,3,11,47.7,50,29,35.6,16.5,16.1,25.2,32.9,67.1,47.1,50.1,32.5,33.2,10.3,7.8,45.5,46,35.8,34.9,67.5,76.874,79.675,1.655,"2,025",0,0,40.091,,70.8,70.4,0.986,1.084,26.097,Boston College
178,James Madison,112.3,113.3,0.475,7–3,7,10,50.8,49.8,33.3,34.5,12.8,16.4,32.4,38.3,63.2,50,48.1,34.5,35.7,8.3,8,42.9,37.9,46.7,31.4,63.3,76.764,80.638,2.103,"2,025",0,0,22.469,,77.6,75.5,1.16,1.124,7.193,James Madison
179,Davidson,106.5,107.5,0.473,4–9,4,13,49.3,52.6,26,25.7,15.3,15.9,24.3,28,64.9,51.9,52.9,30.5,34.7,9.4,8.8,55.7,51.1,42.9,42.3,65.7,78.576,81.142,1.694,"2,025",0,0,12.525,,79.6,73,1.038,1.08,18.476,Davidson
180,Georgia St.,112.7,114.2,0.462,6–5,6,11,54.8,47.4,35.6,25.9,14.8,12.6,30.9,33.8,68.3,53,47.2,39.2,31.8,9.3,5.8,40.8,50.7,30.9,40.4,69,78.217,80.817,2.035,"2,025",0,0,29.534,,69,71.1,1.149,1.088,6.992,Georgia St.
181,Cleveland St.,103.8,105.2,0.462,4–6,4,10,49.3,50.8,28,41,18,21.3,32.8,35,65.7,49.5,47.8,32.6,37,14.8,5.6,53.1,55.2,33.1,39.1,65.6,76.352,79.853,2.082,"2,025",0,0,0.2,,74.2,70.6,1.046,1.044,6.575,Cleveland St.
182,Denver,100.7,102.3,0.455,3–6,3,9,52.3,53.1,32.1,52.4,20.3,18.7,28.2,26.4,68.1,52.8,50.2,34.2,38.5,11.8,6.8,38.2,45.5,32.3,38.4,67.3,76.356,79.985,1.39,"2,025",0,0,0.2,,76.3,68.4,1.035,1.065,11.687,Denver
183,Southern Illinois,107.6,109.4,0.452,4–7,4,11,54,52.1,32.8,31.7,17.6,12.8,28.4,26.8,66.8,50.5,50.3,40.5,36.5,8.2,7.3,50.9,53.6,34.7,41.9,67.5,77.801,79.638,1.53,"2,025",0,0,37.238,,66.3,69.6,1.071,1.124,12.921,Southern Illinois
184,UTEP,104.1,105.9,0.451,3–9,3,12,46.7,52.7,35.2,39.4,15.2,18.1,27.4,30,69.2,47.4,52.6,30.4,35.3,7.2,11.9,48.1,58.1,35.7,40.8,69.2,76.863,79.403,2.158,"2,025",0,0,7.975,,70.4,66.4,1.012,1.067,18.546,UTEP
185,San Jose St.,103.7,105.5,0.451,5–7,5,12,50.6,51.4,27.9,29.2,20,16.9,26.2,33.3,67.7,51.2,53,33.2,32.1,9.2,11.4,52.7,47.1,46,31.9,68.1,76.903,79.527,2.109,"2,025",0,0,19.957,,70,70.6,0.989,1.092,24.399,San Jose St.
186,Temple,112.9,114.9,0.45,4–7,4,11,49.8,53.5,46.2,38.7,13.7,13.6,29.7,32,66.5,47.9,55.6,36.1,32.9,8.5,9.2,41.1,55.7,30,33.7,66.9,77.689,80.315,1.815,"2,025",0,0,34.083,,74.8,72.2,1.114,1.162,13.458,Temple
187,Charleston,104.4,106.6,0.44,7–4,7,11,53,50.9,35.8,22.8,15.8,15.9,26.9,27.6,67.6,52.3,51.7,36,33.2,7.7,9.3,57.6,54.7,41,42,67.7,77.208,80.792,2.098,"2,025",0,0,0.2,,63.6,75.3,1.077,1.054,9.034,Charleston
188,SIU Edwardsville,103.8,106,0.44,8–3,8,11,50.5,45.6,35.5,28.9,17.1,16.1,32.7,29,66.8,49.5,45,34.8,31.1,11.6,8,52.7,44.2,34.9,34.4,66.7,77.165,80.792,2.225,"2,025",0,0,7.282,,68.9,70.6,1.08,0.981,3.948,SIU Edwardsville
189,Montana St.,105.1,107.5,0.435,6–5,6,11,54,47.7,33.8,30.1,14.5,13.9,20.2,31.1,65.2,56.2,48.2,33.9,31,10.7,6.1,52.2,44.6,40.8,30.4,65.5,78.403,80.153,2.577,"2,025",0,0,22.014,,72.2,73.3,1.082,1.059,8.589,Montana St.
190,Idaho St.,108.8,111.3,0.435,6–5,6,11,48.7,57.2,32.2,28.6,12.6,17.8,35.1,23.9,66.4,48.5,56.5,32.6,38.9,10.3,8.7,45,49.2,35.1,38.4,67,77.828,80.5,2.102,"2,025",0,0,0.2,,75.6,68.4,1.122,1.096,7.792,Idaho St.
191,Loyola Marymount,104.3,106.7,0.435,4–7,4,11,51.1,49.9,29.1,32.3,14.1,16.1,19.7,32.4,68.8,51.9,51.2,33.2,31.9,10.8,8.7,45.9,52.2,38.5,38.6,67.5,78.912,82.016,2.437,"2,025",0,0,23.973,,76.6,74,1.041,1.087,22.365,Loyola Marymount
192,Tennessee St.,105.8,108.4,0.431,7–4,7,11,52.7,48.2,46.5,38.7,19.9,17.4,33.7,28,68.6,52.4,47.8,35.5,32.7,12.9,10.6,48.6,50.8,33.8,39.1,69,77.735,80.176,2.111,"2,025",0,0,11.019,,71.7,68.2,1.09,1.008,4.877,Tennessee St.
193,Samford,109.5,112.2,0.43,5–5,5,10,52.1,56.3,29.3,51.9,16.7,22.2,36.2,30.9,72.6,52.6,53.7,34.3,39.3,10.8,13.6,51.6,59.9,47.4,49.4,73.3,76.608,79.83,1.714,"2,025",0,0,19.421,,72,70.5,1.136,1.09,8.68,Samford
194,UNC Greensboro,104.2,106.8,0.43,6–4,6,10,50,48.2,30.6,39.1,13.6,15.7,28.9,26.2,64.8,49.6,45.4,33.8,34.4,10.8,6.3,47.2,41.3,39.1,45.3,64.6,76.559,79.782,2.55,"2,025",0,0,0.2,,73.3,73,1.087,1.039,7.07,UNC Greensboro
195,Cal Baptist,99.2,101.7,0.429,6–5,6,11,47.1,49.4,28.6,34.6,19.9,20.3,32.5,31.5,66.9,44,51.6,35.5,29.8,6.9,10.2,45.4,34.4,33.6,31.3,65.9,76.669,80.06,2.289,"2,025",0,0,10.53,,76.4,61.6,0.992,0.984,10.903,Cal Baptist
196,Valparaiso,106,108.8,0.426,5–7,5,12,48.5,54.1,27.2,28,12.6,15.7,23.5,26.8,66.9,46.5,52.3,34.4,37.9,11.7,9.3,50,60.4,38.3,37.9,66.9,76.829,80.229,1.475,"2,025",0,0,0.2,,82,72,1.057,1.101,11.753,Valparaiso
197,Youngstown St.,108.6,111.6,0.422,7–4,7,11,52.9,50.8,37.1,33.7,17.3,17.2,32.6,32.1,68.9,54.3,49.5,34.2,35.2,13.5,7.4,52.3,55.9,46.5,37.4,69.1,76.848,80.7,2.268,"2,025",0,0,12.446,,76.6,72.3,1.123,1.084,7.096,Youngstown St.
198,East Carolina,107.5,110.5,0.422,7–5,7,12,50.5,53.1,34.9,32.1,14.5,15.3,31.2,31.3,67.6,50.3,50.2,33.9,39.2,11.9,10.2,54,49.8,34.8,34.2,67.1,76.738,78.785,2.588,"2,025",0,0,41.905,,75.4,77,1.109,1.133,11.93,East Carolina
199,Western Kentucky,105.2,108.2,0.42,4–7,4,11,47.8,48.7,27,40.7,13.5,15.2,24.8,29.1,69.2,46.9,48.9,32.7,32.2,7.2,9.5,45,55.8,41.2,43.4,69.7,76.049,80.082,2.657,"2,025",0,0,14.114,,70.1,76.4,1.025,1.073,14.13,Western Kentucky
200,Brown,97.6,100.4,0.419,4–5,4,9,49.4,46.7,28.3,29.6,15.9,16.1,27.2,29.5,68.3,55.7,48.8,25.9,29.4,17.2,8.6,54.2,53.9,37,43.7,67,75.988,78.526,2.035,"2,025",0,0,3.81,,60.3,71.7,1.005,1.004,8.003,Brown
201,Jackson St.,104.4,107.5,0.417,11–3,11,14,53.8,45.1,38.8,26.7,17.1,15.5,32.6,25.7,67.6,55.3,46,33.7,29.1,10.3,7.8,56,51.7,30.6,38.9,67,76.04,80.051,1.824,"2,025",0,0,19.638,,73.7,71,1.131,0.958,2.871,Jackson St.
202,Rhode Island,110.6,113.9,0.416,3–7,3,10,54.9,54.3,37.4,29,17.7,15.6,25.7,29.5,70.1,54.9,51.8,36.6,38.2,9.1,8,48.1,51.4,38.3,45.9,69.5,77.326,80.866,2.255,"2,025",0,0,20.946,,67.8,77.4,1.088,1.142,16.721,Rhode Island
203,Ohio,107.3,110.6,0.414,5–7,5,12,53.6,51.8,33.6,37.3,13.6,16.2,21.4,28.4,70.6,53.2,51.8,36.1,34.5,5,8.3,46.7,43,39.1,32.3,70,76.001,78.858,2.03,"2,025",0,0,17.346,,77.7,76.2,1.105,1.095,8.3,Ohio
204,Florida Gulf Coast,107.9,111.4,0.409,6–4,6,10,53.3,53.1,24.3,29.6,14.4,12.6,33.4,21.6,65.9,53.5,49.5,35.3,38.5,7.3,7.7,50.3,45.7,34,42.7,64.9,77.137,79.675,2.066,"2,025",0,0,12.024,,70.9,69.2,1.145,1.097,6.365,Florida Gulf Coast
205,Presbyterian,103.5,106.9,0.408,5–4,5,9,51.8,51.3,28.9,41.8,13.7,19.7,27.4,29.9,65.9,50.8,53.6,36.1,31,7.8,7.3,45.5,44.1,30,32.6,65.2,77.497,79.808,1.836,"2,025",0,0,2.177,,70.4,71.9,1.086,1.051,8.454,Presbyterian
206,North Dakota St.,111.3,115,0.407,5–4,5,9,57.8,53.4,28,27.8,15.9,12.9,23,30.7,67.1,56,48.1,39.8,41.1,4.1,7.7,51.6,45.9,50,39,65.4,76.356,80.076,2.214,"2,025",0,0,6.917,,81.4,75.6,1.155,1.156,11.541,North Dakota St.
207,Northwestern St.,103.6,107.3,0.401,7–5,7,12,51.4,47.9,33.3,35,22.1,18.8,33.3,34,63.8,46.8,44,38.9,35.7,9.5,9.5,53.7,54.3,39.2,40.5,64.2,76.411,79.747,2.008,"2,025",0,0,12.887,,74.4,73.9,1.036,1.044,11.209,Northwestern St.
208,Purdue Fort Wayne,101.7,105.5,0.396,4–5,4,9,52.2,50.7,29.3,35.2,15.4,19.8,19.9,30.6,72.3,54,57.1,33.5,26.5,6,12,39.7,43.8,45.7,37.1,72.2,75.153,79.742,2.255,"2,025",0,0,0.2,,73.2,72.6,1.037,1.031,9.388,Purdue Fort Wayne
209,Central Connecticut,98,101.7,0.395,10–1,10,11,54.4,47,26,17.9,17.5,18.6,25.2,24.1,66.8,54.1,50.5,36.6,28.2,11.9,6.2,47.8,52.8,34.9,42.8,67.3,75.572,79.537,2.408,"2,025",0,0,0.2,,82.6,64.7,1.085,0.92,1.709,Central Connecticut
210,William & Mary,105.6,109.7,0.392,4–6,4,10,52.5,55.3,33,32.6,17.8,19.3,25.6,30.4,69,52.6,54.6,34.9,37.4,5.2,13.5,63.4,52.8,51.6,43.2,70,77.446,79.527,2.367,"2,025",0,0,12.835,,67.9,70.4,1.046,1.104,8.372,William & Mary
211,Incarnate Word,105.3,109.5,0.389,7–5,7,12,49.3,49.3,31.2,29.6,18.2,17.2,37.1,32.4,62.2,46.3,48.9,36.5,33.7,8.6,11.2,47.2,41.7,35.6,25.2,62.5,77.398,79.753,2.143,"2,025",0,0,2.116,,67.3,70.2,1.063,1.05,9.716,Incarnate Word
212,North Dakota,106.9,111.2,0.389,4–6,4,10,53,52.8,32.8,34.4,17.1,14.7,29.6,29.3,69.6,51.9,53.8,36.6,34.3,7.6,8.6,48.2,51.8,36.7,41,68.9,77.479,79.942,1.949,"2,025",0,0,11.284,,71.5,76.2,1.094,1.134,11.96,North Dakota
213,Milwaukee,105.5,109.9,0.385,6–4,6,10,50.9,53.6,36.7,31.4,18.1,18.8,37.8,28.2,68.1,54,51.3,29.4,38.2,9.7,10.1,58.1,55,31.1,38.3,68.9,76.387,80.04,2.654,"2,025",0,0,2.571,,71,74.2,1.104,1.06,7.043,Milwaukee
214,Richmond,106.7,111.2,0.383,3–8,3,11,50.3,54.9,22.2,31.2,16.1,15.7,21.2,30.7,61.2,48.7,53.9,35,37.2,6.4,10.1,47.9,55.6,39.9,51,61.7,76.657,81.275,2.048,"2,025",0,0,4.918,,82.6,73,1.015,1.154,23.438,Richmond
215,South Dakota,104.8,109.3,0.381,6–4,6,10,47.9,52.7,42.7,37.2,11.1,17.7,26.6,32.1,75.9,48.8,57.3,31.1,29.9,7,8.8,36.2,47.5,40.6,36.7,76.2,77.257,79.388,2.334,"2,025",0,0,10.379,,74.5,74.4,1.095,1.103,11.248,South Dakota
216,Wyoming,102.4,106.9,0.379,1–10,1,11,48.6,52.6,27.1,49.7,19.1,15.6,28.9,26.4,65.2,50.1,53.2,30.9,34.4,8.7,10.8,47.3,48.6,39.7,39.1,65.6,77.738,80.455,2.27,"2,025",0,0,23.511,,60.8,69.4,0.971,1.101,26.344,Wyoming
217,La Salle,105.5,110.2,0.377,3–9,3,12,45.3,53.2,31.4,31.3,15.7,15.9,30.1,32.9,66,41.8,53.8,35.1,35,10.9,11.1,46.7,55,33.1,43.5,65.9,77.38,80.539,2.079,"2,025",0,0,23.77,,75.8,68.8,1.008,1.126,21.209,La Salle
218,Texas St.,108.9,113.8,0.376,4–6,4,10,51,48.4,30.5,43.9,17.7,15.7,38.4,35.4,65.2,50,47.1,35.5,33.8,9.3,11.3,58.1,46.2,30.1,35.5,66.2,76.379,78.926,2.527,"2,025",0,0,14.887,,70.8,77,1.1,1.116,7.98,Texas St.
219,Pepperdine,109.1,114.1,0.374,4–9,4,13,50.2,55.9,29.3,24.5,14.1,13.9,28.4,32.7,69.3,48.8,55.7,35.1,37.5,6.4,8.9,58.7,54.2,36.2,38.2,68.8,78.503,81.608,1.795,"2,025",0,0,21.151,,70.4,74.4,1.069,1.196,21.974,Pepperdine
220,Merrimack,97.5,102,0.373,7–5,7,12,48.8,46.9,25.5,27.1,11.9,25.3,21.8,38.8,65,51.5,46.8,30.1,31.4,12,7.3,48.3,61.5,41.9,33.8,65.3,75.361,78.573,2.215,"2,025",0,0,0.2,,71.1,74.6,1.027,0.958,4.17,Merrimack
221,Eastern Michigan,105.8,110.8,0.37,6–6,6,12,51.9,51,32,36.2,18.8,18.1,32.8,32.1,66.6,52.1,48.2,34.4,36.8,11.9,9,45,48.8,37.5,39.2,66.1,77.1,79.963,2.216,"2,025",0,0,27.88,,78.2,74.8,1.078,1.086,7.462,Eastern Michigan
222,Southeastern Louisiana,107.1,112.3,0.367,6–5,6,11,48,52.9,37.4,30.4,13.8,17,33.6,28.5,65.6,47.7,51.2,32.5,36.8,6.7,8.8,41.6,49.3,30.6,40.9,66.4,76.767,80.056,1.977,"2,025",0,0,0.2,,75.8,66.7,1.102,1.079,7.742,Southeastern Louisiana
223,South Dakota St.,107.6,112.9,0.365,5–4,5,9,51.9,55,37.7,26.8,17.1,11,36.2,18,70,51.2,54.2,35.5,37.4,6.4,9.6,48.2,35.4,36.8,45.1,69.3,77.176,80.923,1.029,"2,025",0,0,14.988,,73.2,79.5,1.135,1.137,7.484,South Dakota St.
224,UT Rio Grande Valley,103.4,108.5,0.365,4–6,4,10,52,49.8,18.7,27.2,19.7,16.9,27.5,34.8,72.1,51.2,48.9,35.2,34.4,8.1,10.7,62.3,54.2,48,35,73.2,76.061,78.527,2.41,"2,025",0,0,0.2,,74.4,71.6,1.025,1.071,10.791,UT Rio Grande Valley
225,Tulsa,102.3,107.4,0.364,4–8,4,12,50.5,49.9,32.3,36.1,16.3,13.3,21.3,31.3,65.8,52.9,50.7,31.2,32.4,5.9,9.6,54.2,48.4,39,36.4,66.1,76.893,80.168,2.029,"2,025",0,0,34.191,,67.9,72.5,1.009,1.109,18.438,Tulsa
226,Central Michigan,109,114.6,0.36,5–6,5,11,52.9,53.6,44,28.7,15.4,18,32.3,29.6,68.3,52.7,51.1,35.5,38,7.7,8.1,49.3,49,29.1,42.2,67.2,77.895,79.814,2.035,"2,025",0,0,0.2,,75.5,72.3,1.138,1.09,7.552,Central Michigan
227,Norfolk St.,104.7,110.1,0.359,10–2,10,12,52.4,49,41.5,34.7,18.3,18.3,35.1,32.9,67.8,55,44.7,29.7,37.8,9.6,7.4,52.1,57.4,24.3,35.8,66.5,76.741,80.249,2.602,"2,025",0,0,7.466,,74.8,68.7,1.114,1.03,3.782,Norfolk St.
228,Southern,100.2,105.4,0.359,8–4,8,12,48,47.5,44.4,41.9,17.4,20.2,35.4,26.3,68.9,46.9,48.8,33.6,30.2,10.9,12.1,49.3,59.1,33.1,37,68.4,76.144,79.022,2.098,"2,025",0,0,0.2,,68.7,71.5,1.037,0.967,2.862,Southern
229,LIU,97.8,102.9,0.358,7–2,7,9,48.8,45,26.4,38.9,19.6,21,36.1,25.7,62.5,50.5,46.4,30.4,28.6,15.5,4.2,40.9,55.5,33.9,39.8,63.4,76.764,79.215,2.019,"2,025",0,0,0.2,,78.9,77.2,1.046,0.925,2.01,LIU
230,UMKC,99.9,105.2,0.356,3–7,3,10,48.4,50.2,29,32.8,18,16.8,36.8,30.3,64.9,48.4,50.3,32.2,33.3,12.9,6.4,48.1,45.3,40.5,38.4,64,77.496,79.281,2.302,"2,025",0,0,4.219,,73.1,75.3,1.046,1.07,10.308,UMKC
231,Monmouth,107.5,113.3,0.353,7–4,7,11,50.1,49.6,37.8,29,14.3,15.6,28.5,35.7,64.6,47.8,47,36.3,35.9,14.3,9,54.3,48.6,34.5,38.6,66.3,78.243,80.568,1.565,"2,025",0,0,4.93,,75,75.7,1.099,1.099,7.266,Monmouth
232,Oakland,107.4,113.2,0.353,6–5,6,11,54.9,51,42.1,27.4,18.4,14.8,31,30.5,68.2,56.2,50.6,35.3,34.3,7.3,10.2,60.5,62.7,40.7,45,67.7,76.989,78.866,2.345,"2,025",0,0,5.851,,72.3,72.9,1.121,1.09,7.335,Oakland
233,Sacred Heart,104.3,110,0.352,7–6,7,13,50.1,48.5,24.2,25.5,17.1,16.8,31.8,32.2,70.6,51.9,48.6,32,32.2,9,10.3,66.4,54.8,47.6,38.5,71.7,76.813,78.951,1.789,"2,025",0,0,0.2,,74.3,73.6,1.066,1.04,4.729,Sacred Heart
234,Cal St. Bakersfield,105.8,111.7,0.349,4–7,4,11,47.6,54.9,30.4,38.1,18.1,19.2,35.5,30.5,66.9,45.9,53.4,34.4,38,9.1,7.9,41.6,56.1,28.9,43.1,66.4,76.701,78.767,2.2,"2,025",0,0,0.2,,80.4,72.8,1.053,1.108,12.126,Cal St. Bakersfield
235,Appalachian St.,98.4,104,0.346,5–5,5,10,47.6,47.1,34.8,19.8,14.9,13.5,27.9,28.7,63.1,47.3,45.8,32,33,9.3,12.8,48,52,39.5,35.3,61.9,77.42,81.799,2.381,"2,025",0,0,14.593,,63.7,69.7,1.019,1.015,6.739,Appalachian St.
236,Fordham,108.8,115,0.346,2–10,2,12,48.2,54.2,30.8,43.9,17.5,14.5,33.5,31.8,68.4,49.5,54.8,30.8,35.3,9.4,11.1,49.7,49.2,42.2,34.2,68.8,76.317,79.901,2.42,"2,025",0,0,22.724,,70.2,74.8,1.049,1.168,16.727,Fordham
237,Massachusetts,100.3,106.2,0.341,3–8,3,11,43.1,51.8,26.9,28.7,16,16.8,35.3,30.2,67.7,43.8,52.3,27.9,34.1,8.5,9.9,49.1,58.5,33.3,41.7,68.3,76.818,80.242,1.619,"2,025",0,0,36.756,,65.4,68.8,0.975,1.071,19.004,Massachusetts
238,Mount St. Mary's,101.6,107.6,0.341,10–3,10,13,54,44.9,29,23.8,22.2,14.1,32.7,25.8,66,51.9,44.5,37.9,30.2,8.5,9.4,59.4,54,41.2,46.3,67.3,77.043,80.419,2.013,"2,025",0,0,0.853,,74.5,79.1,1.053,0.986,4.096,Mount St. Mary's
239,Delaware,109.7,116.2,0.34,5–9,5,14,56.2,54.1,26.8,33,16.5,15.8,24.1,31.3,69.2,56.6,54.9,37,35.1,6.7,12,51.5,46.2,40.4,35.1,70.3,77.166,78.992,1.994,"2,025",0,0,22.411,,78.3,75.9,1.115,1.142,9.424,Delaware
240,South Florida,100.5,106.5,0.339,2–9,2,11,46.1,49.6,38.3,40,14.9,18,27.6,35.4,70,48.2,46.1,28,37.1,11,12.6,54.4,49,33.9,36.5,68.7,76.616,79.941,1.995,"2,025",0,0,28.221,,70.5,72.1,1.004,1.094,18.532,South Florida
241,Georgia Southern,105.3,111.7,0.337,6–5,6,11,52.6,48.5,23.1,37.3,17.8,17,33.9,32,67.7,51.1,48.3,36.2,32.6,8.8,12,55.8,46,46.3,36.6,68,77.228,80.286,2.032,"2,025",0,0,12.772,,64.3,72.1,1.085,1.06,6.352,Georgia Southern
242,Alabama St.,99.3,105.4,0.335,11–3,11,14,46.6,46.5,27.9,34.7,12.6,19.8,28.1,29.7,67.8,44.2,47.3,33.2,30.1,10.5,9.3,46.2,48.9,42,36.7,67.4,76.5,79.666,2.346,"2,025",0,0,4.049,,71.7,65.2,1.042,0.948,3.269,Alabama St.
243,American,98.3,104.6,0.329,9–3,9,12,51.7,50.1,26.4,30.4,16.6,19.4,23.9,25.8,63,52.2,52.3,34.1,31.2,4.3,9.8,50.7,54.4,43.3,40.7,63.5,76.377,79.635,2.039,"2,025",0,0,0.2,,72.9,68.8,1.036,0.986,3.526,American
244,Siena,103.7,110.4,0.327,5–6,5,11,48.9,50.4,39.4,32.3,14.5,18.9,29.1,30.8,69.6,51.2,52.1,30,30.8,12.6,10,46.3,44.4,36.8,29.5,70.4,76.96,80.704,1.428,"2,025",0,0,8.825,,76.7,79.8,1.091,1.039,3.882,Siena
245,Manhattan,107.7,114.9,0.322,7–4,7,11,50.8,50.7,32.1,23.8,16.4,15.5,33.2,30.3,67.5,49,53.1,35.6,31.8,7.5,12.2,59.2,61.6,41.6,45.1,67.4,75.14,78.831,1.524,"2,025",0,0,6.612,,79.7,68.3,1.12,1.062,4.354,Manhattan
246,Campbell,102.6,109.6,0.319,4–6,4,10,50.2,54.6,25.3,25.2,15.3,18.9,27,29,64.6,52.2,55.4,31.4,35.4,10.3,11.4,52.6,53.9,39.4,34.8,64.5,77.542,79.607,2.448,"2,025",0,0,7.673,,74.8,73.4,1.044,1.089,7.134,Campbell
247,Princeton,99.5,106.3,0.319,5–5,5,10,49.8,54.7,18.8,28.5,15.6,15.8,22.4,20,66.6,51.8,56.1,32.1,35.1,8.1,12.4,54.5,55,53.7,40.9,66,76.17,79.179,1.681,"2,025",0,0,11.997,,76.6,74.2,1.014,1.065,12.145,Princeton
248,Lafayette,99.2,106.2,0.313,5–6,5,11,52.4,49.5,31.6,19.8,17,16.1,21.6,25.2,65.2,53.6,46.3,33.7,36.3,8.4,5.8,60.8,54.6,42.1,38.6,66.6,75.914,79.906,1.324,"2,025",0,0,1.282,,70.6,75.6,1.036,1.009,4.131,Lafayette
249,Bowling Green,98.7,105.7,0.313,7–5,7,12,50.4,50.4,34.2,28,18.2,16.1,24.6,23.8,68.9,49.5,53.1,34.5,31.4,9.9,11.7,46.3,56,38.8,44.8,68.1,76.221,79.497,2.138,"2,025",0,0,5.416,,73,77.9,1.024,1.033,5.821,Bowling Green
250,Jacksonville,99.6,106.8,0.31,6–5,6,11,49.4,50.8,27.8,34.3,16.2,16.7,35.6,29.7,67.3,48,48.4,35.1,36.3,10.9,7.5,48.3,46.5,30.9,39.5,66.7,76.874,79.98,1.903,"2,025",0,0,22.593,,66.3,72.3,1.065,1.06,8.625,Jacksonville
251,Albany,104.3,112,0.306,6–5,6,11,50,53.1,27.2,29.4,15.8,19.7,34.3,28.9,67.1,49.2,51.6,34.2,37.3,9.8,14.3,50,45.8,38,33.9,67.1,75.24,78.264,2.316,"2,025",0,0,16.094,,68.5,76.2,1.074,1.061,6.3,Albany
252,Western Michigan,102.8,110.4,0.306,6–6,6,12,48.1,54.5,28.8,32.7,15.9,19,33.8,29.7,69.8,50,54.3,30,36.6,6.6,8.6,45.8,59.4,37.1,38.6,68.3,77.504,80.286,1.888,"2,025",0,0,13.852,,67.7,67.8,1.042,1.089,8.144,Western Michigan
253,Northeastern,102.7,110.3,0.306,5–5,5,10,50,49.7,28.5,30.1,16.2,19.3,28.8,36.1,65.2,50.6,50.8,32.7,31.7,12.6,10.5,47.2,43,38,33.7,65.6,77.613,79.248,1.814,"2,025",0,0,0.2,,72.4,75.1,1.056,1.05,6.172,Northeastern
254,UC Davis,99.7,107.1,0.305,3–8,3,11,47.8,53,31.8,37,18.5,20.4,25.9,31.3,66.9,44.9,49.7,35.3,39.3,10,6.9,53.5,55.3,36.1,36,66.3,76.217,79.398,2.275,"2,025",0,0,6.849,,73.3,78.2,0.98,1.078,16.113,UC Davis
255,Seton Hall,94,101,0.305,1–10,1,11,42.5,56.4,26.4,39.5,18.2,24.4,26.9,38.3,64.6,43.7,56,26.3,38,13,10,51.9,62.7,28.4,42.3,65.4,78.169,80.212,1.545,"2,025",0,0,58.173,,64.4,74.2,0.876,1.108,38.977,Seton Hall
256,Charlotte,106.3,114.3,0.303,3–9,3,12,50,58,36.8,40.2,15.9,14.3,25.8,27.5,64.2,50.5,57.7,32.9,38.9,5.9,12.6,51.8,47.1,43.6,32.8,64.4,77.397,79.948,2.487,"2,025",0,0,10.18,,77,68.6,1.07,1.169,15.146,Charlotte
257,UMass Lowell,106.6,114.7,0.301,3–7,3,10,57.3,55,22.4,23.8,19.1,16.1,28.2,26.2,67.4,58.7,53.8,36.5,38,10.8,9,53.1,49.6,36.1,37.3,67.1,76.676,79.284,2.512,"2,025",0,0,0.99,,72.9,63.8,1.105,1.088,5.211,UMass Lowell
258,Quinnipiac,102.2,110,0.3,7–5,7,12,50.9,51.7,34.8,27.1,19.3,16,33.3,21.7,72.8,52.8,49.1,31.6,37.6,11.5,10.3,58.2,50.6,34.5,35.4,73.5,77.465,79.764,1.998,"2,025",0,0,8.891,,79.9,75.1,1.061,1.032,4.796,Quinnipiac
259,Ball St.,103.4,111.3,0.3,5–6,5,11,50.5,52,41,25.6,15.8,14.5,27.8,25.7,68.3,50.1,58.9,34.1,28.2,6.1,9.6,49.5,54.5,34,41.7,66.1,77.311,80.701,2.402,"2,025",0,0,6.23,,74.4,75.6,1.077,1.08,7.855,Ball St.
260,North Florida,105.5,114.1,0.289,4–6,4,10,52.7,53.1,22.3,23.8,16.1,14.8,27.6,33.6,71.9,51.2,54.2,35.9,33.7,8,14.4,60.9,50.5,56,30,72.7,76.562,78.872,1.843,"2,025",0,0,0.2,,72.9,74.7,1.081,1.131,7.99,North Florida
261,Evansville,99.3,107.4,0.289,3–7,3,10,48.2,50.9,33.9,33.3,16.8,14.7,26.1,25.2,66.7,50,46.7,30,37.2,15.4,9.4,49.2,63.3,36.2,46,67.4,78.324,81.639,1.439,"2,025",0,0,13.004,,73.3,75.7,1.003,1.08,13.3,Evansville
262,Pacific,101,109.4,0.285,2–7,2,9,48.9,52.8,36,36,20.7,14.3,26.9,25.6,68.3,50.8,56,30.2,32.1,8.5,7.7,44.8,56.1,35.6,40.5,67.1,77.683,80.257,2.117,"2,025",0,0,39.243,,75.3,81.7,0.98,1.133,25.808,Pacific
263,Bellarmine,108.4,117.5,0.284,2–7,2,9,58.4,56,24.4,41.9,15,16.5,18.1,28.3,67.9,59.5,54.7,38,38.2,6.6,7.3,49.8,60.2,41.8,48.2,67.4,76.508,78.949,1.654,"2,025",0,0,0.2,,73.8,80.2,1.126,1.161,8.986,Bellarmine
264,Austin Peay,110.4,119.7,0.283,5–6,5,11,54.2,56,24.2,36.3,12.4,13.5,28.3,28.1,66,51,52.3,39.5,41.7,8.7,11.4,51.6,51.3,38.5,36.3,65.9,76.123,78.997,1.946,"2,025",0,0,18.21,,74.7,72.6,1.167,1.172,8.419,Austin Peay
265,Maine,98.4,106.7,0.283,6–6,6,12,50.4,50.5,27.7,26.1,14.2,21.1,21.3,32.4,65.3,49.2,51.4,35.1,32.6,13.7,8.3,58.6,53.4,33.3,35.4,65.3,77.067,79.875,2.536,"2,025",0,0,0.2,,70.3,70.1,1.023,1.014,5.594,Maine
266,Hawaii,99.4,107.8,0.282,3–7,3,10,48.1,51.4,32.3,31.5,20.6,12.8,28.8,23,67.4,50.7,49.7,29.2,36.2,4.1,7.1,47.6,46.7,38.1,36.3,66.9,77.736,81.28,2.092,"2,025",0,0,0.2,,76.8,75.3,0.983,1.084,14.609,Hawaii
267,UT Arlington,105.6,114.6,0.281,3–7,3,10,52.3,50.6,39.8,26.3,19.6,14.6,31,33.6,68.4,53.8,49.2,33.6,35.6,8.4,9.6,55.6,59.2,43.4,34.7,67.4,76.672,80.661,2.495,"2,025",0,0,18.784,,57.5,75,1.023,1.116,15.075,UT Arlington
268,Northern Arizona,102.7,111.6,0.278,5–7,5,12,50.6,55.4,30.3,33.2,15.1,16.4,29.8,22.3,66.2,49,55.1,35.7,37.2,3,8.1,48.1,49.8,36.7,37.2,66.6,77.4,79.266,2.472,"2,025",0,0,7.467,,66.2,74.2,1.073,1.094,8.601,Northern Arizona
269,Fresno St.,101.4,110.4,0.273,1–10,1,11,45.9,54.7,35.6,21.3,18.6,16.6,30.1,35.8,66.5,44.9,58.6,31.9,33.4,10.7,13.4,41.1,62.9,33.1,46.1,68.4,77.393,81.112,1.449,"2,025",0,0,6.621,,70.8,73.6,0.982,1.147,23.514,Fresno St.
270,Tarleton St.,94.3,102.7,0.273,3–7,3,10,45,50.5,40.6,47.5,23.5,22.3,28.7,30.8,66.4,46.2,51.3,27.4,32.8,13.7,12.9,49.5,63.8,24.6,39.4,65.9,76.381,78.941,1.116,"2,025",0,0,0.2,,71.7,72.8,0.906,1.011,12.051,Tarleton St.
271,FIU,94.8,103.3,0.271,3–9,3,12,43.2,51.2,36.7,34,18.3,20.2,29.1,30.4,67.9,44.2,50.9,27.4,34.4,12.2,8.2,45.9,58.5,31.6,41.3,67.5,76.828,80.225,1.854,"2,025",0,0,2.264,,69.4,75,0.925,1.039,17.953,FIU
272,Loyola MD,100.7,109.9,0.268,4–7,4,11,51,52.8,27.7,28.2,17.2,17,27.4,26.5,65.8,50.1,54.8,34.8,32.7,8.1,6.6,56.2,52.1,42.5,35.4,67,77.186,79.377,1.7,"2,025",0,0,0.2,,64.4,74.6,1.03,1.061,4.94,Loyola MD
273,Wright St.,108.4,118.7,0.26,4–6,4,10,58.3,56.2,27.2,36.7,19.4,14.6,32.1,31.3,67.2,57.6,54.3,39.7,39.7,9.6,8.4,53.8,49.3,37.5,35.8,67.5,76.631,79.182,1.981,"2,025",0,0,0.223,,68.4,70.6,1.134,1.185,7.498,Wright St.
274,Longwood,103.9,113.9,0.258,2–7,2,9,52.4,59.3,45.5,34.4,19.4,19,31.3,28.1,70.9,53.3,63,33.6,36.8,6.4,8.6,49.6,52.7,30.5,48.2,69.6,75.469,78.496,1.987,"2,025",0,0,21.297,,72.2,65.9,1.077,1.134,8.817,Longwood
275,Elon,105.5,115.7,0.257,3–7,3,10,52,51.2,33.8,28.1,21.5,13.9,35.1,32.3,64.7,51.1,48.7,35.6,36.4,13.1,6.1,46.3,59.5,41.8,43.2,65.2,79.526,83.443,1.732,"2,025",0,0,6.469,,80.8,69.4,1.078,1.123,8.778,Elon
276,Oral Roberts,100.9,110.9,0.252,2–7,2,9,48.3,50.1,35.7,36.2,14.9,13.3,21.3,31.6,66.9,44.9,50.8,34.9,32.8,9.1,8.8,36,49.4,46,42.7,66.5,76.386,80.045,1.844,"2,025",0,0,31.415,,76.7,79.4,1.024,1.132,10.411,Oral Roberts
277,Eastern Illinois,91.8,101,0.25,5–4,5,9,41.9,47.8,33.2,36.1,18.5,23.4,31.7,31.8,66.5,39.7,45.3,31.6,34.2,8.4,10.2,47.9,59.1,29.5,42.4,66.3,76.369,78.674,2.304,"2,025",0,0,0.2,,76,65.1,0.939,0.947,4.564,Eastern Illinois
278,UNC Asheville,104.6,115.1,0.25,5–5,5,10,52.4,54.8,34.6,39.9,14.5,18.2,26.3,32.5,70,54,52.1,33.3,39.8,11.3,4.6,42.3,47.9,38.3,35.2,68.7,77.318,80.469,2.221,"2,025",0,0,19.242,,76.2,68.8,1.101,1.132,9.336,UNC Asheville
279,Idaho,106.1,116.9,0.247,4–7,4,11,49.9,54.6,35.3,31.5,17.4,13.2,28.4,28.7,66.6,49.1,56.3,33.9,34.7,9,8.2,44.9,51.1,48.5,40.9,67.1,76.767,79.639,1.552,"2,025",0,0,5.079,,81.1,68,1.065,1.154,9.045,Idaho
280,Texas Southern,93.9,103.5,0.246,6–6,6,12,49.5,44,24.4,35.5,20.9,20,35.6,32.2,70.1,49.5,44.7,33,28.5,8.1,9,49.7,53.1,38.8,36.2,69.3,76.558,80.742,2.716,"2,025",0,0,12.735,,68,65.3,1.02,0.922,3.25,Texas Southern
281,IU Indy,114.9,126.7,0.245,3–6,3,9,52.5,58.9,30.7,23.9,10.5,15.7,31,39.7,64.8,46.5,63.5,40.3,34.9,4.6,10.8,51.7,58.6,42.6,41.5,64.9,76.79,78.959,1.966,"2,025",0,0,0.2,,72,69.7,1.175,1.255,7.182,IU Indy
282,Lehigh,101.8,112.3,0.244,4–6,4,10,53.1,48.9,34,35.5,15,15.7,24.9,26.8,66,51.7,52,37.1,29.3,6.6,6.8,50,47.1,36.3,38.2,67.3,76.217,79.756,1.395,"2,025",0,0,0.2,,68.3,76.5,1.077,1.053,4.402,Lehigh
283,Stephen F. Austin,99.9,110.5,0.239,5–5,5,10,48.1,52.1,25.4,28.9,18,18.1,31.6,32.4,69.3,48.8,49.4,31.3,38,10,8.4,51,55.5,39.1,35.7,69.9,77.832,80.145,2.298,"2,025",0,0,0.433,,70.9,72.6,1.013,1.08,7.265,Stephen F. Austin
284,Houston Christian,98.9,109.4,0.239,2–9,2,11,49.8,50.8,24.5,30.9,17,17.8,23.9,33.8,62.7,49.1,51.6,33.8,32.7,12.2,8,49,40.8,45.2,32.7,62.9,75.838,78.051,2.239,"2,025",0,0,3.278,,58.9,70.3,0.984,1.069,8.16,Houston Christian
285,Saint Francis,101.6,112.7,0.233,8–2,8,10,54.4,49.6,25.2,25.8,18.2,17,27.8,27.4,65.6,56.8,52.2,34,30.7,6.5,7.9,49.1,44.5,40.9,42.5,66.4,76.305,78.644,1.173,"2,025",0,0,0.2,,71,77,1.071,1.032,4.46,Saint Francis
286,Delaware St.,103.6,115.2,0.228,6–4,6,10,51.8,53.9,38.8,43.8,18.3,22.3,37.8,31.9,73.2,49.3,55.5,40.7,33.8,5.4,5.4,46.8,54,21.3,34.7,72.1,76.919,80.901,2.367,"2,025",0,0,0.2,,71.1,73.6,1.11,1.066,2.944,Delaware St.
287,Mercyhurst,106.1,118,0.228,4–3,4,7,54.6,54.7,31.3,34.7,15.7,19.1,22.4,27.9,66.5,50.2,55.4,41.4,35.8,4.7,5.8,60.6,54.3,36.6,42.7,65.9,75.357,78.459,2.198,"2,025",0,0,0.2,,83.3,79.1,1.112,1.093,3.756,Mercyhurst
288,Hofstra,96.6,107.5,0.226,3–8,3,11,48.3,48.6,23.6,42.5,15.8,17.9,29.4,28,63.3,46.4,46.3,34,34.5,12.2,9,55.6,51.9,41.7,41.7,63.1,77.033,79.782,2.035,"2,025",0,0,9.532,,67.6,72.8,1.015,1.035,5.68,Hofstra
289,Fairleigh Dickinson,96.9,107.9,0.225,4–7,4,11,49.3,47.5,32.6,28,17.7,18.9,24.7,28.3,67.4,50.7,47.9,31.6,31.3,5.5,9.9,55.3,48.9,44.4,38,69.6,75.836,77.756,1.963,"2,025",0,0,0.2,,75.7,78.2,1.009,0.987,4.415,Fairleigh Dickinson
290,Western Illinois,103.6,115.4,0.224,4–5,4,9,54,48.4,30.5,30.5,19.1,13.8,26.8,32.9,68.3,48.9,46.1,41.5,34.9,10.8,7.7,44,50.4,38.4,36.6,68.1,77.018,79.619,2.578,"2,025",0,0,7.691,,70.3,71.8,1.057,1.089,5.63,Western Illinois
291,Lindenwood,96.1,107.1,0.223,6–5,6,11,44.8,48.5,36.8,36.7,16,18.3,30.5,30.3,70.1,46.9,49.8,27.2,30.6,10.8,11.1,38.7,42.7,34,32.6,70.5,76.91,79.212,1.709,"2,025",0,0,7.042,,70.5,68.7,0.988,1.014,5.311,Lindenwood
292,Little Rock,100.4,111.9,0.223,6–5,6,11,52.2,50.8,29.2,37.3,19.7,22.5,31.6,35.5,66.5,49.7,47.8,38.9,36.6,15.6,6.1,48.8,57.3,29.6,41.2,66.9,78.12,80.272,2.017,"2,025",0,0,29.074,,69.9,73.2,1.056,1.026,4.028,Little Rock
293,Old Dominion,99,110.4,0.222,5–8,5,13,43.8,51.6,30.9,31.8,16.2,17.2,36.7,32.5,65.5,43.1,52.8,30,32.8,9.9,11.5,42.5,49.9,37.9,35.2,65.9,77.974,80.08,1.502,"2,025",0,0,14.558,,77.3,70.1,1.027,1.085,8.499,Old Dominion
294,Toledo,111.2,124.2,0.219,6–7,6,13,50.4,59.7,37.1,27.3,12.4,15.4,31.6,29.7,68.6,50.8,56.2,32.9,43.6,6.4,7,44.6,44.3,26.6,37.5,67,77.018,79.296,1.626,"2,025",0,0,16.676,,78.1,76.9,1.152,1.21,8.174,Toledo
295,Florida A&M,105.7,118.1,0.218,7–6,7,13,54.5,48.8,39.4,40.2,17.7,14.7,28.3,29.7,67,55.8,50.5,35.4,30.4,7.2,8.1,52.5,39,46.7,35,65.8,77.302,80.886,2.547,"2,025",0,0,6.985,,73.4,70.2,1.101,1.072,3.069,Florida A&M
296,Louisiana,96.3,107.8,0.215,5–6,5,11,45.3,48.5,31.7,42,16.6,20,25.2,36.7,65.4,44.4,52,31.1,29,7.9,13.2,43.3,53.1,37.8,41.2,65.3,76.207,78.847,2.185,"2,025",0,0,9.287,,71.1,71.1,0.958,1.041,9.587,Louisiana
297,Saint Peter's,97.1,108.7,0.215,5–6,5,11,43.7,48.2,38.1,31.2,18.2,17,36.2,31.4,65.5,43.3,45.9,29.5,34.6,11.9,11.9,39.8,55.1,36.7,38.8,65.7,77.225,80.206,1.705,"2,025",0,0,0.2,,76.5,78.3,1.009,1.04,4.601,Saint Peter's
298,Grambling St.,95.1,106.6,0.212,6–8,6,14,46.5,45.6,35,30,17.6,19.5,28.2,31.6,64.3,46.1,42.2,31.5,34.4,10.9,7.7,47.9,48.7,35.9,36.3,62.9,77.111,80.524,2.038,"2,025",0,0,9.677,,76,74.2,0.99,0.972,3.048,Grambling St.
299,Rider,104.8,117.5,0.212,6–6,6,12,50.5,52.5,26.8,28.4,16.1,14.6,31.1,28.6,65.1,49.6,51.8,35.1,35.6,10,9.1,52.7,49.5,29.1,40.1,65.6,76.801,79.035,2.026,"2,025",0,0,11.592,,75.8,70.3,1.077,1.097,5.357,Rider
300,Utah Tech,103,115.5,0.211,1–11,1,12,50.1,52.2,31.3,46.5,19.1,15.5,26.5,29.1,68.7,47.6,50.1,36.1,38.3,11.2,8.8,47.1,52.2,38.5,29.3,67.8,75.52,78.618,2.282,"2,025",0,0,0.2,,73.8,71.7,1.013,1.108,10.519,Utah Tech
301,Air Force,97.2,109,0.211,1–10,1,11,47.1,56,30,37.4,21,14.3,21.1,28.4,65.9,47,57.2,31.5,35.9,6.8,16,65.8,48.5,49.9,36,65.6,78.103,80.552,1.633,"2,025",0,0,0.2,,65.1,69.8,0.89,1.169,26.909,Air Force
302,Alcorn St.,99.5,111.7,0.209,7–5,7,12,50.4,50.3,31.6,33.5,16.2,18.3,31.8,25.8,65.4,52,51,30.6,32.8,6.5,8.6,40,55.2,26.5,39.3,64.5,75.406,78.558,1.963,"2,025",0,0,0.308,,71.2,66.7,1.067,0.996,3.401,Alcorn St.
303,Texas A&M Commerce,98.4,110.6,0.207,3–7,3,10,49.9,50.4,27.2,34.1,19.8,20.2,25.7,41.4,65.8,48.4,49.9,34.4,34.5,11.8,13.3,71.1,56.2,47.9,28.8,66.8,76.302,79.365,1.997,"2,025",0,0,8.201,,71.1,65.6,0.991,1.071,9.613,Texas A&M Commerce
304,Boston University,100,112.5,0.205,5–5,5,10,50.9,53.9,28.8,38.5,18.9,17.4,32.7,22.3,64.5,49.9,54.2,35,35.5,9.5,9.7,46.4,50.6,37.9,40.8,65.3,77.389,80.653,1.675,"2,025",0,0,4.079,,73,74.4,1.051,1.067,4.374,Boston University
305,San Diego,102.2,115,0.205,2–8,2,10,45.4,58.6,34.6,45.5,16.5,18.3,30.8,30.6,72.5,44.6,52.8,31.3,46.8,8.8,10.3,46.8,58.7,33.6,33.4,72.2,77.986,81.943,1.78,"2,025",0,0,0.2,,77.9,73,1.019,1.168,15.609,San Diego
306,Long Beach St.,99.5,112.2,0.201,0–10,0,10,47,53.8,38.3,36.6,20.9,16.9,28.4,32.4,65.3,45.2,50.6,33.2,38.7,8.4,7.1,50.5,52.8,39,42.2,64.8,78.093,80.977,1.737,"2,025",0,0,20.12,,77.9,77.5,0.986,1.131,16.469,Long Beach St.
307,Gardner Webb,101.8,114.8,0.201,2–8,2,10,50.8,54.6,35.5,40,19.2,14.9,33.3,30.5,69.3,53.3,58.6,29.9,31.8,6,8.7,30.2,48.8,30.5,37.3,68.2,76.481,79.309,2.079,"2,025",0,0,3.382,,70.9,70.4,1.06,1.153,9.443,Gardner Webb
308,Stony Brook,104.1,117.4,0.201,3–7,3,10,50,54.2,30.9,25.3,17.3,13.5,28.1,30.1,63.2,45.7,52.9,37.6,37.2,6.2,11.7,50.6,58.3,40.1,43.6,64.4,77.208,79.534,1.999,"2,025",0,0,0.498,,72,73.1,1.052,1.151,8.501,Stony Brook
309,Western Carolina,101,114,0.199,2–8,2,10,48.9,48.2,27.5,33.3,16.1,10.4,25.8,29.8,69.8,46.8,52,34.1,28.9,10.1,9.4,53.9,53.1,46.7,44.2,70,77.329,80.825,1.878,"2,025",0,0,0.213,,73.7,75.8,1.026,1.12,10.224,Western Carolina
310,Binghamton,95.5,107.9,0.197,5–5,5,10,49.5,47.8,35.5,24.4,18.9,12.7,30.2,23.9,67.8,51.3,50.6,30.5,29.4,8.1,12.8,43.6,45.9,33.2,42.1,66.9,78.126,79.221,2.23,"2,025",0,0,2.051,,69,67.1,1.012,1.015,4.094,Binghamton
311,Weber St.,96.7,109.3,0.197,4–8,4,12,49.4,52.3,32,32.7,15.5,16.5,18.6,25.8,66,49.9,52.2,32.3,34.9,8,9.5,41,55.7,34,49,66.4,78.159,80.888,1.939,"2,025",0,0,5.722,,71,75,0.996,1.066,7.666,Weber St.
312,Mercer,95.9,108.4,0.196,3–8,3,11,46.8,50,30.2,29.4,17,14,29.9,27.4,70.7,47.1,45.8,30.8,36.1,7.2,10.6,43.9,62.3,37.3,49.9,71.1,76.363,79.408,2.334,"2,025",0,0,0.2,,62.4,75,0.979,1.087,9.849,Mercer
313,Colgate,103.8,117.5,0.194,5–6,5,11,56.1,55.2,22.1,24.1,16.3,16.3,23.2,24.9,66.5,56.5,52.9,36.9,38.9,7.2,7.8,50.5,49.7,39.3,41.8,68.1,77.151,79.648,1.803,"2,025",0,0,0.2,,77.9,69.9,1.095,1.099,3.491,Colgate
314,Tennessee Martin,100.6,113.9,0.193,5–6,5,11,48.6,51.3,33.8,31.5,20.3,19.3,36.3,31,65.2,48.4,46.4,32.5,37.5,8.4,14.1,54.8,60.3,44.7,49.7,65.5,76.897,79.418,1.607,"2,025",0,0,0.2,,67,70.5,1.035,1.053,4.193,Tennessee Martin
315,Bethune Cookman,99.7,113.1,0.19,10–3,10,13,51.3,48.5,41.5,29.8,19.8,15.3,31.6,26.3,70.1,52.6,48.9,32.5,31.8,9.1,7.9,64.2,55.2,33.9,34.7,69.4,77.225,79.481,2.427,"2,025",0,0,8.604,,67.4,73.6,1.04,1.03,2.852,Bethune Cookman
316,Tennessee Tech,98.8,112.2,0.188,4–6,4,10,50.9,51.3,30.4,20.1,17.3,15.5,23.2,26.6,68.1,49.7,51.5,34.8,33.9,6.3,9.8,59.1,42.5,48,35.3,68.2,76.074,78.589,1.982,"2,025",0,0,4.087,,68.2,72.6,1.012,1.051,4.05,Tennessee Tech
317,Eastern Washington,101,114.7,0.188,4–6,4,10,51.6,54.4,33.7,40.3,18,18.8,24.7,32.4,66.1,53,50.6,32.8,41.5,10.3,5.5,53.1,49,37.6,32.8,66.8,77.3,79.211,1.894,"2,025",0,0,7.707,,81.9,74.5,1.041,1.126,8.107,Eastern Washington
318,Illinois Chicago,96.3,109.5,0.186,3–7,3,10,45.9,51.6,34.1,28.9,16.2,16.7,25.9,30.7,67.8,46.3,50.5,30.2,35.7,10.6,12.4,57.5,60.2,37.5,35.7,68.9,76.523,79.626,2.3,"2,025",0,0,14.347,,74.1,74.7,0.978,1.083,13.318,Illinois Chicago
319,Howard,99.1,112.7,0.186,4–8,4,12,51.5,47.7,40.5,45.1,21.6,17.4,31.8,34.7,71.9,52.7,47.1,33.2,33,9.2,7.4,53.1,40.7,42.4,26.1,71.1,76.789,79.313,2.264,"2,025",0,0,12.439,,72.8,75.9,1.038,1.071,4.034,Howard
320,Navy,100.4,114.6,0.179,7–5,7,12,47.9,54.4,39.3,30.6,15.1,20,29.7,28.4,66,46.4,54.5,33.9,36.2,8.1,7.7,51.9,47.1,34.4,39.6,67.5,74.267,78.172,1.714,"2,025",0,0,0.2,,72.9,72.6,1.053,1.074,5.082,Navy
321,Penn,102.3,116.9,0.177,2–7,2,9,50.1,55,24.8,28.1,14.9,11.7,25.4,23.1,69.1,52.1,56,31.4,35.8,4.2,8.9,52.7,58.2,40.9,44.3,68.3,76.784,79.944,1.681,"2,025",0,0,0.2,,73.7,77.6,1.038,1.16,12.979,Penn
322,Coastal Carolina,102.3,117,0.176,2–8,2,10,48.9,48.4,31.1,35.3,18.6,10.1,30.7,30.7,63.4,45.5,47,36.2,33.6,5.1,10,52.4,43.4,39.2,40.1,63.5,77.758,81.793,1.745,"2,025",0,0,1.313,,69.2,72.9,1.022,1.132,8.152,Coastal Carolina
323,Green Bay,100.6,115.5,0.17,2–7,2,9,47.9,53.3,43.3,38.9,15.2,13.8,23.9,27,70.8,48.3,54.3,31.5,34.2,4.4,13.2,63.2,51.7,42.5,33.8,71.2,76.324,78.349,1.158,"2,025",0,0,0.2,,76.7,68.4,1.03,1.126,8.011,Green Bay
324,Charleston Southern,100.8,116.4,0.161,3–6,3,9,50.8,54.1,39.7,33,21.1,13.4,32.3,29.2,66.9,53.6,55.9,31.7,32.9,5.8,8.4,45.7,36.5,45.3,27.3,66.1,77.265,80.307,2.299,"2,025",0,0,1.074,,71.2,78.6,1.037,1.167,9.861,Charleston Southern
325,Morgan St.,99.2,114.6,0.16,5–6,5,11,47.6,48.1,40.2,32.6,17.6,17.6,36.1,39.1,71,48.2,45.8,30.3,35,10.7,10.7,44.9,52.1,22.8,33.4,70.1,76.165,80.187,2.444,"2,025",0,0,2.091,,75.4,70.1,1.059,1.082,4.769,Morgan St.
326,Fairfield,94.4,109.1,0.159,4–7,4,11,47.5,49.8,25,30.4,15.4,19.9,21.4,32.7,67.3,48.1,49.7,30.9,33.3,10.6,9,48.5,53.1,36.9,38.6,66.7,75.95,80.095,2.179,"2,025",0,0,10.375,,74.7,75.9,0.97,1.043,4.984,Fairfield
327,Southern Miss,95.3,110.2,0.158,2–9,2,11,47.6,50.4,34.1,35.6,17.6,16.2,23.9,30.7,70.8,51.4,51.5,27.4,32.6,9.5,7.4,58.1,53.7,36.3,39.9,72,76.695,79.335,2.498,"2,025",0,0,27.039,,70.4,67.2,0.969,1.071,7.996,Southern Miss
328,Niagara,100.8,116.6,0.158,3–7,3,10,52.3,52.2,35.2,32,18.4,15.6,23.4,26.5,66.5,50.9,52.7,36.2,34.1,5.8,9.3,50,48.3,39.5,30.5,67.3,76.714,79.273,2.125,"2,025",0,0,9.981,,75.4,78.6,1.035,1.093,5.675,Niagara
329,Marist,95.2,110.3,0.155,4–7,4,11,45.5,47.8,21.8,37.8,18.9,14.5,33.7,25.5,63.3,48.1,46.8,27.5,33.2,9.9,6.6,58.3,44.1,37.5,34.4,64.2,76.707,78.944,1.529,"2,025",0,0,0.2,,74.5,73,0.969,1.038,5.007,Marist
330,USC Upstate,99,114.9,0.153,1–8,1,9,50.9,54.8,28.6,36.1,17.9,18.7,25.1,35.7,74.4,52.1,57.1,32.7,33.7,7.8,8.4,49.6,41.5,40.4,35.2,73.9,76.472,78.994,0.981,"2,025",0,0,10.219,,65,79.6,1.007,1.151,9.358,USC Upstate
331,VMI,96.1,112,0.147,5–7,5,12,47.8,52.8,37.3,34.8,17.9,15.9,23.3,30.8,68,52,53.6,29,34.4,8.1,9.9,44.9,53.1,49.3,41,69.2,76.869,79.128,0.946,"2,025",0,0,0.2,,78.4,64,0.994,1.098,7.891,VMI
332,North Carolina Central,102.3,119.3,0.146,4–7,4,11,51.3,54.9,40.3,35.8,19.7,19.2,34.5,37.7,68.6,49.8,55.8,36.3,35.3,6.6,9.8,57.8,48.1,33.9,29.3,67.2,76.631,78.938,2.469,"2,025",0,0,0.2,,68.8,75.5,1.074,1.135,5.11,North Carolina Central
333,Wagner,92.7,108.3,0.143,3–6,3,9,45.1,48.4,31.8,37.9,20,17.7,33,24.2,59.3,44.8,47.3,30.4,33.2,5.3,10.7,53,53.6,39.2,43.7,59.5,76.736,79.657,2.354,"2,025",0,0,0.2,,72.1,74.5,0.967,1.005,3.256,Wagner
334,North Carolina A&T,92.9,108.6,0.142,3–6,3,9,45,50.9,28.4,26.3,20.3,15.2,29.8,25.3,63.4,47.4,49.3,27.3,35.3,7.2,11.8,48.2,62.3,36.5,44.3,64.4,75.738,78.459,1.238,"2,025",0,0,19.957,,69.3,68.7,0.927,1.048,8.573,North Carolina A&T
335,Holy Cross,98.9,116.4,0.133,2–8,2,10,53.1,52.8,23.7,24.8,18.9,12.5,24.6,27.4,66.2,50.1,52.5,38.2,35.5,9,7.5,47.1,51.4,41.5,32.6,66.8,77.266,78.621,1.115,"2,025",0,0,2.778,,68.4,63.8,1.035,1.097,3.955,Holy Cross
336,West Georgia,97.5,115.2,0.128,2–7,2,9,47.5,55.8,30.1,31.9,14.8,13.3,24.5,26,68.3,49.3,55.9,28.8,37,9,6.8,54.6,54.5,29.7,41.3,68.6,76.304,78.671,2.138,"2,025",0,0,0.2,,72.2,74,0.997,1.165,9.516,West Georgia
337,New Hampshire,96.9,114.5,0.128,4–5,4,9,48.6,55.2,25,31.4,17,20.1,27.8,32.5,68.1,49.8,55.6,31.3,36.5,6.9,13.1,42.9,51.4,41.7,40,68.4,77.27,80.296,1.426,"2,025",0,0,6.446,,64.2,69.8,0.993,1.095,6.309,New Hampshire
338,Northern Illinois,95.4,113.5,0.119,1–10,1,11,50,51.2,28.3,50.2,16.2,14.5,17.3,27.3,69.4,49.7,47.9,33.5,38,10.1,10.8,49.4,53.8,51.4,36.6,68.3,76.483,78.683,1.575,"2,025",0,0,12.195,,72.8,71.7,0.995,1.099,8.22,Northern Illinois
339,Sacramento St.,97.8,116.4,0.119,1–10,1,11,50.8,58.6,27.2,36.3,19.5,15.3,25.9,24,65.8,51.7,59.2,33.1,38.6,7.8,12.1,53.4,57.8,42.2,43,66.3,76.901,80.351,1.424,"2,025",0,0,0.2,,67.7,72.6,1,1.16,8.789,Sacramento St.
340,UMBC,102.4,122.3,0.115,2–8,2,10,55.5,57.1,26.7,28.4,15.6,17,17.4,33.2,70.5,52.3,56.6,40.2,38.7,4.7,8.1,48.7,52.6,40.3,36.8,70,76.411,78.603,2.324,"2,025",0,0,0.2,,65.8,71.8,1.058,1.169,6.449,UMBC
341,Army,97.7,116.9,0.113,4–6,4,10,46.5,55.4,28.2,31.1,14.3,17,26.3,32.7,66.6,51.4,56,26.1,36.4,6.6,8,44.6,53,40,43.6,67.7,74.893,77.964,1.943,"2,025",0,0,0.2,,73.5,64.1,1.004,1.133,5.363,Army
342,Stonehill,99.7,119.3,0.113,3–6,3,9,50,52.5,31.1,27.3,20,14.8,31.8,28,64.5,48.5,50.3,34.6,38.9,6,10.9,59,42.7,43.2,28.1,65.6,77.101,79.514,1.609,"2,025",0,0,0.2,,74.7,74.3,1.023,1.106,4.532,Stonehill
343,Southern Utah,91.9,110.6,0.106,3–7,3,10,42.9,51.1,38.2,38.4,22.1,15.9,32,27.6,70,42.5,50.6,29.4,35.1,9.4,9,46.1,47.8,28.6,26.5,69.8,77.118,80.401,2.473,"2,025",0,0,6.92,,72.4,67.3,0.909,1.063,9.344,Southern Utah
344,Detroit Mercy,98,118.3,0.103,1–8,1,9,48.9,54.3,29,46.2,20.3,13.8,32.9,26.7,68,49,52.3,32.4,37.8,7.9,6.7,46.1,61,32.3,44.6,68.3,77.58,80.25,1.021,"2,025",0,0,5.249,,73.2,76.4,1.009,1.167,7.985,Detroit Mercy
345,Le Moyne,105.4,127.3,0.102,2–8,2,10,55.3,57.8,37.3,33.4,20.3,18.1,26,30,66.3,56.1,55.3,36.1,40.7,4.8,8.3,50.6,57.4,43,44.2,68.7,76.773,79.636,1.911,"2,025",0,0,8.778,,72.6,81.7,1.072,1.173,4.711,Le Moyne
346,Buffalo,95.2,115.1,0.101,2–9,2,11,48.6,53.9,34.9,32.5,19.5,16.1,28.5,31.2,70.8,51.9,52.7,29.3,37.6,7.4,7.6,49.6,52.5,41.8,31.5,69.7,77.14,80.012,1.121,"2,025",0,0,8.737,,73.9,75.1,1.005,1.133,7.011,Buffalo
347,Columbia,99.4,120.2,0.101,1–8,1,9,46.7,60.7,27.5,25.5,12.4,14.6,22.9,20.2,72.9,51.2,61.3,25.7,39.9,5.5,12.5,59.6,62.6,35.5,40.6,72.3,76.825,79.387,1.803,"2,025",0,0,8.93,,70,75.7,0.999,1.179,12.403,Columbia
348,Morehead St.,95.4,116.1,0.095,1–8,1,9,43.5,52.7,35.5,39.6,18.4,15.6,30.5,24.6,64,42.9,50.3,29.7,38.8,3.4,12.5,47.8,48.2,37.5,29.9,63.7,77.427,80.198,2.291,"2,025",0,0,5.462,,70.3,77.2,0.943,1.098,4.219,Morehead St.
349,New Orleans,100.4,122.2,0.095,0–10,0,10,46.7,55.4,31.4,25.1,19.2,13.9,36.9,30.8,67.3,48.4,53.9,27.9,38.1,9,8.3,45.3,58.8,25.8,47,67.9,75.274,79.147,1.417,"2,025",0,0,6.865,,69.1,70.7,1.01,1.18,8.756,New Orleans
350,Southern Indiana,96.2,117.6,0.09,1–8,1,9,46.3,52,26,30.7,16.9,16.1,26.3,32.8,67.9,43.4,50.7,34.4,36.4,6.9,7.5,44.4,44.6,35.7,33.6,67.8,76.355,79.438,1.89,"2,025",0,0,0.2,,75,67.9,0.972,1.101,4.156,Southern Indiana
351,NJIT,99,121.5,0.087,1–8,1,9,47.8,53.5,25.5,39.2,16.7,13.4,27.6,31.2,69.4,45,56.1,34.5,32.7,6.4,11.5,38.3,51.2,40.6,37.1,68.9,76.236,79.09,0.947,"2,025",0,0,0.2,,73.2,72.8,1.004,1.164,5.694,NJIT
352,Central Arkansas,98.6,122,0.08,3–8,3,11,50.7,60.1,33.4,19.2,19.8,14,26.9,27,66.3,55.3,57.2,30.2,41.7,8.8,11.9,55,63.8,46.6,54.2,66,76.946,80.562,0.82,"2,025",0,0,0.2,,74.4,71.1,1.019,1.212,11.783,Central Arkansas
353,The Citadel,96,119,0.078,0–10,0,10,45.7,56.9,35,30.3,17,16.2,27.8,31.6,64.7,49.5,61.8,27,33.7,4.7,11,48,54.8,42.8,43.8,64.6,76.981,78.922,1.756,"2,025",0,0,0.2,,63.9,70.9,0.963,1.174,7.845,The Citadel
354,Canisius,97.4,121,0.076,1–9,1,10,52.4,56.3,25.7,33.4,19.8,18.2,16.9,33,67.7,50.6,59.7,36.6,34.1,6.8,11.1,44.1,57,40.8,39.6,68.6,76.7,79.307,1.676,"2,025",0,0,4.438,,75.7,80.9,0.972,1.161,6.017,Canisius
355,Stetson,97,120.9,0.074,1–9,1,10,49.7,54.2,29,25.5,16.5,12,22,31.7,66.6,50.8,55.9,31.8,34.7,8.9,7.6,43.2,56.4,35.4,43.7,66.8,77.632,80.833,1.891,"2,025",0,0,16.987,,73.8,76.6,1.001,1.192,8.46,Stetson
356,Louisiana Monroe,97.2,122.7,0.064,1–8,1,9,45.5,56.6,34.3,22.4,16.4,12.7,27.2,35.2,67.5,42.1,58.2,35.8,36.4,7.3,8.4,50.2,61.7,29.1,46,67.2,78.118,81.497,2.461,"2,025",0,0,0.2,,73.6,72.5,0.98,1.23,11.653,Louisiana Monroe
357,Coppin St.,88.2,111.5,0.063,3–7,3,10,48,51.9,34.9,33.8,21.7,21.3,26.3,33.6,69.2,47.8,49.9,32.2,37.7,7.8,10.5,53.4,57,33.6,30.5,67.9,76.804,79.614,1.919,"2,025",0,0,0.2,,70.5,72.7,0.938,1.053,4.137,Coppin St.
358,Maryland Eastern Shore,93.4,118.4,0.061,2–9,2,11,48,54.6,34.9,46,19.9,17.5,29.9,28.7,65.9,45.1,55.1,35.1,35.6,6.4,9.2,53.6,57.9,38.4,31.2,64.5,76.754,79.764,1.836,"2,025",0,0,4.489,,68.1,70.1,0.994,1.107,3.197,Maryland Eastern Shore
359,Alabama A&M,93.1,118.2,0.06,3–9,3,12,46.3,55.9,40.6,49.1,20.9,20.9,30.6,30.3,69.4,45.3,54.1,31.7,39.4,11,8.6,51.9,57.1,42.5,37.1,69.6,76.832,80.365,1.912,"2,025",0,0,0.2,,66.1,68.6,0.956,1.088,3.654,Alabama A&M
360,Chicago St.,96.6,124.4,0.052,2–8,2,10,47.6,57.8,25,28.9,15.2,18.8,21.8,32.8,66.1,46.5,55.1,32.8,41.4,9.7,7.1,48.1,53,42.1,37.9,67.6,77.064,78.462,1.665,"2,025",0,0,6.202,,78.2,76.2,0.996,1.152,3.312,Chicago St.
361,Prairie View A&M,92.7,120.5,0.047,1–10,1,11,46.1,55.1,30,32.4,16.4,18.4,26.7,36.8,67.8,47.2,53.8,29.3,38.7,9.7,9.9,49.2,50.8,35.2,29.5,67.3,74.775,78.962,2.209,"2,025",0,0,1.313,,63,66.2,0.953,1.111,3.838,Prairie View A&M
362,Arkansas Pine Bluff,92.3,120.6,0.044,3–8,3,11,49.5,51.6,35.4,36.3,18.2,18.7,26.3,31.8,70,50.7,51.4,31.5,34.7,6.8,8.9,59.9,53.2,34.6,42.5,69.5,77.108,80.38,1.633,"2,025",0,0,0.2,,56.3,67.5,0.978,1.058,2.709,Arkansas Pine Bluff
363,Cal St. Fullerton,84.3,113.6,0.031,0–10,0,10,41.9,56.2,33.6,22.8,23.3,12.8,24,26.7,71.7,43.1,54.9,26.5,38.5,7.9,10.9,43.1,58.4,36.4,45.7,70.2,77.075,80.381,1.612,"2,025",0,0,3.335,,68.6,73.2,0.82,1.177,15.908,Cal St. Fullerton
364,Mississippi Valley St.,82.5,126.3,0.007,1–9,1,10,45.5,54.4,36.6,38.3,22.1,13.8,20.2,34.6,66.5,42.9,54.8,33.9,35.6,4.7,9.4,46.2,45.1,33.4,30.8,65,76.097,79.434,2.353,"2,025",0,0,0.2,,64.1,63.8,0.852,1.172,2.906,Mississippi Valley St.